frame_id,norm_nose_x,norm_nose_y,norm_neck_x,norm_neck_y,norm_left_shoulder_x,norm_left_shoulder_y,norm_right_shoulder_x,norm_right_shoulder_y,norm_left_elbow_x,norm_left_elbow_y,norm_right_elbow_x,norm_right_elbow_y,norm_left_wrist_x,norm_left_wrist_y,norm_right_wrist_x,norm_right_wrist_y,d1,d2,d3,d4,d5,phi1,phi2,phi3,phi4,phi5,label
0,0.2880203125,0.45186388888888884,0.2917484375,0.6007388888888888,0.42301328125,0.5937375,0.16048359375000001,0.6077402777777777,0.4626359375,0.9162791666666666,0.10086015625,0.8909930555555555,0.44983515625,1.0955083333333333,0.11088828125000001,1.1337791666666668,107.29616994096294,168.09460444047573,237.70356957563766,168.0946044404757,217.75393564296377,2.549072138848307,110.51656466461661,170.4850905940299,102.31946961750943,172.76380622953988,Asking
1,0.29480859375,0.4126027777777778,0.30331562500000003,0.6059597222222222,0.43801328125000005,0.6019722222222222,0.16861874999999998,0.6099458333333333,0.47259921875,0.9061416666666667,0.10906562500000001,0.9121236111111112,0.47532421874999997,0.9993097222222223,0.11478671874999999,1.0783291666666668,139.6421978128388,172.43690211204796,223.43166495373927,172.4358856038963,230.53533917384559,4.472342590053188,109.3086249968825,168.4521152126713,101.4280160880779,177.02348111880758,Asking
2,0.29506328125,0.40023749999999997,0.29975390625,0.5918027777777778,0.43389296875000005,0.5851277777777777,0.16561484375,0.5984777777777778,0.46847265625,0.9069708333333334,0.10232734375000001,0.9254805555555555,0.47302421875,1.1271041666666666,0.11412343750000001,1.1609791666666667,138.05761603403127,171.76524922113904,235.9163563066368,171.76524922113902,248.98841625264416,2.4925273829531585,108.98668820200719,170.75683595212828,100.8137676188969,177.8948680557813,Asking
3,0.29455546875,0.39456111111111114,0.302746875,0.5862208333333333,0.43719765625000007,0.5725722222222223,0.16829687499999998,0.5998694444444445,0.47129609375000003,0.8778027777777778,0.11126015625,0.9329430555555557,0.47577109375,1.079611111111111,0.12347578125,1.1604486111111112,138.3927572165538,172.3773399783162,224.05818010507897,172.37634160464137,250.6796701330206,4.34504277141524,106.93198131407495,171.9100467620074,101.23290130285588,177.74249235226813,Asking
4,0.290225,0.3859694444444445,0.30820078125,0.5802833333333333,0.44210000000000005,0.5713625,0.17430234375,0.5892041666666666,0.48609921875,0.8739069444444444,0.11885078125,0.9341916666666668,0.50818828125,1.0052,0.11858906250000001,1.1368500000000001,141.78541150978822,171.511311026416,224.99468879286903,171.51031172789584,258.33305124393206,9.339286396401866,105.94734567682323,169.74844649037345,104.49600955149063,163.3481994807482,Asking
5,0.29629062500000003,0.3868097222222222,0.3006125,0.5774277777777778,0.42896484375000005,0.5655888888888889,0.1722609375,0.5892652777777778,0.48862890625000005,0.8306027777777778,0.11839296875000001,0.9224388888888888,0.50400546875,0.8422013888888888,0.1232328125,1.126652777777778,137.3564452401124,164.51197906839496,205.52574777871507,164.51092860050363,249.59778369608966,2.3081989511292873,106.03642724172178,170.78718741886667,111.81331601703815,112.99133332080619,Asking
6,0.29485625,0.38783888888888896,0.30311953125,0.5867069444444444,0.43493828125,0.577225,0.17130078124999998,0.5961902777777778,0.47569140625,0.8938777777777778,0.11506875000000001,0.921163888888889,0.482621875,1.0614347222222222,0.12322890625,1.1557722222222222,143.575127212202,168.86605909122179,233.88142935256747,168.86609952266915,244.80154593057622,4.224735621350758,107.09889165383849,171.31670460812205,102.8874201363645,175.7944832247662,Asking
7,0.30169375,0.3838527777777778,0.30260390625,0.5864111111111111,0.43368515625,0.5772569444444444,0.17152343750000001,0.5955652777777778,0.4704265625,0.8962763888888888,0.115009375,0.9174041666666666,0.48407734375,1.1091083333333334,0.11706953125,1.1556527777777779,145.84665299210673,167.91340606693672,234.4590806025648,167.91240683761282,242.75254565091583,0.4576744931525631,107.33695955715473,170.19373862350233,101.57117663213569,173.49497233050383,Asking
8,0.298203125,0.37875555555555557,0.3039640625,0.5804777777777778,0.43264921875000006,0.5714708333333334,0.175278125,0.5894861111111112,0.50738828125,0.8085611111111111,0.11440625,0.9395680555555556,0.5078265625,0.6925888888888889,0.11247109375,1.1374458333333333,145.42707270656314,164.84460959946495,195.68387920572297,164.84564816821828,263.8269177642797,2.906476260602799,107.17732584178962,168.48260283768147,119.26701563773504,0.3849395052181392,Asking
9,0.30238125,0.3744166666666666,0.30091718749999996,0.5736638888888889,0.42913671875,0.5666444444444444,0.172696875,0.5806833333333333,0.4735953125,0.8707069444444444,0.111853125,0.9084791666666667,0.46875859374999995,1.0704166666666668,0.11322109375,1.1305875,143.47023956207784,164.19879889024764,226.20027027835314,164.1997984164414,248.5305425274729,0.7484154524199751,108.26195075110155,169.11608852101807,104.57090672384399,177.5346216062193,Asking
10,0.3149171875,0.3567138888888889,0.30585859375,0.5672722222222222,0.43223828124999997,0.5605680555555556,0.17947890625000001,0.5739777777777778,0.5444546875,0.76335,0.120340625,0.9045861111111111,0.49346171875,0.5579083333333333,0.11340703125,1.1377972222222223,152.04476455636345,161.83800136247353,204.81324121745646,161.83803119168252,249.78415732988353,4.373647389169616,107.64086423984766,168.2318350645668,134.53197486824126,23.810177565266397,Asking
11,0.31673046875,0.3607472222222222,0.31037499999999996,0.5634166666666667,0.43916484375,0.5572208333333334,0.18158515625,0.5696125,0.53354140625,0.8008263888888889,0.11661796875,0.8879597222222222,0.51903671875,0.8320152777777778,0.117840625,1.1147722222222223,146.14858298663046,164.9113480691975,212.97154744237554,164.91134806919743,243.8287863727333,3.1908772649549944,109.94090674812779,168.25702927369898,124.55668561716853,140.41699824728784,Asking
12,0.31596796875,0.3472236111111111,0.3137234375,0.5414652777777778,0.43851328125,0.5338652777777777,0.18893359375000002,0.5490652777777778,0.49461484375,0.8175777777777777,0.13039140625,0.8728486111111111,0.493178125,1.0184916666666666,0.13070703125,1.052101388888889,139.88350669396306,159.82470129801592,216.52744544052604,159.82470129801584,244.87119824920202,1.1768531802651168,107.81917531871659,168.3720884219484,109.36858212198302,179.27165270622385,Asking
13,0.31932499999999997,0.36064722222222223,0.317121875,0.5544361111111111,0.43361875000000005,0.5515625,0.200625,0.5573097222222222,0.52084296875,0.7124555555555555,0.11548046875,0.7896388888888889,0.48601640625,0.5650694444444445,0.1172296875,0.8219875,139.55649459627455,149.1303531042558,160.88708232173263,149.13035310425573,199.6480026296281,1.1578471951938965,123.08521360865477,150.74478370838696,133.9433125288973,22.78627927609576,Asking
14,0.31685390625,0.3547736111111111,0.32114375,0.5574125,0.44139453125,0.5476472222222222,0.20089296874999998,0.5671777777777778,0.4660390625,0.8522930555555555,0.136165625,0.8632777777777777,0.40532109375,0.9614222222222223,0.14087734375,0.6936125,146.0032913361887,154.08150181640883,221.60170588242318,154.0815018164089,228.7249812875716,2.15533043751239,111.23719783843136,139.83999086211642,98.18385278248614,135.31306854313533,Asking
15,0.3309796875,0.3589222222222222,0.3191921875,0.5642125,0.44259062499999996,0.566125,0.19579375000000002,0.5623013888888889,0.570834375,0.7822263888888888,0.0609234375,0.8909458333333333,0.5089734375,0.5194180555555555,0.102715625,0.60225,148.57707839703946,157.95600219364883,226.17484553548388,157.95599347919656,292.9051302589287,5.8284324646197545,126.11340466057224,103.57273787418904,136.53333906265345,22.707401548982034,Asking
16,0.32696484375,0.35591111111111107,0.318684375,0.5662597222222222,0.43973515625,0.5698541666666667,0.19763359375,0.5626652777777779,0.52640234375,0.7716347222222222,0.06194921875,0.8545833333333333,0.534990625,0.5655597222222222,0.10410234375,0.6010624999999999,151.82142207870405,154.96661178782995,182.7928113466172,154.96661178782995,272.65253664141835,4.003205417754513,129.56747974234142,103.00293522787402,127.36452247506323,4.237290915949326,Asking
17,0.32237109375,0.3431875,0.31332890625,0.5627,0.44124609374999996,0.5669041666666667,0.18541171875,0.5584958333333334,0.53417890625,0.8879125,0.074796875,0.8907291666666667,0.526775,1.0004180555555555,0.15636171875,0.6440527777777778,158.4722179973512,163.76197814205835,259.94092019533986,163.76197814205835,277.97004484836134,4.188319714099406,120.62125168715824,148.8837034447418,117.2335961361992,173.3270601026514,Asking
18,0.31994687499999996,0.3422652777777778,0.321365625,0.5533208333333334,0.44084843749999997,0.5482027777777778,0.20188203124999998,0.5584402777777778,0.53984765625,0.8107416666666667,0.09932421875,0.8293250000000001,0.54124453125,0.8559458333333333,0.1420234375,0.7193416666666668,151.97085067867457,152.98238810072218,227.57260323905427,152.98341190142156,235.1006049439261,0.6846813817392101,123.94340428307221,146.5205638925038,123.83677677895683,176.8555632803096,Asking
19,0.3230953125,0.3442777777777778,0.31778671875,0.5628791666666667,0.43351015625,0.5647541666666667,0.20206249999999998,0.5610055555555555,0.48637031249999996,0.8295194444444445,0.10243671875,0.8430763888888889,0.49932890625,0.7499847222222222,0.16434453124999998,0.5774638888888889,157.53960922256982,148.13215172946084,202.28244877398535,148.133142577885,239.80733875759518,2.472049026941942,122.12474433582314,103.79053109881522,109.54139095771234,16.153837356973256,Asking
20,0.32352109375000004,0.3443763888888889,0.31223203125,0.5653916666666666,0.43247578124999997,0.561725,0.1919890625,0.5690583333333333,0.47463046875000003,0.8624944444444445,0.12949140625,0.8803597222222223,0.49435234375,1.0304861111111112,0.13166875,1.1056347222222223,159.78572420901688,153.93463984431833,223.17504493110334,153.93363999139368,237.9851146143389,5.188552887031279,109.64205040820487,168.6981960634778,103.99128724842984,168.21116936079972,Asking
21,0.32058125,0.34602361111111113,0.31839062500000004,0.5527763888888889,0.43404609375,0.5511986111111111,0.20273593750000002,0.5543541666666667,0.54368984375,0.7268791666666666,0.12215234374999999,0.86485,0.5080671875,0.5070458333333333,0.17587265624999998,0.6781194444444444,148.8884060630646,148.04335857106182,188.93427014705404,148.04235860050326,246.20527179164952,1.0791093037946256,114.7681352867901,158.90004095463436,137.97212359054288,16.070531961806026,Asking
22,0.32206328125,0.3461,0.3167375,0.5548486111111111,0.4357390625,0.5458847222222222,0.19773593750000001,0.563813888888889,0.5584140625,0.6820430555555556,0.120209375,0.8807569444444444,0.5624421875000001,0.4901555555555555,0.15468046875000002,0.7725541666666668,150.45351737330702,152.45866915331513,185.11402359626894,152.45871148937337,248.84165719790565,2.5969422482589715,113.50216449733357,159.86249801159101,148.0224385248724,2.137247722574132,Asking
23,0.320353125,0.34504583333333333,0.31368125,0.5494527777777778,0.4337484375,0.5368972222222221,0.1936140625,0.5620097222222222,0.546153125,0.6809444444444444,0.13220703125,0.8895236111111111,0.5633359375,0.5063666666666666,0.16729531250000002,0.8351708333333333,147.4205668453354,153.95164239461687,177.362545877082,153.95170111759077,248.56482715983773,3.3209751709761166,108.43443857528982,170.2803133980119,144.21417108180663,9.92500710883991,Asking
24,0.31784765625,0.34395416666666667,0.3107640625,0.5491847222222223,0.4290796875,0.5429652777777778,0.19244921875,0.5554041666666667,0.55969765625,0.6188958333333333,0.13907578125,0.8794861111111112,0.5758375,0.3843986111111111,0.12986171875000002,1.068925,148.04391660922784,151.510189822335,175.90235751973313,151.50919025920507,243.13460890009057,3.5112969722867495,106.31920319461861,167.774470281108,161.8927063346771,6.976028597858515,Asking
25,0.31701953125000004,0.3496222222222222,0.30437578125,0.5564833333333333,0.42009609374999995,0.5453097222222222,0.1886546875,0.5676583333333334,0.570571875,0.6221319444444444,0.14272421875000002,0.8887888888888889,0.59263671875,0.34494305555555554,0.12796015624999998,1.1137708333333334,149.81670619794042,148.34031451025032,200.39372301796286,148.3413672749446,238.57136348899883,6.201497311405413,104.26632307227928,168.82340364941362,163.97739220101053,8.05472776005076,Asking
26,0.3137828125,0.35735555555555554,0.308075,0.5442111111111111,0.4253875,0.5328833333333333,0.1907625,0.5555388888888889,0.5582171875,0.6273708333333333,0.14303984375,0.8661138888888888,0.57736328125,0.5015180555555556,0.130246875,1.0825458333333333,134.7342307359195,150.38133506522672,183.1275442007565,150.3813350652268,231.80724367672374,3.1084036826025243,105.27881301640964,168.46215473264976,158.1921415052611,15.133865056229173,Asking
27,0.31339296875,0.3562208333333333,0.30868281249999996,0.5409861111111111,0.42193437500000003,0.5263819444444444,0.19543046875,0.5555902777777777,0.52976015625,0.6562472222222222,0.14123828125,0.8598222222222223,0.5070671875,0.5232902777777778,0.13696250000000001,0.9512347222222223,133.16754785607492,145.34285902307002,166.70783814206212,145.3438564026701,229.76777442670243,2.5948842413186,107.57152424248274,165.27999268709604,145.8833608244444,16.87934366097946,Asking
28,0.31376875000000004,0.35849861111111114,0.30620859375,0.5434277777777777,0.41919921875000005,0.5282513888888889,0.19321875,0.5586041666666667,0.56755390625,0.6251486111111112,0.14653984375,0.8719166666666667,0.5357578125,0.3541263888888889,0.1311203125,1.0485319444444445,133.50018925080212,145.0401934396118,202.30429059216712,145.03919628155694,233.36352591182708,4.156832724449406,104.83486390363727,167.30142135327267,159.82694854742104,11.781139202167708,Asking
29,0.31278671875,0.35449722222222224,0.30881328125,0.5613402777777778,0.42815156249999997,0.5529847222222222,0.18947578125,0.5696944444444445,0.5713375,0.6106791666666667,0.14615625000000002,0.8910319444444444,0.57584140625,0.33089305555555554,0.12909453125,1.1041555555555556,149.013820583864,152.87142069399366,187.9265731183326,152.87038211831617,237.91475231687505,1.9559457042970403,103.47743952904769,168.64346018509093,167.2296534231479,1.6392484290422968,Asking
30,0.30899296875000004,0.3545166666666667,0.30709296875000003,0.5482166666666667,0.41942031249999995,0.539925,0.19476640625,0.5565083333333333,0.5870359374999999,0.6142222222222222,0.13682890625,0.8318152777777779,0.5451890625,0.3181625,0.12471484375,0.8842875,139.48520322958993,143.90288996750547,221.11637736721357,143.9018908284391,211.63948223571145,0.9990335428666675,110.51222377052571,159.19625968104148,165.99970441498627,14.105348688581431,Asking
31,0.31353671875,0.3591402777777778,0.3053765625,0.5457902777777778,0.42133046875,0.5338847222222222,0.18942187500000002,0.5576958333333333,0.53614765625,0.6696958333333333,0.14034921875,0.8731041666666667,0.51968515625,0.5711625,0.13706093749999998,1.0660569444444445,134.793295712361,148.66833026909262,176.52398084113105,148.6693286054659,235.620792386835,4.444248847513433,105.46116288802348,169.62351084469012,146.36214507126613,16.542630702285454,Asking
32,0.30994062499999997,0.3521763888888889,0.30237109375000004,0.5530208333333333,0.41538281250000003,0.5404805555555556,0.18936015625,0.5655611111111111,0.57867734375,0.6292041666666667,0.13425625000000002,0.8692680555555556,0.5472390625,0.3290027777777778,0.12756640625,1.0095486111111112,144.93222686828489,144.93650977583255,218.56094905083106,144.93551171814315,229.76299887057536,3.8331926322066012,107.87741809410957,166.10246152062155,163.00549269791716,10.546351537908816,Asking
33,0.31063828125000004,0.36162083333333334,0.29726875,0.5527736111111111,0.41283125,0.53615,0.18170625,0.5693972222222222,0.56079140625,0.6605027777777778,0.051068749999999996,0.862163888888889,0.6003265625,0.44692638888888886,0.06633046875000001,0.5881763888888889,138.68983981892833,148.40344794175095,209.48634914237255,148.403447941751,269.0621822553293,7.087815062422078,128.4240847014428,95.23115669742658,154.69747044877636,18.215584497460615,Asking
34,0.29601171875,0.361675,0.30328828125,0.5512388888888888,0.41962734375000005,0.5407361111111111,0.18694921874999998,0.5617416666666667,0.5733640624999999,0.6348263888888889,0.068590625,0.7463111111111111,0.613728125,0.40063194444444444,0.0861046875,0.5080152777777778,136.80343121427913,149.1058792938763,208.11759683890253,149.10587929387628,201.52344553674146,3.9038935071289296,138.7438132379982,73.31757561523018,161.00333730972244,17.035322875149717,Asking
35,0.29563984374999996,0.36254166666666665,0.29593828125,0.5548124999999999,0.41375703125,0.5531583333333333,0.1781203125,0.5564666666666667,0.5018046875,0.7526305555555556,0.046246875,0.7793916666666667,0.5397890624999999,0.5984388888888889,0.10671328124999999,0.43036388888888893,138.4355270477922,150.8127028635188,182.5601813129029,150.81170289470242,232.92690020691043,0.15810259126989795,136.44242471998788,45.19088564170362,128.1218661279317,23.650870806813565,Asking
36,0.29496796875000003,0.3566791666666667,0.29401171875,0.5542194444444445,0.41270937500000004,0.5541777777777778,0.17531328125,0.5542611111111111,0.46114453125,0.8802208333333333,0.05125546875,0.7053888888888888,0.47981562499999997,1.0201458333333333,0.10040859375,0.4145625,142.23426667649395,151.93300296183187,242.79962934485712,151.9340029618123,192.4982747455156,0.4930661321738714,145.57949845346312,43.62809859291431,104.79386511868674,166.65495048985855,Asking
37,0.2977671875,0.35780833333333334,0.29585390624999997,0.5526319444444444,0.4156765625,0.5534902777777777,0.17603125,0.5517736111111111,0.468509375,0.8839861111111111,0.0477015625,0.7096763888888888,0.48824453125,1.085601388888889,0.10085078125,0.3989958333333333,140.29437668702187,153.37424507719675,247.3798894918502,153.37424507719672,199.7684177841933,1.0002146522578519,145.31188460266367,41.18031956377674,105.86484244991698,170.12834653692474,Asking
38,0.30344609375,0.35889027777777777,0.30157265624999996,0.5579430555555556,0.42068359375000003,0.5584430555555555,0.18246171875,0.5574416666666667,0.47808593750000006,0.7995083333333333,0.055342187499999994,0.6736944444444445,0.48249921875,0.7334055555555555,0.09939140625000001,0.34301944444444443,143.33806029104758,152.46242502334803,188.47832531620176,152.46242738786498,182.97963048656536,0.9585848230630368,152.7780328347338,34.55662923301424,112.94408513918033,6.768850889453746,Asking
39,0.29696015625,0.351425,0.303440625,0.5536222222222222,0.42103046875,0.5569680555555555,0.18585156249999998,0.5502763888888889,0.47215703124999997,0.8520333333333334,0.0537890625,0.7000791666666667,0.4833234375,0.9516249999999999,0.10461640624999999,0.33587500000000003,145.81812558457884,150.53427684750073,222.2979603437693,150.5332769755578,200.5190010048923,3.2610842583311834,147.45959993675794,33.96370790744177,107.12088273812431,168.72710462116797,Asking
40,0.30719609375,0.34636666666666666,0.3051375,0.5601916666666666,0.42546249999999997,0.5693152777777778,0.18481328125000002,0.5510680555555556,0.46913046875,0.8824930555555556,0.0464484375,0.6885,0.4758,1.0043111111111112,0.1145,0.3180472222222222,153.97654802274278,154.15602491307303,232.31248173311738,154.15502582141139,202.87481324698737,0.9805502906199686,150.80758244733514,28.21082997528102,103.92211229382526,174.44072848739154,Asking
41,0.309228125,0.3439291666666667,0.3088578125,0.5564986111111111,0.42960000000000004,0.5631680555555556,0.18811484375,0.5498291666666667,0.49444999999999995,0.8688722222222222,0.05014921875,0.6968361111111111,0.5079171875,1.029651388888889,0.1122703125,0.31167361111111114,153.05073399366628,154.6245831166571,235.23906884911779,154.62558263431058,205.88664658253094,0.17744601541939267,149.06311320424888,29.516908032537764,110.66274703998708,171.53030799707338,Asking
42,0.30876875,0.34913333333333335,0.30763281249999996,0.5499138888888889,0.42514609375,0.5563,0.1901203125,0.5435291666666667,0.5023890625,0.8362263888888889,0.050165625000000005,0.6184861111111111,0.52647421875,1.0002402777777777,0.11582656250000001,0.29017499999999996,144.56931195796707,150.4872602348784,224.49202179587581,150.48623015080148,187.09492009405278,0.5762596972865096,163.23434722983686,27.533787053203344,116.13074546732715,165.36871773232426,Asking
43,0.31222812499999997,0.346375,0.30723203125,0.5484722222222221,0.42404453125,0.5554277777777779,0.1904203125,0.5415152777777779,0.498853125,0.8107305555555555,0.05073046875,0.6169208333333334,0.51630390625,0.8284527777777778,0.11420937499999999,0.28245833333333337,145.65045871881077,149.60384508427586,207.26330391316256,149.60287912336446,186.86394535329708,2.516465383090521,163.10953618118336,27.609450678635493,117.51603784760509,119.73714605320131,Asking
44,0.3058796875,0.345225,0.30761796874999997,0.5626680555555555,0.42971328125,0.5751083333333333,0.18552265625,0.5502291666666667,0.4831875,0.892251388888889,0.04420546875,0.6244875,0.5040296875,1.0518027777777779,0.112378125,0.2762027777777778,156.57480993442078,156.53846611296538,238.38103418267156,156.53840889698603,188.62226313985312,0.8142267613557125,163.53345718193052,25.385909676253423,106.68637509488472,166.92589050172862,Asking
45,0.3147578125,0.3469569444444444,0.30855234375,0.5457319444444445,0.4297734375,0.5526972222222223,0.18733046874999998,0.5387666666666666,0.4825203125,0.8094027777777778,0.04283046875,0.5925305555555556,0.48464453125,0.7460319444444445,0.10618593750000001,0.23670416666666666,143.3382474184752,155.24402337610297,196.77347341549873,155.24502285419655,188.9673667594487,3.1766372489977766,168.1792708482964,25.527889004847566,110.06679235396997,3.410331736245738,Asking
46,0.310596875,0.34631527777777776,0.30914687500000004,0.5480722222222223,0.4320046875,0.5516888888888889,0.18628828125000002,0.5444569444444445,0.50233515625,0.7251486111111111,0.0521765625,0.6440541666666667,0.47942265624999997,0.525,0.11028203125,0.23266944444444443,145.27685624696042,157.2795580487178,153.9542217998584,157.28054135842746,186.03900039776605,0.7320082668100334,157.32789736521366,23.43090603694618,125.78453640279118,11.50347403761963,Asking
47,0.31793125,0.32256805555555557,0.30872421875,0.5358305555555556,0.42735312499999994,0.5409791666666667,0.19009609375,0.5306819444444445,0.5357453125,0.6764458333333333,0.03820703125,0.5779500000000001,0.494046875,0.4608013888888889,0.09939765625,0.22464444444444445,154.00058969367618,151.89024285318655,169.59544174299032,151.88924315105393,197.3742734324816,4.388889362163307,170.07093793999567,27.783355224374272,144.89267832154653,18.97106785510085,Asking
48,0.32175078125,0.3178625,0.31144296875,0.5384,0.43152890624999996,0.5499722222222222,0.19135703125,0.5268291666666667,0.54390625,0.7173833333333333,0.03902421875,0.6245097222222222,0.50501953125,0.5196583333333333,0.1091953125,0.22279583333333336,159.3342179351316,153.93565644125468,187.66921949270213,153.93560231798227,207.28205203538488,4.749934695297768,160.16600311656964,25.660803168532354,140.03802998482726,19.27150740678228,Asking
49,0.32487421875,0.33196527777777773,0.312284375,0.5379444444444444,0.43246328125,0.5452083333333333,0.1921046875,0.5306805555555555,0.47246796875,0.8616958333333334,0.03142578125,0.5723930555555555,0.46724140625,1.0562958333333334,0.11314609375,0.20006944444444447,149.17796838005268,153.91788116070205,233.55352079769642,153.91888058324747,207.85023129647945,6.20149726013247,171.69205205752436,23.005101578787894,102.66483248034244,177.2663449924997,Asking
50,0.33460859374999996,0.3291611111111111,0.31061953125,0.5362027777777777,0.43197343750000006,0.5435013888888889,0.18926640625,0.5289041666666666,0.51058046875,0.7322041666666667,0.03719296875,0.6457013888888888,0.46348046875,0.5369652777777778,0.12101015625,0.2196736111111111,152.1996167406475,155.42186433703597,169.06611323680445,155.42086490880175,212.04240272171978,11.639208149177152,156.63479428616938,21.425423647250526,126.52218851898817,23.21334646322694,Asking
51,0.33194140625,0.3370944444444444,0.31406640625,0.545075,0.43594453125,0.5507944444444445,0.19218828125,0.5393569444444444,0.47523203125,0.8148958333333334,0.0450765625,0.5846347222222222,0.4854265625,0.8126666666666666,0.10368437500000001,0.22084722222222222,151.4838569485211,156.0583414624159,196.69022942942541,156.0583150780502,191.1041072530886,8.687154294511085,170.17801215405464,26.288862211801433,104.81335240267454,82.98795668240703,Asking
52,0.33778125000000003,0.33390416666666667,0.31250859375,0.5434833333333333,0.4323171875,0.5472263888888889,0.1927,0.5397402777777778,0.48772421875000005,0.7604583333333333,0.057669531249999996,0.5994013888888889,0.49611015625,0.6934708333333333,0.11129609375,0.2400361111111111,154.32550796935675,153.37867860299224,169.11631491373032,153.3786786029923,178.09699002790586,12.099813490704141,166.0429533573584,25.774488014238578,114.79433083761188,12.546919104847335,Asking
53,0.337346875,0.3457263888888889,0.30854765624999997,0.5395972222222222,0.42936328125,0.5374069444444445,0.18773125,0.5417861111111111,0.49074453125,0.7670680555555556,0.054434375,0.6951444444444445,0.50537109375,0.6931236111111111,0.1113890625,0.25869861111111114,144.37247430864375,154.65204061052677,183.07249208988225,154.65303036474907,203.2321803356939,14.793294465290884,147.0907750494557,25.614260079212592,115.41447456000981,19.374371311661932,Asking
54,0.33225859375,0.34023472222222223,0.31367421875,0.5459944444444444,0.43400546875,0.5525055555555555,0.19334296875,0.5394833333333333,0.4839515625,0.7383833333333333,0.0445671875,0.5876319444444444,0.47316874999999997,0.5216388888888889,0.10932265625,0.2334236111111111,150.04466852574268,154.09532737886641,148.31782423228836,154.09532737886633,193.562724660509,9.12213114157626,169.68268352100588,26.01423561485498,115.53361568232593,5.054237435881533,Asking
55,0.336159375,0.33757916666666665,0.313284375,0.5481263888888889,0.434565625,0.5529833333333334,0.192003125,0.5432694444444445,0.48503749999999995,0.7405597222222222,0.03985390625,0.5987513888888889,0.47484453125000003,0.5683847222222222,0.1032046875,0.22769861111111112,154.39578762388567,155.27938243372813,149.71148867404926,155.27938243372813,198.80572127079242,10.931920456349436,168.40836751538907,26.57644812365559,115.56427334073462,6.008067647944658,Asking
56,0.33525,0.33826805555555556,0.31320859375,0.5480625,0.43571328125,0.5517208333333333,0.190703125,0.5444055555555555,0.478078125,0.863898611111111,0.02773359375,0.6585319444444444,0.487653125,1.0367902777777778,0.10811718749999999,0.2478486111111111,153.66417953771793,156.82812117729395,231.21682757316776,156.82910424407837,224.20180740127856,10.579617631790239,158.49979055194842,26.339096495165062,103.56384748047415,174.3770088868921,Asking
57,0.33885234375,0.3453819444444445,0.30990078125,0.5335652777777777,0.42591484375000005,0.5299777777777778,0.19388671875000002,0.5371513888888889,0.5129679687500001,0.6980722222222222,0.04573671875,0.6786763888888889,0.47539687500000005,0.5024875,0.1080484375,0.2679708333333333,140.46842146190718,148.52046287633235,164.51132474088223,148.5204454881549,215.27539996014409,15.296688549517548,151.7488158102727,29.54937305787616,132.6351348261728,18.855265052095103,Asking
58,0.34427890625,0.35769722222222217,0.3099921875,0.5527458333333333,0.42757421874999996,0.558998611111111,0.192409375,0.5464944444444444,0.46485703125000005,0.8754041666666668,0.032659375000000004,0.6810027777777777,0.4863015625,1.0625694444444445,0.10816484374999999,0.27337083333333334,147.13279034260174,150.57231826932858,232.75673272324485,150.57328792651109,226.2547637421144,17.35441955607413,154.65678717555107,28.738277863410193,101.83122682785432,168.4869474833702,Asking
59,0.34108125,0.34625138888888884,0.3106,0.5526888888888889,0.4324703125,0.5608402777777778,0.18872890625,0.5445375,0.4665078125,0.8892638888888889,0.01248515625,0.7061111111111111,0.476603125,1.0885680555555555,0.08932265625,0.27437361111111114,153.67046391873748,156.10436636109833,240.44514311792614,156.10536565409913,253.8210341027709,14.708055966232367,152.72080395156416,33.18989059444609,100.43950430706505,174.85442732987767,Asking
60,0.34324296875,0.3550819444444444,0.31291015624999996,0.5511305555555556,0.433090625,0.5576319444444444,0.1927296875,0.5446277777777778,0.47698984375000003,0.8740569444444445,0.03431953125,0.6210680555555556,0.49343515625,1.0817736111111111,0.0772953125,0.2803763888888889,146.397378053707,153.90220375940044,234.65317972914838,153.90223417806513,210.1016815591917,15.379411660853151,164.81395595155576,37.83278325396029,103.85491013688821,171.9882508053172,Asking
61,0.3477734375,0.35786805555555556,0.31511093749999997,0.5555486111111111,0.43610468750000003,0.5670972222222223,0.19411640624999998,0.544,0.48098359375,0.8937999999999999,0.029982031250000003,0.6330527777777778,0.49738515625,1.1051097222222221,0.07170390625,0.28431944444444446,148.34331047944156,155.09505346399678,242.1388013123877,155.09605202583333,219.65829460323138,16.369618191351456,163.02832932600836,39.96429292062515,103.72369773470056,172.1434498808838,Asking
62,0.34581640625,0.35727083333333337,0.3102296875,0.5458972222222223,0.42815703125000004,0.5492083333333333,0.1923015625,0.5425861111111111,0.46676796875,0.8448486111111112,0.0181796875,0.691761111111111,0.47579609375,0.9626569444444445,0.0777375,0.29607222222222224,143.2463658247566,150.9658248246934,218.52308666362924,150.96682469999826,247.4060634099334,18.54144925293476,154.2701540256367,39.56347185589031,103.07132008078005,172.2418876173663,Asking
63,0.34691328125,0.3534763888888889,0.31340390625,0.5540875,0.43687734375,0.5619916666666667,0.18993046875,0.5461833333333334,0.46194375,0.8957583333333333,0.026198437499999998,0.7648027777777778,0.47732265625,1.057136111111111,0.1032640625,0.3515097222222222,150.67394354698493,158.14842900579188,242.44443604463274,158.14842900579188,262.10526084952966,16.538984480227896,143.0910606844857,38.359705194964604,97.60480991998264,170.38437509852707,Asking
64,0.34359609375,0.3484888888888889,0.3089453125,0.5527111111111112,0.42992734375,0.5560277777777778,0.18796328125,0.5493958333333333,0.46741171875000004,0.8411638888888889,0.02493984375,0.7504638888888888,0.47228828125,0.9147083333333333,0.09482265625,0.3557333333333333,153.58369122078034,154.87541119558006,210.8301430156514,154.87539577996242,253.97092798389343,16.785359765884238,145.24824458393442,40.53076654178476,103.15443593394194,173.27697974165056,Asking
65,0.34389609375,0.35059444444444443,0.3062265625,0.5478277777777778,0.428621875,0.5485972222222222,0.18383125,0.5470583333333333,0.48511718750000005,0.8332555555555555,0.014308593750000001,0.7403416666666668,0.48388359375,0.9033041666666667,0.10395546874999999,0.3209694444444445,149.97050094268536,156.66697952025496,217.337195877742,156.66697952025504,257.78061412177607,18.75426152989548,147.32627190060163,32.13201349365386,109.43439021483523,178.20679102543545,Asking
66,0.333734375,0.3168,0.31382656249999996,0.5378541666666666,0.44099609375000004,0.5386236111111111,0.18665703125,0.5370861111111112,0.5054171875,0.8647277777777779,0.0205078125,0.7593638888888888,0.51548984375,1.0426513888888889,0.09406250000000001,0.3146527777777778,161.18597831387194,162.77794274716712,248.85372954006536,162.77793934682916,266.1611463775282,9.096089470798894,143.03766655452733,36.50341063913085,109.35105679877822,174.25287587798775,Asking
67,0.34241171875,0.30697083333333336,0.31553593750000003,0.5344347222222222,0.43694375,0.5393763888888888,0.19412890625,0.5294944444444444,0.48529999999999995,0.8263097222222222,0.02577890625,0.6355277777777778,0.49936640624999995,0.871826388888889,0.08003125,0.29508333333333336,167.3479963339866,155.44272568377073,215.66494680406453,155.4417030593785,228.61208297025772,11.862613783920647,160.49156660889952,40.87024314659957,106.67847980517838,151.2155215183816,Asking
68,0.33453046875000003,0.30843333333333334,0.316140625,0.5347,0.44002656250000005,0.5441597222222222,0.19225468750000002,0.5252388888888889,0.48263515625000003,0.8774152777777778,0.012650781250000001,0.6431222222222223,0.48380156249999995,1.0064847222222222,0.06993906250000001,0.30083888888888893,164.60377961942427,158.72020412348266,246.06427139469073,158.72024703861825,245.06065948046412,8.221712670998222,159.73596268270163,44.098850668170286,102.80569034165698,179.07957344126555,Asking
69,0.3402078125,0.29010694444444446,0.32606562499999997,0.5254625,0.446928125,0.5307375,0.20520312500000001,0.5201875,0.5033015625,0.7651013888888889,0.0273625,0.6071666666666667,0.53926640625,0.6782611111111111,0.0678953125,0.2662013888888889,170.42012304889352,154.75061363367837,183.52285832560486,154.7506136336783,236.0932847859083,6.097451913871376,164.61787544993433,43.86325714341115,113.15267742175578,36.362933885813526,Asking
70,0.34021171875,0.28591944444444445,0.325925,0.5149736111111112,0.44561171875000005,0.5235458333333333,0.20623828125000002,0.5064013888888889,0.55101640625,0.6183166666666666,0.02981171875,0.5899152777777777,0.580371875,0.4134555555555555,0.06311328125,0.25302083333333336,165.9297771046535,153.32327672274684,151.19154059999522,153.32327672274684,233.69424292438188,6.3273793409341055,165.08996661634984,45.12003397632166,153.17191997653248,14.291873660577453,Asking
71,0.34109609375,0.288775,0.3268609375,0.5106680555555555,0.4456828125,0.5088694444444445,0.20803984375,0.5124666666666666,0.51904296875,0.6309541666666666,0.01190859375,0.6064694444444445,0.5326257812499999,0.44185138888888886,0.06861015625,0.2342847222222222,160.79869716512007,152.09751309275248,128.6234177822996,152.0965131289998,260.01144480195484,6.5064806545290255,164.9119031773221,41.702747322050676,136.89024293549377,7.276925520081752,Asking
72,0.34351875,0.2899888888888889,0.32387109375,0.5097958333333333,0.43883203125000003,0.5140361111111111,0.20891015624999998,0.5055555555555555,0.51610546875,0.641725,0.013243750000000002,0.5982583333333333,0.5145828125,0.4129097222222222,0.06543515625,0.2311013888888889,160.24673576082603,147.18166770695328,135.03857299305258,147.18166770695328,259.194393699015,9.029282837027981,165.0774396637947,42.90314962174139,137.09280282295018,0.6777924037379572,Asking
73,0.34309218750000003,0.2850347222222222,0.327025,0.5114513888888889,0.4434671875,0.5171944444444444,0.2105828125,0.5057097222222222,0.50685546875,0.6493194444444444,0.02854921875,0.5902166666666667,0.52504296875,0.4241152777777778,0.0563140625,0.23101527777777775,164.31214427424408,149.10334785309152,125.03171465272317,149.1033201239999,240.8163450308139,7.190238891665133,165.36494254763488,44.95419168293914,130.46107899094,8.170317409978539,Asking
74,0.34706171874999997,0.2896972222222222,0.332765625,0.5107430555555555,0.45093750000000005,0.5187527777777778,0.21459375,0.5027347222222223,0.44380703125,0.7421027777777778,0.03328125,0.5936472222222222,0.42234140625,0.6181569444444445,0.0626234375,0.2217472222222222,160.20153185909305,151.3698975655332,161.07079646230096,151.3698594701072,241.13428882885987,6.558919074095287,164.2491605715587,43.87554832939176,86.75162199450635,17.11283438682985,Asking
75,0.34943749999999996,0.29220138888888886,0.32948359374999997,0.5090472222222222,0.446890625,0.5182944444444445,0.2120765625,0.4997986111111111,0.51172578125,0.6531291666666666,0.03733359375,0.5838236111111111,0.5057796875,0.42165694444444446,0.065290625,0.2249486111111111,158.20432143908081,150.42841461971207,127.71802802267187,150.4284588832844,231.70827401066197,9.290670266466885,164.86492167568596,43.51424119297791,130.52524099342997,2.6147570041829167,Asking
76,0.349171875,0.29281805555555557,0.33064218749999996,0.5089055555555555,0.4467296875,0.5187680555555555,0.2145546875,0.49904444444444446,0.47824765625000004,0.7042027777777778,0.0379484375,0.5936569444444444,0.46673671875,0.5556597222222222,0.07132890625,0.23798194444444445,157.3804734171301,148.7615765747325,139.47501144649536,148.76152884398573,236.0969838371511,8.667775610117765,163.23004618489844,44.28463850370689,106.81299683995096,7.843922676234672,Asking
77,0.34655546875,0.29810000000000003,0.33016171875,0.5082861111111111,0.44727656250000003,0.5177319444444445,0.21304765625000002,0.4988402777777778,0.47009609374999994,0.7266541666666667,0.038896875,0.59565,0.47718437500000005,0.5666597222222223,0.0702796875,0.24430277777777779,152.78189621810563,150.06119501723288,153.23363030679658,150.06019604478732,233.55666074423996,7.894306362236249,162.63598001569716,44.9179722741105,100.98881858787509,4.5033999699288305,Asking
78,0.34807578125,0.29670277777777776,0.328340625,0.5246777777777777,0.45000625000000005,0.5379819444444445,0.206675,0.5113736111111111,0.48414296874999996,0.8273972222222222,0.008796875,0.5991652777777777,0.48520390625000004,0.9207472222222222,0.073021875,0.24647638888888887,166.07442393397,156.02632170566608,212.91092190397373,156.02632170566608,261.0522720759197,8.749021322915793,165.98739142704304,41.891236024635674,101.84276854826268,178.84251200173787,Asking
79,0.34485156250000004,0.30085,0.32896015625,0.5158680555555556,0.44941640625,0.5244777777777778,0.20850390624999998,0.5072569444444445,0.49416874999999993,0.8126722222222222,0.0093171875,0.6039916666666667,0.48408125,0.8624624999999999,0.06873671875000001,0.24989305555555555,156.14359176732168,154.30856572789472,215.26168281651982,154.30860590388343,264.30110647138804,7.485259364524201,164.72088681693683,43.9932695644975,105.43284052277873,160.1921254906662,Asking
80,0.34681953125,0.2996611111111111,0.32636484375,0.5093013888888889,0.44648671875,0.5159541666666667,0.20624375,0.502648611111111,0.52818515625,0.7427013888888889,0.0194734375,0.6067333333333333,0.55697421875,0.7201625,0.06937499999999999,0.24873194444444444,153.1949170338233,153.8305939532186,193.87856003178894,153.82959443813144,250.5368352897434,9.8405263627966,162.5951429429286,43.77940938269497,122.64136632277598,66.2322710208622,Asking
81,0.34682421875,0.3000583333333333,0.3257640625,0.5036375000000001,0.44338125,0.5022305555555555,0.20814609375,0.5050458333333333,0.514146875,0.7677083333333333,0.00081640625,0.6329222222222223,0.5366906250000001,0.88085,0.0798984375,0.2546027777777778,149.03521992468762,150.55340802851327,211.52012938725238,150.5544147376622,280.89975963855863,10.420829739287482,160.86641578517947,42.31378726847453,115.35550415297485,160.49450490368403,Asking
82,0.3455140625,0.2962875,0.32069609374999997,0.5209555555555556,0.44709296875,0.526701388888889,0.19429921875,0.5152097222222223,0.541553125,0.7731916666666666,-0.014135937500000001,0.6245638888888888,0.57568046875,0.8017805555555556,0.0690390625,0.24486388888888888,164.85073069295146,161.84088393542592,214.74555178163757,161.8408839354259,278.1723196761317,11.110488793138163,163.55803683156014,39.47839194816246,124.26586466822893,115.23042568174863,Asking
83,0.337165625,0.2991125,0.33055390625,0.5059555555555556,0.44980546875,0.5175111111111111,0.21130234374999998,0.4944013888888889,0.49697578125,0.8063652777777778,0.030489843750000002,0.5958749999999999,0.5066171875000001,0.9056680555555556,0.07840234375,0.25485277777777776,149.16726751536345,152.86857938765573,216.5620084617798,152.86852496508234,242.69813209211148,3.2524205997356885,162.4801307229288,44.60480759644104,106.18873908012964,170.20688596967707,Asking
84,0.34023515625,0.2989291666666667,0.3263734375,0.5169083333333333,0.44932343750000003,0.5256902777777778,0.20342265624999997,0.5081263888888888,0.47464296875,0.8033430555555556,0.0020171875,0.6127708333333334,0.47490781249999997,0.7953472222222222,0.07303359375,0.24934861111111112,157.94475956485542,157.5029704640519,202.520002421983,157.50396965791055,268.58339996544834,6.450036216901876,163.7085387880034,41.85271089187998,99.20855843202419,3.369961138712905,Asking
85,0.34125859375,0.30256805555555555,0.32776484375,0.5131916666666666,0.44748671875,0.5219027777777777,0.20804296875,0.5044819444444444,0.49335078125000004,0.7357208333333334,0.029424218749999998,0.5969722222222222,0.52623828125,0.6871097222222222,0.07362890625,0.25758333333333333,152.62942437485637,153.37229710739814,164.76252315681506,153.37225621669648,238.1327761417987,6.4976796779342765,163.76089148072427,44.06370812827746,110.87355365576711,50.25874954924222,Asking
86,0.3398640625,0.3050569444444444,0.330246875,0.5021513888888889,0.44705703124999996,0.5044597222222222,0.21343671875,0.4998416666666667,0.5646625000000001,0.5889805555555555,0.030299218750000002,0.5829972222222222,0.58083515625,0.4060069444444444,0.07429140625,0.2567388888888889,142.44092306637162,149.52623693853857,162.37030901614995,149.5262480569883,241.94114457859374,4.957788513919411,165.67243703136924,45.49840911532603,157.9885775891907,8.930098971961513,Asking
87,0.33984140625000003,0.30569444444444444,0.32909765625,0.49806944444444445,0.44554609375,0.4958222222222223,0.21264921874999998,0.5003152777777777,0.5451625,0.5981819444444444,0.0317109375,0.5818527777777778,0.567484375,0.4590347222222222,0.07428515625,0.24998750000000003,139.1910112183973,149.06278153851815,147.2755501840003,149.06277068738527,238.92579402400233,5.670043592410065,165.77606923678582,44.498152459697174,149.97249259014202,15.917595839736965,Asking
88,0.339315625,0.30522916666666666,0.3253859375,0.528313888888889,0.44798515625,0.5347527777777777,0.20278671875,0.521875,0.527765625,0.7423638888888888,0.018961718750000002,0.6111902777777778,0.53263515625,0.6716430555555556,0.06676796874999999,0.26285000000000003,161.60759431722263,156.9954643453116,181.03193243458452,156.9954643453116,243.92539405523158,6.334279794052085,164.71420600819084,43.031501594552,124.33939037262132,6.9788627981715505,Asking
89,0.3398140625,0.3120597222222222,0.32757187499999996,0.5149722222222222,0.44597265625000004,0.5304888888888889,0.209171875,0.49945694444444444,0.5233859375,0.6854555555555556,0.04113671875,0.6007638888888889,0.55590546875,0.5049513888888889,0.07027890625,0.2609375,146.93495945145253,151.96422405619035,149.22410561635138,151.96315324775276,227.11659275799295,6.121997887194208,161.26684610498833,45.99150419965529,131.6078073571132,17.759403145689188,Asking
90,0.33876015625,0.30790277777777775,0.32185625,0.5242388888888889,0.44265781249999997,0.5305347222222222,0.20105468750000002,0.5179444444444444,0.48490625,0.830775,0.0443265625,0.6532861111111111,0.49250625000000003,0.9149124999999999,0.08594609375,0.30951249999999997,157.25762433980745,154.692430212341,222.83445876479698,154.69240091226197,223.0266743239472,7.9083856829271175,154.09213190278368,44.47369736384633,104.04491170186049,170.8771172548583,Asking
91,0.34118359374999996,0.31329583333333333,0.3234578125,0.5230930555555555,0.4423453125,0.5327902777777778,0.20457109375,0.5133958333333333,0.4954734375,0.8230388888888889,0.046415625,0.6327013888888889,0.51272265625,0.9004972222222222,0.09286875,0.30773333333333336,152.74849143935924,152.33608666366612,219.7652530701794,152.33508771455118,219.90988772904234,8.54222792989171,157.00725662028577,43.996536685061194,108.0254416979446,158.40169196240694,Asking
92,0.34120703125,0.31498055555555554,0.31837890625,0.5286763888888889,0.43769843750000004,0.5339986111111111,0.19906015625,0.5233541666666667,0.501178125,0.7759736111111112,0.052184375000000005,0.6310125,0.47456171875,0.7301222222222222,0.09185078125,0.3192402777777778,156.6110332032836,152.77706524540918,192.23817987070106,152.77606556002152,203.35386939274105,10.753082602064605,157.5933366782801,43.038287166707335,115.00349730827143,45.90187153160068,Asking
93,0.335315625,0.3132125,0.31763203125,0.5336097222222222,0.44181171875,0.5377597222222222,0.19345234375,0.5294583333333333,0.49340312500000005,0.876898611111111,0.02267421875,0.7254097222222222,0.50296875,1.0681305555555556,0.08551484375,0.3204680555555556,160.29220137299257,158.97808227551369,252.95208591549505,158.97810107370134,260.17145969725425,8.117919689698581,147.1612206112753,42.55725976611076,105.13327979919211,174.91826358068144,Asking
94,0.33353359375,0.3141847222222222,0.31442109375,0.5317972222222223,0.4367953125,0.5379680555555555,0.19204765625,0.5256263888888889,0.47490625,0.8753402777777778,0.034559374999999996,0.7412402777777778,0.48835390624999997,1.0428513888888888,0.10414453125,0.35447083333333335,158.57939039168994,156.70199925335984,247.7579060050355,156.70099965539467,254.43386329063983,8.87444554983091,142.39988381387948,42.3973936998413,101.35537643766014,171.87767924467326,Asking
95,0.33173359375,0.3166791666666666,0.3152375,0.5404319444444444,0.444425,0.5518125,0.18605,0.5290527777777778,0.48317187500000003,0.893025,0.0381640625,0.7641125,0.49279687499999997,1.0983472222222221,0.10424453125,0.4007166666666667,162.4798376076244,165.56289208636096,250.62918055366174,165.56284259760704,253.920088777946,7.4669680133924015,138.20090321355514,48.57327605885537,101.41336381484517,175.23610170892135,Asking
96,0.33223203125,0.3128180555555556,0.31469843750000004,0.5305013888888889,0.438728125,0.5314319444444444,0.19066875,0.5295708333333333,0.5099515625000001,0.8381708333333333,0.04327734375,0.7908305555555556,0.51331796875,0.9741749999999999,0.11527812500000001,0.4245680555555556,158.3306921383217,158.7594137807267,238.92853630322185,158.75941378072673,266.4154957392682,8.148986567315866,135.08424770408882,51.92341610680203,112.43045712674638,177.48038412461025,Asking
97,0.33388984375,0.31448055555555554,0.3118796875,0.5373875,0.43632968749999995,0.5438180555555555,0.18742890625,0.5309569444444444,0.48303593749999996,0.8907833333333334,0.024160156250000002,0.7692027777777778,0.50084921875,1.0421,0.10936484375,0.3784958333333333,162.94698824464353,159.36327216771116,256.8689566315868,159.36427174558295,270.3687382538891,9.956283456408348,140.62037002487952,42.31061026595466,103.45851403197442,168.1795544717715,Asking
98,0.33505546875,0.3112583333333333,0.30866640625,0.5322986111111111,0.43161171875,0.5351583333333334,0.18572187499999998,0.5294402777777778,0.47161015624999997,0.8789930555555555,0.04361640625,0.7949458333333334,0.49530546875,0.9801555555555556,0.11622109375,0.4857263888888889,162.6940610010089,157.3834692113501,252.7996913071691,157.38245621733068,263.87395839870214,11.982719770281017,133.57672555899947,70.51645061758286,101.68459354307619,157.39270366421982,Asking
99,0.33373203125,0.30972638888888887,0.312221875,0.5238652777777778,0.4376609375,0.5240694444444445,0.18678359375,0.5236611111111111,0.46923906249999997,0.8738666666666666,0.02984453125,0.7851236111111111,0.475603125,1.0151430555555556,0.1060515625,0.37609444444444445,156.61908724354132,160.5620672917486,255.07687805052026,160.5610672921677,275.3048672526514,10.124980339970298,136.8588266710368,44.20424987403917,99.11763823233468,175.4213325744083,Asking
100,0.3296953125,0.31355555555555553,0.30821171875000003,0.5305777777777778,0.434034375,0.5321263888888889,0.1823890625,0.5290291666666667,0.49789374999999997,0.8297805555555555,0.03173515625,0.7539013888888888,0.50461484375,0.9489472222222222,0.1049859375,0.4504875,158.65728012606294,161.05685963038016,229.37007721365927,161.05685963038025,251.79417990295167,9.981098045173631,139.98282238093222,60.283401161193616,110.87726763333524,174.27420032735262,Asking
101,0.337621875,0.3127416666666667,0.31407109375000003,0.5368708333333334,0.43862187500000005,0.5423222222222222,0.1895203125,0.5314194444444444,0.5278937499999999,0.8069777777777778,0.039665624999999996,0.7638777777777778,0.56613203125,0.8469069444444445,0.10893359375,0.3586013888888889,164.1644485081956,159.47330889525057,222.18739957072273,159.47330889525057,254.56890520250107,10.581085086040101,138.89321874224473,39.65855662728164,120.94978156366817,120.42885081484299,Asking
102,0.335009375,0.31543194444444445,0.31388671874999996,0.5395833333333333,0.43808749999999996,0.5459125,0.1896859375,0.5332541666666667,0.5454265625,0.7096611111111112,0.055203125,0.755023611111111,0.57254765625,0.5321333333333333,0.1179421875,0.36256666666666665,163.63804169568886,159.04229870697918,181.04498180562751,159.04229870697918,234.79198734198744,9.51027153866951,137.15121513317078,36.76853833895484,139.3668162438352,15.194604299437957,Asking
103,0.34190624999999997,0.3089472222222222,0.31301875,0.5360777777777778,0.435509375,0.5454736111111111,0.190528125,0.5266819444444445,0.56531796875,0.6525319444444444,0.04039453125,0.6828430555555556,0.615178125,0.409125,0.10003671875,0.28389861111111114,167.66214161819596,156.93387833415704,183.16418522462297,156.93387833415701,222.64668723562897,12.74067863780379,149.66881968551522,33.529336337647145,155.1126497221534,20.009850728598007,Asking
104,0.33968515625,0.3099152777777778,0.31397734375,0.5313847222222222,0.43656328125000005,0.5332680555555556,0.19139140625,0.5295,0.5544234375,0.6687902777777778,0.0224140625,0.6358930555555555,0.5494671875,0.47020694444444444,0.1029796875,0.25514444444444445,162.81786941242044,156.9158590965235,179.66668332498378,156.9158677412836,229.45547779471295,11.65997099286692,160.49756620440564,29.80809511527121,147.1054508984994,2.540538383457356,Asking
105,0.34054453125,0.31330138888888887,0.31753593750000003,0.5291694444444445,0.43861484375000004,0.5330250000000001,0.19645703125,0.5253138888888889,0.57791953125,0.6412458333333333,0.035978125,0.5934375,0.52031328125,0.43285833333333334,0.0976109375,0.20829305555555555,158.19068248793923,155.00585968601317,194.59143522005272,155.00585968601317,211.18784285559622,10.72958975351118,166.57025115584798,28.999843977975438,156.39533854187434,26.17160429124224,Asking
106,0.33479921875,0.3028472222222222,0.316834375,0.5300763888888889,0.44290078125,0.5376875,0.19076875,0.5224666666666666,0.53706328125,0.7330180555555555,0.019559375,0.5781888888888889,0.5714875,0.6577999999999999,0.09407890625000001,0.20029166666666667,165.21309285283655,161.45802434379036,185.21891325671905,161.45699098211884,222.79017102197304,8.000623912044766,169.6255945051736,28.081678167441,130.59686568488732,39.132352471411146,Asking
107,0.3349375,0.3115597222222222,0.31402421875000003,0.5319416666666666,0.437825,0.539475,0.19022421875,0.5244083333333334,0.5479468749999999,0.6785055555555556,-0.0035437499999999996,0.5977708333333334,0.5795546875,0.4970819444444444,0.088871875,0.19634444444444443,160.91716808967274,158.55780018971004,172.88436696242945,158.55680077499045,253.58522545684716,9.575822631653107,167.97743889508249,28.77683261146632,144.61896808333674,17.209128953002825,Asking
108,0.33576640625,0.31756527777777777,0.30940703125,0.5285041666666667,0.43527578125,0.536176388888889,0.18353906250000002,0.5208319444444445,0.55409609375,0.707725,-0.00623046875,0.6013361111111111,0.48412890624999994,0.4958458333333334,0.0768015625,0.18090277777777777,155.5786199193193,161.2066720703582,195.9268315596412,161.20567265763324,249.72494547801986,12.52513276213112,166.57882683133624,29.171166559101703,140.91933331309178,30.415556596627162,Asking
109,0.33285156250000003,0.3076138888888889,0.31661171875,0.5306263888888889,0.44305703125000007,0.5462625,0.19016640625,0.5149902777777778,0.5129335937499999,0.8412083333333332,-0.005475,0.5445208333333333,0.54722734375,1.0029513888888888,0.06155859375,0.1557013888888889,161.9089346824319,162.24107082979953,230.42800542685768,162.2410708297994,251.32200437884467,7.3763922933021515,175.14694004436734,32.470934324021144,112.83980542374854,159.34680301590177,Asking
110,0.33520546875,0.3158416666666667,0.3155,0.5290541666666666,0.44378359375,0.5356916666666667,0.187215625,0.5224166666666666,0.5500515625,0.7491277777777777,-0.01239921875,0.5657222222222222,0.5900601562500001,0.7081236111111111,0.050305468750000006,0.16762222222222223,155.57133700653213,164.27252980946025,205.22659380548126,164.27352938620388,257.4024464705027,9.330632501474298,173.04248869821657,34.45087408509663,131.5133256063329,60.03666990144926,Asking
111,0.33476015625,0.31116666666666665,0.31536484374999996,0.537088888888889,0.44556953125,0.5504708333333334,0.18516015624999999,0.5237055555555555,0.52725546875,0.8498680555555556,-0.0438140625,0.5675972222222222,0.55642109375,1.0180708333333333,0.047746875,0.16173749999999998,164.54758330647098,166.94027515551778,239.5852159879653,166.9403328737546,294.7858137241343,8.677596400542662,173.8458793402924,34.01520016927368,115.87521205265047,162.8676210611943,Asking
112,0.33476875,0.3145833333333333,0.314325,0.5289916666666667,0.44108359375,0.5391125,0.18756640625,0.5188722222222223,0.55722890625,0.7471041666666666,-0.03577890625,0.5610652777777777,0.6075390625,0.7151458333333333,0.055058593749999996,0.16614027777777776,156.57616708809806,162.41455405843405,211.01620807890566,162.41450919483765,287.4915678154752,9.62077957571017,173.93427740272475,33.73669001988652,134.79110806277393,70.33744017972987,Asking
113,0.336053125,0.3128166666666667,0.31335,0.52955,0.44103125,0.5374472222222222,0.18566875,0.5216513888888888,0.51052109375,0.8449875,-0.05413984375000001,0.5545555555555555,0.54003203125,1.0290986111111111,0.065928125,0.14858333333333335,158.7307843614464,163.53088154840964,238.62600623150863,163.53091632165462,307.8678864480672,10.549054138037178,175.58662137527728,29.70903316406907,111.88509885427274,164.09468672319338,Asking
114,0.33052421875000004,0.3151569444444445,0.3136375,0.5408736111111111,0.44330390625,0.5619972222222221,0.1839703125,0.5197486111111111,0.51273515625,0.8623458333333334,-0.041757812500000005,0.5455333333333333,0.54805859375,1.0334083333333333,0.04096796875,0.15848055555555554,163.94712099027538,166.66838455447987,233.80061459500064,166.66947163772977,289.5278222364821,7.576006427219234,176.3235781511745,35.134269444973576,112.34103919559202,159.84176120598985,Asking
115,0.32690703125,0.3209888888888889,0.31018828125,0.5408999999999999,0.44075625,0.5580194444444444,0.1796203125,0.5237805555555556,0.550365625,0.6945541666666667,-0.04806484375,0.5311250000000001,0.5744265625,0.5045555555555555,0.04065234375,0.15750833333333333,159.77562046820532,167.58091897647537,171.31247188981888,167.58091897647537,291.4849703037877,7.697204277865046,178.96050659649296,34.00004658547105,144.9819504026733,12.68764868426786,Asking
116,0.32365390625,0.3275666666666667,0.31116875,0.5361069444444445,0.43862265625,0.5509027777777777,0.18371484375,0.5213111111111111,0.5107828125,0.7001541666666666,-0.01592578125,0.5625180555555556,0.49868046875000005,0.5515,0.0505,0.1564375,150.99706805762818,163.48844696185725,141.70095181755133,163.48844696185722,257.25656679859503,6.075362577802287,173.377430349102,32.98615800943322,130.6797551101369,8.235446845413572,Asking
117,0.32612890625,0.3282819444444444,0.3130671875,0.5376694444444444,0.44150546874999996,0.5507013888888889,0.18462890625,0.5246388888888889,0.55276796875,0.6730458333333333,-0.016921875,0.5675,0.52361796875,0.4739527777777778,0.0462828125,0.16170277777777778,151.68322597439706,164.66854432465232,167.45689833506418,164.6684873465473,259.8241709791451,6.328178215817861,173.1787271566881,34.12406629254239,148.26213113500057,14.589857145530232,Asking
118,0.3287328125,0.313675,0.3118875,0.5352444444444444,0.43805937500000003,0.5461444444444444,0.185715625,0.5243430555555555,0.51519375,0.8249083333333332,-0.06582734375,0.5474972222222222,0.54944453125,0.9280541666666666,0.01796953125,0.15646388888888887,160.98056014314272,161.6905720937371,223.6794848080619,161.69062063397493,322.4063009092719,7.697424436776657,177.03602535919654,39.02939236549421,116.19320523994524,149.44529024517888,Asking
119,0.3310359375,0.3148361111111111,0.31210625,0.524988888888889,0.43791874999999997,0.5252333333333333,0.18629374999999998,0.5247444444444445,0.55858984375,0.6692208333333334,-0.05070078125000001,0.5479236111111111,0.5597484374999999,0.5079152777777778,0.0268109375,0.15236249999999998,153.23775318112703,161.04009617483464,186.0248879101934,161.04009617483467,303.8117267815711,9.097808707645273,176.85104052127946,37.28500129358462,146.1309689025157,0.7315741638751099,Asking
120,0.31978125,0.3081805555555555,0.3132828125,0.5221527777777778,0.43928203125,0.5363166666666667,0.1872828125,0.5079888888888889,0.5306398437500001,0.8037416666666666,-0.039189843749999995,0.5458347222222222,0.5774609374999999,0.9333499999999999,0.037843749999999995,0.13024305555555557,154.28438911309206,161.60109852658792,225.27418396256593,161.60209653342991,291.16287748612456,3.0905101812161893,174.63001336423096,35.11880142841155,121.27135639568787,147.29047537785647,Asking
121,0.31991562500000004,0.3108638888888889,0.31072578125,0.5426708333333333,0.440515625,0.5611819444444445,0.18093671875,0.5241583333333334,0.5519265625,0.7574652777777777,-0.04794921875,0.5439694444444445,0.6327499999999999,0.6804527777777778,0.029647656249999998,0.13742222222222222,167.3150082030898,166.6647675575135,200.77087490968407,166.6638507325449,293.3210295427179,4.031477560888441,177.21264630412904,34.81695242033022,135.258699997106,61.80970008609802,Asking
122,0.31626953125,0.3042986111111111,0.3154703125,0.5330861111111111,0.44005312500000004,0.5458736111111111,0.19088750000000002,0.5203,0.5287242187500001,0.7995180555555556,0.01855625,0.5427916666666667,0.56015234375,0.9005597222222222,0.056596875000000005,0.15884583333333332,164.7301765251285,159.73156859243574,215.01987902749832,159.73151095510244,221.17763605753635,0.3558179832844709,175.801208159374,33.44458665487346,121.86054021355054,151.05906483732355,Asking
123,0.31173125,0.3130222222222222,0.31273515625,0.5250736111111111,0.43461875,0.5403680555555556,0.19085234375,0.5097791666666667,0.5111085937500001,0.7989791666666667,0.0179515625,0.5434986111111111,0.5421953125,0.9023319444444444,0.06389609375000001,0.17357083333333334,152.68240748036428,156.39915685514424,210.3716251042426,156.39815933699475,222.64066396999448,0.48221630168842033,173.73969453516548,33.87385500477192,117.73612648747364,151.86548590918648,Asking
124,0.31517265625,0.3131055555555556,0.31937734375,0.5398513888888888,0.44023124999999996,0.5545861111111111,0.19852265625,0.5251166666666667,0.57049609375,0.6372222222222222,0.04376875,0.5447013888888889,0.6192960937499999,0.4098527777777778,0.072778125,0.19325694444444447,163.34568856569186,155.0563611400706,177.03645422624123,155.0573587966724,198.5862669622449,1.8881533346367128,175.9281763500968,33.96481651128915,160.36191584654026,20.884957286192957,Asking
125,0.31441484375,0.31004166666666666,0.316809375,0.5344263888888888,0.43810390625,0.5440805555555556,0.19551484375,0.5247736111111111,0.55973515625,0.7128638888888889,0.03655,0.5674069444444445,0.6268906249999999,0.6444277777777778,0.0674984375,0.20352916666666665,161.58607141087376,155.4125234657748,197.50148333620177,155.41247874286032,205.77735551075585,1.0868640782247851,171.42111605101408,35.3155569753845,142.02578579429968,60.177510669698876,Asking
126,0.31771171875,0.3132319444444444,0.31819296874999997,0.5324180555555555,0.44053984375,0.5420041666666666,0.195846875,0.5228333333333334,0.54841953125,0.6818694444444445,0.07900625,0.5725888888888889,0.58015703125,0.5750847222222222,0.10847031250000001,0.21017916666666667,157.81520222082537,156.75602195769065,170.90593203572547,156.75497890019315,153.78672280791992,0.22364315545095892,166.52942336849108,26.419585711056023,143.89757378842546,27.850787998377733,Asking
127,0.31797578125000003,0.3097847222222222,0.31811328125,0.5340236111111112,0.4394359375,0.544798611111111,0.19678984375,0.5232486111111111,0.5503648437499999,0.6698416666666667,0.0830609375,0.5854152777777778,0.59827265625,0.49371944444444443,0.1106546875,0.2112013888888889,161.45209592941185,155.4866631354599,168.1263128781453,155.48766188993906,152.2989032429321,0.062458521415815704,162.9086666313337,26.138310708113554,147.6224319389068,25.807550573294485,Asking
128,0.31883359375000003,0.3078986111111111,0.319828125,0.5273749999999999,0.44013046874999995,0.5325194444444444,0.19952578125,0.5222305555555555,0.5131890625,0.735686111111111,0.099675,0.5984708333333333,0.5388671875,0.6826611111111112,0.15056015625000002,0.2778791666666667,158.02812742673373,154.03154152640292,173.6170890926351,154.03154152640295,139.09846127833336,0.4615527461403482,156.7568424694704,19.608403341794418,122.59027964373395,40.72564292292305,Asking
129,0.318934375,0.30572777777777776,0.31916015625,0.5365361111111111,0.4443125,0.5417027777777778,0.19400859374999999,0.5313680555555556,0.502190625,0.8376833333333332,0.09861640625,0.6271402777777778,0.5275296875000001,1.0047986111111111,0.14031875,0.3411402777777778,166.18225129357225,160.238186538041,225.61605947272452,160.23721002626073,140.2277730693888,0.09964053619747891,150.54480368938687,26.645647899427964,109.16945544431022,164.9140435947639,Asking
130,0.31871328125,0.30751249999999997,0.31870078125,0.5341694444444444,0.44236250000000005,0.5410055555555555,0.1950390625,0.5273319444444444,0.5257671875,0.7495638888888889,0.07855625000000001,0.6881305555555556,0.578484375,0.6897958333333334,0.127278125,0.4129986111111111,163.19300078434736,158.36350732728803,184.24412285877668,158.36353841083496,188.76987108381468,0.005617474282004239,142.17056424615612,46.495653006956964,125.41100668073014,57.472966402424625,Asking
131,0.31837031250000003,0.31074722222222223,0.31501718749999996,0.5235861111111112,0.43101171875000005,0.5246597222222222,0.1990234375,0.5225138888888888,0.502771875,0.8015861111111112,0.11466093749999999,0.6182847222222223,0.5189953125,0.9864708333333334,0.1485609375,0.23633888888888888,153.30409257420368,148.47501223438246,219.5271039712409,148.47400704500433,128.12234887403528,1.6042991277554863,147.43904887976325,17.405341892603072,114.73443570433835,171.13342984400086,Asking
132,0.32281328125000003,0.3104152777777778,0.31921484375000003,0.5303763888888888,0.44087343749999997,0.530473611111111,0.19755625000000002,0.5302805555555555,0.49945390625,0.8006388888888889,0.10295703125,0.6108013888888889,0.508259375,0.9007736111111111,0.147821875,0.22953194444444444,158.43896496758614,155.72301573306365,208.47084124644394,155.72301528675845,134.25037129930033,1.665887850974134,154.41546079006514,16.382735546706893,111.08060624754445,171.11480753168303,Asking
133,0.3233875,0.3081375,0.31881953125,0.5391333333333334,0.44026171875,0.5439319444444444,0.19737812500000002,0.5343333333333333,0.5225195312500001,0.8200597222222222,0.124096875,0.6089222222222221,0.5612515625000001,0.9544888888888888,0.15367265624999998,0.24464027777777778,166.41974611806134,155.48439130986748,224.9715436316336,155.48341378102037,108.08588999494799,2.0134472707201154,150.2072525658952,15.013948028767695,117.905506428488,152.87769009562822,Asking
134,0.32505390625,0.3090861111111111,0.31711796875,0.5237666666666667,0.43715078125,0.5256124999999999,0.19708515625,0.5219222222222222,0.5203257812500001,0.6891180555555556,0.09965625,0.6162208333333333,0.49721562500000005,0.4981597222222222,0.1412640625,0.2160861111111111,154.90342108552673,153.64774780321383,158.7246782072656,153.64773915681283,141.99318894228693,3.759945816213311,151.4349153020433,17.97717588509549,132.12469531451154,12.14210511702154,Asking
135,0.31994531249999997,0.31020277777777777,0.32165468750000004,0.5268375,0.44189609374999994,0.5318611111111111,0.2014125,0.5218138888888889,0.5435296875,0.7373277777777777,0.10630625,0.6004347222222222,0.58110078125,0.6894250000000001,0.13950625,0.21785277777777778,155.9923455590049,153.95149551076136,196.99931060031656,153.95249523473143,134.25351446051607,0.8036758220663806,155.0616652200605,19.903861275893433,131.32754152139162,54.35258985044483,Asking
136,0.32317968750000003,0.30970138888888893,0.3215796875,0.5258736111111111,0.44296640624999994,0.5302333333333333,0.20019375,0.5215124999999999,0.488059375,0.8490722222222222,0.06416328125000001,0.6252888888888889,0.4924109375,1.055576388888889,0.1416,0.19638194444444446,155.65747344730994,155.40670495831247,236.70892052687836,155.40572536428638,189.47389034376212,0.7538677044907843,156.77456803622576,17.76463348502021,104.11326595050978,177.85457434410247,Asking
137,0.32598828125,0.31135555555555555,0.31794375,0.5317847222222222,0.44023984374999997,0.5406416666666667,0.1956484375,0.5229277777777778,0.4990234375,0.8213069444444444,0.06344765625,0.6650569444444444,0.5227468749999999,1.0127083333333333,0.13180468750000002,0.24544583333333334,159.0426826043877,156.6688375204207,215.63263039252664,156.66783834916473,197.75347273309768,3.712133002044218,148.83679197091402,22.246310066604114,110.4225370003625,167.57353965398903,Asking
138,0.32578359375,0.30628611111111115,0.320021875,0.529798611111111,0.4430953125,0.5418027777777777,0.1969484375,0.5177944444444444,0.5846921875,0.6194444444444445,0.07652187499999999,0.6410708333333334,0.6225890625,0.36459027777777775,0.13679921875,0.2058388888888889,161.09790087397164,157.77091812181362,189.66924141779015,157.77091812181357,177.87397054375327,2.623895830072342,150.0661788141703,18.920659551414996,162.85840430635557,14.807743019050234,Asking
139,0.32154453125,0.3126472222222222,0.3181359375,0.5182430555555555,0.43928671875,0.5157069444444444,0.19698515625,0.5207805555555556,0.5357046875,0.6485041666666667,0.064459375,0.6484388888888889,0.543140625,0.4943347222222222,0.12804609375,0.24906111111111112,148.09328347362685,155.0837502931884,156.1195030129163,155.0837620706952,192.93402521328372,1.6882444402869825,151.54937909560556,24.277628712449555,142.23377961701462,4.900907824057715,Asking
140,0.32596015624999997,0.30787916666666665,0.3182203125,0.5330569444444444,0.44049062499999997,0.5412638888888889,0.19595078125,0.5248513888888888,0.5310070312499999,0.6553125,0.0686796875,0.6541125,0.5742921875,0.4667319444444445,0.12661328125,0.2526819444444445,162.430406737778,156.61750961179274,142.0093114763958,156.61647259787202,187.61754521632568,3.496770248295629,150.26087623151773,24.365968758287245,144.6733809993514,22.19820017740712,Asking
141,0.32323359375,0.30867916666666667,0.3214640625,0.533975,0.44785624999999996,0.5407236111111111,0.195071875,0.527226388888889,0.51719375,0.8139208333333333,0.05266953125,0.6811083333333333,0.56490859375,0.9096472222222223,0.11234375,0.3823638888888889,162.22881246560365,161.85495174692676,215.79757715970774,161.85495174692676,213.30660479694484,0.7999760041583625,148.7068709918817,45.43367687962381,114.28491023592439,138.45476239627465,Asking
142,0.32589843749999997,0.31195138888888885,0.31781328124999997,0.5341777777777778,0.4434875,0.5413708333333334,0.19213906249999999,0.5269847222222221,0.49764609374999996,0.8322430555555556,0.0586515625,0.6822458333333333,0.52179609375,1.0481930555555554,0.09160703125,0.43985416666666666,160.3373375418215,160.94634761310988,220.60318563656332,160.94634761310988,204.1838961328733,3.7007382094878696,146.8052287352628,64.0100424114769,108.31511857404804,168.75556199757222,Asking
143,0.32459609375,0.30902083333333336,0.3221484375,0.5408888888888889,0.44667031250000006,0.5468805555555556,0.1976265625,0.5348986111111111,0.52032734375,0.8213736111111112,0.061825,0.648425,0.56746328125,0.9040416666666666,0.12740703125,0.24747222222222223,166.9743953844421,159.44637073323435,218.97145975217865,159.4463436802488,192.0852477339163,1.0751241918725756,154.8154667815345,23.476218809219127,115.50329234004332,134.61135743746877,Asking
144,0.32490390625,0.3131861111111111,0.320171875,0.5302888888888889,0.44334687500000003,0.5361333333333334,0.19699609375,0.5244444444444445,0.5236390625,0.7617458333333333,0.059975781250000006,0.641975,0.5629328124999999,0.7775888888888889,0.1317296875,0.2246263888888889,156.43130711273878,157.72014506714103,192.22271862867822,157.7211447111642,194.7334893643104,2.2190398902701123,154.2431532011593,21.156367534728588,122.32092737702895,102.77836459506612,Asking
145,0.32611093750000003,0.31372083333333334,0.32294921875,0.5381986111111111,0.44476250000000006,0.5492680555555556,0.20113671875,0.5271305555555555,0.5080671875,0.8464416666666666,0.042562499999999996,0.6184763888888889,0.52957734375,1.0064041666666665,0.1283984375,0.20676388888888889,161.6746596872868,156.1245629009094,228.7944101699165,156.1235131586527,213.36450498149873,1.434363567636159,162.04637284125135,21.98092737675529,110.74201748508425,166.55532345573548,Asking
146,0.32477187500000004,0.31156666666666666,0.320021875,0.5216513888888888,0.4382921875,0.532463888888889,0.20175078124999998,0.5108388888888888,0.5316,0.6847652777777777,0.0630609375,0.6190138888888889,0.54599296875,0.5465708333333333,0.13174453125000002,0.21432638888888889,151.3831447718008,151.5860390042566,162.13925497855226,151.58703768462527,193.85727875166305,2.3017890279136357,156.31113609932572,22.769314082298905,137.4437499114989,10.489848011343602,Asking
147,0.322665625,0.3123930555555556,0.3204796875,0.5337861111111112,0.44058359375,0.5416638888888888,0.20037500000000003,0.5259083333333333,0.47279296875,0.831875,0.04727890625,0.6015097222222222,0.465503125,0.9767888888888889,0.13657109375,0.20346805555555558,159.42755474823042,153.83759902247564,212.98048335000092,153.83859834254858,203.38251856538704,1.005609238895648,164.47620567956804,19.381030314206786,101.16157413864848,174.88960458446482,Asking
148,0.32270078125,0.31193055555555554,0.319353125,0.5347652777777778,0.43880703125,0.5425375,0.1998984375,0.5269930555555555,0.46752421875000005,0.8257166666666667,0.0453765625,0.5917541666666667,0.4668859375,0.9403361111111112,0.137065625,0.19957638888888887,160.49821091214693,153.00336929950268,207.1759515122351,153.00436863044138,203.2098996801091,1.5298712030523265,166.73487568182168,18.837793245855664,100.2197548303442,179.43279545021196,Asking
149,0.3246765625,0.3141638888888889,0.31648125,0.5473375,0.440946875,0.5546638888888888,0.192015625,0.5400111111111111,0.5240546875,0.6948624999999999,0.05023515625,0.6317722222222222,0.54511953125,0.564711111111111,0.1336109375,0.20157083333333334,168.21240538378854,159.40330448582304,146.64845083736816,159.403304485823,193.13106447436155,3.57537825904689,159.99580556755012,17.055561390518786,136.50168701813183,16.05217629692184,Asking
150,0.32783515625000004,0.3201111111111111,0.32067890625,0.5428680555555556,0.44460078125,0.5535916666666667,0.1967578125,0.5321444444444444,0.52355859375,0.7892361111111111,0.027706249999999998,0.6012166666666666,0.56215546875,0.8305194444444445,0.12340546875,0.20829444444444445,160.64636262611117,158.80780283411775,197.48470637494938,158.80680401670452,222.02741456856177,3.268758406659202,167.0564853260718,21.933088952737087,120.78154797149274,121.03329021093835,Asking
151,0.327021875,0.3171902777777778,0.32162421874999997,0.5390375000000001,0.443934375,0.5545666666666667,0.19931484375,0.5235069444444445,0.50108203125,0.852525,0.028833593749999997,0.6014041666666667,0.52570234375,1.028876388888889,0.11910859375,0.19569722222222222,159.8793519532776,156.95575494386947,226.65810618859408,156.95482872470026,225.30837102069688,2.476741652793701,165.5857992211338,23.507814419359747,108.82800533083007,166.06116030436885,Asking
152,0.32517968750000004,0.3150208333333333,0.3195046875,0.5333583333333333,0.44188671875,0.5408375000000001,0.197121875,0.5258777777777778,0.53599296875,0.7972694444444445,0.03924609375,0.6223819444444445,0.57392421875,0.956625,0.121590625,0.2019513888888889,157.37073713050972,156.74153063562954,220.45011702650555,156.74256440418475,213.69281188191616,2.6456283032991386,161.0251152808973,22.515559960049213,123.12102478935688,157.06372928884966,Asking
153,0.3283953125,0.31578333333333336,0.32005,0.5382069444444445,0.44192265624999993,0.5511805555555556,0.198178125,0.5252333333333333,0.5272851562499999,0.7692541666666668,0.0349296875,0.6041083333333334,0.5556234375,0.776226388888889,0.1185828125,0.2030736111111111,160.50086027495306,156.27641629497393,191.28958117210675,156.27541808294737,216.53764075559704,3.8160932470088285,164.79556522271696,23.712606015079402,124.83372571645482,97.87939578026028,Asking
154,0.32832109374999996,0.3194222222222222,0.31710703125,0.5413875,0.439346875,0.5524,0.19486640625,0.530375,0.48225625,0.8630958333333333,0.02040390625,0.6090902777777778,0.49078984375,1.027225,0.12005468749999999,0.18620138888888887,160.45831714498314,156.66777310602208,230.3449221862726,156.66877182450878,230.39163389541733,5.132326572126814,165.75940599219555,21.12796998392817,103.79462877746738,174.71902599996716,Asking
155,0.32806250000000003,0.3197097222222222,0.32070546875,0.5374875,0.4457265625,0.5462541666666667,0.19568515625,0.5287208333333333,0.49913203125,0.8618874999999999,0.0351234375,0.5956083333333334,0.49747578125,1.0175347222222222,0.1128734375,0.18431250000000002,157.08252572772057,160.1514348140534,237.31464855124304,160.15043559104046,211.08611664910603,3.4369072153054345,166.81190399902627,23.144776744549556,106.74137828811655,178.9162407338773,Asking
156,0.32815859375,0.31777500000000003,0.32269140625000003,0.5449680555555556,0.4490546875,0.5580041666666666,0.19632812500000002,0.5319319444444445,0.501553125,0.8819708333333334,0.03109765625,0.5951986111111112,0.5072703125,1.0560236111111112,0.10551875,0.18569444444444444,163.72862072649363,162.01710410015352,242.74252355118998,162.01710410015357,216.34490918207436,2.449651402251484,167.84525745524863,24.998055029036397,106.07099855003163,176.65798297276734,Asking
157,0.32912109375,0.31722083333333334,0.31992734375,0.5407666666666666,0.44485390625,0.5524458333333334,0.1950015625,0.5290861111111111,0.49910703125,0.8667180555555556,0.017552343749999998,0.6218291666666667,0.50486953125,1.0547652777777778,0.11237265625,0.18473333333333336,161.38263237721708,160.12695000217798,236.6924107613085,160.12600390005366,236.74714116542145,4.18171209643916,163.6172884451615,23.102382801493917,107.06122582294799,176.88172055665237,Asking
158,0.3298265625,0.31338750000000004,0.3187859375,0.5427694444444444,0.44279062500000005,0.5565680555555556,0.19478046875,0.5289708333333333,0.5061695312500001,0.8594791666666667,0.0347890625,0.5917861111111111,0.53513984375,1.041798611111111,0.10962578125,0.1847861111111111,165.75852149738785,159.03662251506734,232.69536059191216,159.0376205619287,209.723665927334,4.890777766911964,167.54631025638182,23.741800095069646,110.40365207301201,164.22573152690637,Asking
159,0.32786171875000003,0.3143486111111111,0.3192328125,0.5322722222222223,0.43925625,0.5452611111111112,0.199209375,0.5192819444444444,0.49220546875000004,0.8541208333333333,0.03041875,0.570575,0.5079312500000001,1.0308583333333332,0.11686250000000001,0.1761125,157.29326447753573,153.91438140732663,232.4776769197421,153.91444217161688,219.18568718098362,4.026574805691908,170.29985691244602,23.102863593943226,106.94977881206289,171.01123539659827,Asking
160,0.3298546875,0.3171902777777778,0.32111093749999997,0.5288388888888889,0.442221875,0.5406444444444445,0.2,0.5170333333333333,0.5335015624999999,0.8005666666666666,0.029728125,0.5965611111111111,0.56938125,0.9493847222222223,0.11311640625,0.17308194444444444,152.79744314941922,155.25485655527817,220.62183704248315,155.25485655527817,225.34426618842556,4.200522901510788,165.2797317489213,24.183622045210853,121.97741447091221,156.799150751447,Asking
161,0.32966484375,0.317675,0.31810703125,0.5389097222222222,0.44158359375,0.5538847222222223,0.19463046875,0.523936111111111,0.48193125,0.8655375000000001,0.033130468749999996,0.5754333333333334,0.48550625,1.0413097222222223,0.10968515625,0.17263333333333333,159.97452283723177,158.4173412982303,230.25654849536852,158.4172732406413,210.01889554037754,5.30613616660387,169.8313605529652,23.261330793004497,102.96132486858926,177.92920670161763,Asking
162,0.32935546875,0.31874027777777775,0.31871484375,0.5382833333333333,0.44199296875,0.5532111111111111,0.1954375,0.5233555555555556,0.485503125,0.8715236111111111,0.03180390625,0.5751666666666667,0.48019921875,1.0603625,0.114175,0.17507916666666667,158.6566905018506,158.16161708834414,235.85477411746402,158.16061940002638,212.74705595377813,4.924659612144373,169.90130065802757,22.52890125245609,103.65839480651266,177.14146203602087,Asking
163,0.32603125,0.3075222222222222,0.31915390625,0.5302791666666666,0.43948046874999996,0.5464652777777778,0.198828125,0.5140944444444445,0.5366531250000001,0.7558444444444444,0.02068515625,0.5693875,0.566075,0.7786055555555556,0.10838828125,0.1726638888888889,160.62640204524286,154.45827928602594,195.4407843056306,154.45720668845465,231.47225373681397,3.1416228218017865,170.09643605984863,25.216061448435756,129.52484176237976,113.51658776393732,Asking
164,0.32858203124999996,0.3070111111111111,0.31777421875,0.5283333333333333,0.43728359375,0.5412902777777777,0.198265625,0.515375,0.573653125,0.6109986111111111,0.029246875,0.5655819444444444,0.59546953125,0.34405416666666666,0.10863750000000001,0.17276666666666665,159.95136592101986,153.25620060865398,181.62539995551282,153.25526333865338,219.34328468635644,4.961641538260507,170.5140588668498,24.94200452793458,163.9582338233335,8.266736670288479,Asking
165,0.32739140624999996,0.30642777777777774,0.3200046875,0.5210930555555555,0.43954140625000004,0.5328222222222222,0.20046875000000003,0.509363888888889,0.577678125,0.6210277777777777,0.031029687500000003,0.5783111111111111,0.5948249999999999,0.3606972222222222,0.1124484375,0.17102083333333334,154.847930260627,153.23987755802997,187.87445352947796,153.23887907773272,222.49074157816096,3.5006524432215453,167.1076834799914,24.820107812347477,160.24284486601675,6.67862012482831,Asking
166,0.32880625,0.3093902777777778,0.3156484375,0.5320277777777778,0.4371296875,0.5461097222222222,0.19416796875,0.5179472222222222,0.5476265625,0.7070194444444444,0.028207031249999997,0.5950736111111111,0.4903859375,0.4916902777777778,0.11519921875000001,0.18577083333333333,161.1813337983031,155.82620234415006,182.82921845536617,155.82513939990554,219.56820548749766,5.997842140515088,165.3502205547973,22.910550686890698,140.67793763079567,25.294667024373908,Asking
167,0.32492265625,0.3073388888888889,0.318728125,0.5360972222222222,0.43789531249999997,0.5496847222222223,0.19956015625,0.5225083333333334,0.519396875,0.7273430555555556,0.03231484375,0.5819694444444444,0.51532421875,0.6513791666666666,0.1119234375,0.1741777777777778,164.8967418629004,152.84740182613507,165.0608102488292,152.84846378357878,218.31295156265924,2.756109546485905,168.69078810977757,24.097645748701172,129.19943167195194,5.4445340510657845,Asking
168,0.325671875,0.3098361111111111,0.31745859374999996,0.5296777777777778,0.43982968749999996,0.5405125,0.19508828125,0.5188430555555555,0.515315625,0.8301694444444444,0.02956640625,0.5938652777777779,0.53253828125,1.0122444444444445,0.11661015625,0.1805375,158.63474072535308,156.82913895701907,229.84813397763318,156.828140194928,218.64532393810757,3.7998758396567465,165.69707372020386,22.411172080417074,114.85815261487262,170.45434976915783,Asking
169,0.32888671875000003,0.31183333333333335,0.318590625,0.5402152777777778,0.4421546875,0.5522958333333333,0.1950265625,0.5281361111111111,0.5083578125,0.8557152777777778,0.01846171875,0.6108944444444444,0.52116171875,1.0663458333333333,0.1135640625,0.24107222222222222,164.9622843743381,158.4009894161018,234.32138836222356,158.40093450797568,233.7260092608437,4.582299793659711,165.2299976835894,26.770704292289427,111.20095168472375,173.83207565580875,Asking
170,0.3282359375,0.3113111111111111,0.31963671875,0.5413430555555555,0.44331875,0.5536375,0.19595546875,0.5290486111111111,0.4896109375,0.865676388888889,0.0306828125,0.5911125,0.49618203125000004,1.0681847222222223,0.12528515625,0.1959,165.98834952489887,158.56028466485546,232.35048254737927,158.55928622442772,216.2170622245155,3.8021810359959627,168.07260955939097,20.66232811339772,104.7747651320843,176.69848079008722,Asking
171,0.32989999999999997,0.3117152777777778,0.3166703125,0.5373375,0.442775,0.5457361111111111,0.19056562500000002,0.5289375,0.51996640625,0.8318666666666666,0.02744375,0.6375541666666666,0.56235234375,0.9868708333333334,0.10458281250000001,0.22886527777777776,163.32823717900095,161.52722867987296,228.48237617155505,161.5272661193769,222.96106214314642,5.951166321245636,159.4666928706001,26.994527398032318,115.62253122065277,154.0740430460309,Asking
172,0.32920859375,0.30683055555555555,0.32036953125,0.5375930555555556,0.44351250000000003,0.5428569444444444,0.19722656249999998,0.5323291666666666,0.52232578125,0.7307430555555555,0.0398859375,0.5949194444444444,0.5684921875,0.5885611111111111,0.09974453125,0.22524166666666667,166.53377074035163,157.66855814968315,168.7516324217339,157.6685581496831,206.37636260240657,3.8955711953563243,167.38708680818084,29.437722972685673,126.71303585539626,29.99541409664506,Asking
173,0.327884375,0.31080138888888886,0.31649375,0.5335291666666667,0.43977890625000005,0.5483666666666667,0.19320781250000002,0.5186916666666667,0.51899609375,0.7361055555555556,0.033895312500000004,0.5953222222222222,0.53915234375,0.5884638888888889,0.10501015625000001,0.22468472222222222,161.02542934580242,158.1661927024862,168.97640068364575,158.1671904188729,211.25230572942868,5.194944336003682,164.86015578476045,28.071292811056573,126.87505159542665,13.642173505647465,Asking
174,0.32410703125,0.30677499999999996,0.31670234375,0.5387236111111111,0.44094765625,0.5502569444444444,0.19245703125,0.5271916666666666,0.5158796875,0.7921152777777778,0.0417546875,0.5737416666666667,0.5527796875,0.7780069444444444,0.105965625,0.2216388888888889,167.2717384766476,159.2506501462396,198.80479524649297,159.25059800515666,195.78903558933018,3.248249889229955,170.14331878229208,26.712788761802557,118.84541512435605,77.8625023180268,Asking
175,0.3238,0.30499583333333335,0.31843359375,0.5418861111111112,0.444384375,0.5449666666666666,0.19248203125000002,0.5388055555555555,0.5211421875,0.8208652777777778,0.01567578125,0.6102597222222222,0.5718085937499999,0.8940458333333333,0.10184140625,0.22576666666666664,170.69926151568438,161.2322567385323,221.6160939755956,161.23325664390708,232.0860080939823,2.3062255755229293,167.19273570195023,27.237451878771296,116.31681233470934,129.09222910342484,Asking
176,0.32425703125,0.30544305555555556,0.31591718750000003,0.5404583333333334,0.439253125,0.5510305555555556,0.19258124999999998,0.5298847222222223,0.54750390625,0.6805430555555555,0.041416406249999996,0.5877805555555555,0.57651015625,0.484275,0.10168046875,0.2257583333333333,169.5473920353834,158.053406935757,167.01654625216023,158.0534550998491,197.93030668899593,3.6098300611615675,167.84222409904226,27.984505663119727,146.0601729024318,14.720948606413485,Asking
177,0.32229687500000004,0.3112958333333333,0.31747890624999997,0.5379708333333333,0.43916171875,0.5484249999999999,0.19579609375,0.5275152777777777,0.547415625,0.7011638888888889,0.02768671875,0.5755125000000001,0.60300390625,0.5405555555555556,0.0935796875,0.22392499999999999,163.32247342297995,155.9357696136457,176.9013849832726,155.935817886719,217.9373482540338,2.163983218940234,170.8761829676449,30.903198998568467,141.56275488579436,31.604323014687484,Asking
178,0.32161796875,0.3106541666666667,0.31980624999999996,0.5452652777777778,0.4439390625,0.5554847222222222,0.19567421875,0.5350444444444444,0.5343703125,0.7575166666666667,0.027758593749999998,0.5683930555555555,0.58795390625,0.64735,0.0951421875,0.2184375,168.93591732074032,159.06027871219138,185.8978479515027,159.05932604534698,216.26902863100855,0.7865295194294689,173.6256659946335,29.444589452897727,128.51097625488396,40.8495569042951,Asking
179,0.32153359375,0.31069722222222224,0.31857734375,0.5351722222222223,0.44080624999999996,0.5466041666666667,0.1963484375,0.5237402777777778,0.5312921875,0.6732458333333333,0.02529921875,0.5896319444444444,0.55588203125,0.5108138888888889,0.10520859375,0.206625,161.66629067310228,156.66936704410338,147.40723458500943,156.66936704410344,224.02406257587597,1.341201248809468,167.7737900092067,27.064236039178564,141.78806484614674,15.063094252969892,Asking
180,0.3216578125,0.30904444444444445,0.31872500000000004,0.5304680555555555,0.44060859375000005,0.5400875,0.1968421875,0.52085,0.531453125,0.6999277777777777,0.02337109375,0.5630833333333334,0.5701953125,0.5790888888888889,0.09200546875,0.20725,159.46919182400092,156.16466180605653,163.6026533586787,156.1636184423248,224.11546201232971,1.348901467032814,172.20205353667913,30.723543592010635,135.29617636962084,29.6820068917347,Asking
181,0.32268125,0.3103541666666667,0.31598906250000003,0.5337097222222222,0.437034375,0.5477097222222223,0.19494375,0.5197097222222222,0.56850625,0.6007666666666667,0.034828125,0.552476388888889,0.6195375000000001,0.33076666666666665,0.1012078125,0.19216805555555555,161.0439760189744,155.2655475113523,172.56541095190542,155.2655475113523,206.30139400401538,3.0490266259689593,173.433463186445,26.965389384782245,167.21042118640267,18.57277224185207,Asking
182,0.32308515625,0.3086902777777778,0.320571875,0.5327958333333334,0.44310546874999995,0.5408305555555556,0.1980375,0.5247611111111111,0.52305390625,0.8197333333333333,0.023915625,0.5673208333333334,0.55589296875,0.9596888888888889,0.10140390625,0.19449444444444444,161.38806593115862,156.94965076100038,225.38168438451248,156.95065008148262,224.9726757297428,1.142170767387109,172.17154163703165,27.48185836789399,117.00366819227881,157.35720682734257,Asking
183,0.327409375,0.3138222222222222,0.3142390625,0.5318833333333334,0.43476640624999996,0.5452055555555556,0.1937125,0.5185625,0.52113984375,0.7274999999999999,0.0114953125,0.5529722222222222,0.555725,0.6859013888888889,0.09923125000000001,0.1902888888888889,157.90645388963685,154.57290218210952,171.6104858917426,154.5718420573424,234.5501338072524,6.128543238496636,173.93666559293158,27.09731283666045,130.10856899823668,55.9189658836624,Asking
184,0.32537109375,0.30887916666666665,0.3183796875,0.5235916666666667,0.4396171875,0.5319902777777779,0.19714140625,0.5151944444444444,0.5175757812499999,0.7319263888888888,0.00214609375,0.5754805555555556,0.54441875,0.6858527777777778,0.1019078125,0.19501111111111108,154.85180092591753,155.30177096543363,175.15764181159773,155.30273127347118,253.3401777689437,3.3130112992905336,170.13456118920098,27.868658181463115,124.72918568747055,46.0061276087212,Asking
185,0.32379453125,0.3098152777777778,0.31836328125,0.5371291666666667,0.44000781250000004,0.5485055555555556,0.19671875,0.5257541666666666,0.5078609375,0.7921972222222221,0.01403515625,0.5496875,0.5313984375,0.8017513888888889,0.09830703125,0.19105416666666666,163.81358264808202,155.92029856949355,195.7773727170737,155.92024603944157,234.46907908933323,2.432276456296319,175.78532124433488,27.5969393757517,116.3354860661191,102.86162666450154,Asking
186,0.32527578125,0.31246805555555557,0.31924140625,0.5337027777777779,0.44071640624999997,0.5468416666666667,0.197765625,0.5205625,0.48775546875,0.8431013888888889,0.01399921875,0.541988888888889,0.4994703125,0.985876388888889,0.10253828125,0.18646388888888887,159.47616027795505,155.77551073259232,221.6418740874567,155.77656961815538,235.72634806062726,2.7761253293567796,176.24762283165512,26.87205456177296,105.7627396331309,171.70087667464543,Asking
187,0.32431796875,0.30706666666666665,0.3175,0.5364055555555556,0.44073593750000006,0.5481472222222222,0.1942640625,0.5246652777777778,0.5354328125000001,0.7180555555555556,0.038875781250000005,0.5495611111111112,0.57551328125,0.6239638888888889,0.10345703125000001,0.18408055555555558,165.3544553527361,157.96837873447973,172.21485563098207,157.96832522059603,199.7030851889875,3.0253354221667794,174.850300292606,25.36061714345404,134.73604407453993,37.13608479186222,Asking
188,0.32824609374999997,0.31355,0.3160234375,0.5373625,0.4396859375,0.54615,0.19236015625,0.5285736111111111,0.49748749999999997,0.8453527777777777,0.0115640625,0.5722125,0.51338515625,1.0078319444444443,0.09907031250000001,0.1895277777777778,161.90267771102492,158.41439919716896,227.77684182550254,158.41543834172222,233.54222307968212,5.545266012637634,172.26816964461014,26.066160707878645,108.95454409919583,170.13239484583795,Asking
189,0.32637890625,0.3116319444444444,0.31844843749999996,0.5393444444444444,0.44245625000000005,0.5509972222222222,0.19444062499999998,0.5276902777777778,0.5311539062499999,0.7723611111111112,0.0104,0.5746694444444445,0.55245625,0.8031458333333333,0.11105000000000001,0.17754305555555555,164.26694436191352,158.9515806778908,195.6843478998767,158.95163346439693,237.98802030564477,3.5428933343074056,171.82893875399412,22.947475394615687,125.46351124927119,129.10722547834698,Asking
190,0.32401171875,0.3137138888888889,0.316878125,0.53125,0.43849218749999996,0.5395263888888889,0.1952640625,0.5229722222222223,0.5466046875,0.627325,0.01297265625,0.5501319444444445,0.574475,0.4303222222222222,0.09856328125,0.18869027777777778,156.89193426368357,155.78001552509872,152.13897489138014,155.78005378096387,234.15099169980041,3.336459316678877,175.2093924931562,27.215579043205366,155.4486721919331,14.117383028677256,Asking
191,0.32445,0.31238055555555555,0.31979531250000004,0.5407736111111111,0.44399531249999996,0.5555194444444445,0.1955953125,0.5260263888888889,0.5331921875,0.7214958333333333,0.02512421875,0.5468999999999999,0.55894375,0.6139819444444444,0.10182968750000002,0.18269166666666667,164.55089794042453,159.33012667100965,165.27617067502504,159.33019330936622,218.71995805138587,2.07499862495277,176.05990537136788,25.897307344601113,133.69309585523638,23.06481988893571,Asking
192,0.31937812499999996,0.31053333333333333,0.31630390625000004,0.531798611111111,0.4364890625,0.5402972222222222,0.19611875,0.5232986111111111,0.50961171875,0.7132208333333333,0.01712421875,0.5902819444444444,0.5202125,0.5996069444444444,0.09953515625,0.20206666666666667,159.35959006598878,153.95864616837858,155.76229785798614,153.95868591605998,234.1339504493101,1.414924635852043,168.1128543678309,28.125293427659862,126.93412272043226,9.418246879918478,Asking
193,0.3189296875,0.31646250000000004,0.3177765625,0.5269444444444444,0.43783984374999996,0.5399180555555555,0.1977140625,0.5139708333333334,0.52164140625,0.7089611111111112,0.025625,0.5461222222222223,0.5390640624999999,0.6208291666666667,0.10494218749999999,0.19564166666666666,151.55418761947817,153.9646194487551,162.23304927480103,153.96362129087507,221.4870453931787,0.5580176228276224,174.000702428346,27.38887773182909,131.39028273454048,19.36381634332471,Asking
194,0.32150625,0.3154777777777778,0.318271875,0.5342333333333333,0.43837421875000004,0.5479402777777778,0.19816953125,0.5205263888888889,0.48817578125,0.8265888888888889,0.024971874999999998,0.5951152777777777,0.50578828125,0.9702555555555554,0.10248984375,0.2002111111111111,157.55840065194874,154.04745217626942,210.51067822084465,154.04745217626933,228.10503252887693,1.5056755468121,166.382710395069,27.969670822982998,107.62681694072585,167.7050589837686,Asking
195,0.32232656249999997,0.31842638888888886,0.32234375000000004,0.5409805555555555,0.44679453125,0.5579861111111111,0.19789375,0.5239736111111112,0.5240218750000001,0.8430402777777778,0.04168203125,0.5645652777777778,0.56074375,0.9766694444444445,0.11048828125000001,0.19690694444444443,160.23900151024404,159.76686059693358,227.80379128100572,159.76594017812434,202.0756330609903,0.00786641917617324,171.6842030677048,25.412125010480064,115.71725579664283,153.96259206875072,Asking
196,0.3198375,0.3113652777777778,0.31899453125,0.5357791666666667,0.4390484375,0.5503152777777778,0.19893984375,0.5212416666666666,0.5235898437500001,0.7136916666666666,0.03924609375,0.5474986111111111,0.54114453125,0.6277958333333333,0.10003984375,0.20098194444444445,161.58160268112212,154.02499380620014,159.83461931008569,154.0260594477441,205.2803680067824,0.38260918658101156,174.71594041767395,28.766735871672378,132.6120721292289,19.967483951186033,Asking
197,0.32158046875,0.3154902777777778,0.3154765625,0.5364180555555556,0.43549453125,0.5471763888888889,0.19545859375000002,0.5256583333333333,0.56026953125,0.6369569444444444,0.03760703125,0.5540583333333333,0.55522890625,0.4326541666666667,0.09903046875,0.19630277777777777,159.25976137430322,153.81816097262376,172.29773970659045,153.81821133402897,203.08206027121156,2.811957505872959,174.2211892114738,27.496732438686326,157.96480054751098,2.5114928537138996,Asking
198,0.32045390625,0.3122833333333333,0.32030546875,0.5413013888888889,0.44152812499999994,0.5546222222222222,0.19908359375,0.5279805555555556,0.55238671875,0.6871666666666667,0.03703828125,0.5530583333333333,0.61956484375,0.5607125000000001,0.09808359375,0.1848888888888889,164.89310946488945,155.46113503380832,171.00465731961808,155.46013693870205,208.2024155959772,0.06601974183436135,175.02487146899358,27.625118867558776,146.07779960458063,43.36314577814364,Asking
199,0.32113671875,0.31555555555555553,0.31851640625,0.5377736111111111,0.43953515625,0.5501638888888889,0.197496875,0.5253833333333333,0.5176640625,0.7259041666666666,0.01435234375,0.5715666666666667,0.53266328125,0.6283513888888889,0.0991234375,0.19118055555555558,160.03215091037177,155.1606698135839,161.2811213812701,155.161668159375,236.77156951162866,1.2009094086363243,171.92674074928684,27.62276602516794,128.32098155803814,15.287899961284925,Asking
200,0.32015937499999997,0.31485972222222225,0.31735156249999996,0.5372708333333333,0.44018515625,0.5521625,0.19451875000000002,0.5223805555555555,0.53612890625,0.7966152777777777,0.0171703125,0.5801472222222223,0.586365625,0.8767458333333332,0.10137499999999999,0.18909583333333332,160.17632575383914,157.5921660901963,214.615742432842,157.5911003737203,230.78478827687064,1.2856975781673916,169.61743427716846,26.419984112863407,124.90536740667007,131.8991202721867,Asking
201,0.32106015625,0.31521944444444444,0.32079765625,0.537325,0.44419453124999997,0.551825,0.19740078125,0.522825,0.48760234375,0.8798180555555556,0.02371015625,0.5754611111111111,0.48732578125000003,1.0860444444444444,0.10729843750000001,0.18808611111111112,159.91635298492773,158.2926539798989,242.60321487770935,158.2926539798989,225.53097210804552,0.12038416160178567,170.32617784548648,25.572422024736408,103.23962739078954,179.86340074271564,Asking
202,0.31843984375,0.31543750000000004,0.31921484375000003,0.5318847222222222,0.44114453124999997,0.5411638888888889,0.19728515625,0.5226041666666666,0.53349765625,0.7181083333333333,0.022215625,0.5619708333333334,0.55131171875,0.6750791666666667,0.09731953125000001,0.19751805555555554,155.84515721702743,156.21293371869046,173.79538815515215,156.21297649043117,225.87443914042154,0.36470685462511065,172.79119789597388,28.66435414524959,132.85764431755092,36.35304909879588,Asking
203,0.3218359375,0.3129722222222222,0.31799374999999996,0.5397125,0.43892031249999997,0.5492638888888889,0.19706718750000002,0.5301625,0.55625,0.6708347222222222,0.03639140625,0.5556166666666666,0.6032453125,0.5279944444444444,0.09843437499999999,0.1956277777777778,163.3270606268294,154.93869408575767,173.8283897555287,154.93864970368108,206.4799533949967,1.725514690695591,174.90776993972577,27.661394858963195,149.7649636271108,30.323348405100067,Asking
204,0.3184359375,0.3155833333333333,0.31723984375000003,0.5366166666666666,0.43431875,0.5469152777777778,0.20016171875,0.5263180555555556,0.51271796875,0.6800305555555556,0.0386703125,0.5499625,0.51005703125,0.49049166666666666,0.10095000000000001,0.19612916666666666,159.15136410662646,150.04433193559828,138.76672457761626,150.04333315745822,207.40884083616106,0.5511808957217612,175.29189835390744,28.109713191385342,136.3162682520313,1.4297045444038585,Asking
205,0.3207671875,0.3190138888888889,0.31851015625,0.5338958333333333,0.43933906250000004,0.5522180555555555,0.19768125,0.5155736111111111,0.50731328125,0.8223125000000001,0.0026796875,0.5729847222222222,0.5385515625,0.9617194444444445,0.10251171875000001,0.19555833333333333,154.7419708611726,155.2225943121684,213.04464572713397,155.22259431216833,253.00162706986688,1.0697622866880931,170.5967253193352,27.865156487834373,114.10423719435124,158.27943783936834,Asking
206,0.32024140624999997,0.31461249999999996,0.3205453125,0.5420874999999999,0.44541171874999996,0.5531180555555556,0.19567812499999998,0.5310555555555556,0.49783203125000003,0.8531680555555555,0.022180468749999998,0.5636666666666666,0.5017296875,1.0161180555555556,0.098046875,0.1928861111111111,163.7824619579276,160.02619974554162,226.21603590373513,160.02724814543305,223.31480991864376,0.13608342992976763,173.96459171565002,27.169322976049703,107.25412149369615,177.56506309480466,Asking
207,0.323309375,0.3149861111111111,0.31822578125,0.5404305555555555,0.43869218749999994,0.5538305555555555,0.19775937500000002,0.5270319444444445,0.5398453125,0.6824152777777778,0.022593750000000003,0.5562041666666666,0.5704343749999999,0.5398402777777778,0.100075,0.18678333333333336,162.45037226488589,154.49853951736884,159.17058816565327,154.49847707340032,225.19366989327207,2.295614340004847,174.648196382444,27.039528545138,144.43357466671435,20.87771083768095,Asking
208,0.32411640625000004,0.31290138888888885,0.31760234375,0.5418527777777778,0.43915390624999995,0.5550444444444445,0.19605,0.5286625,0.54452734375,0.7222513888888888,0.038603125,0.5562777777777778,0.59970234375,0.6335666666666667,0.10087968750000001,0.18015416666666667,165.0557368557664,155.87564081664584,180.79155457321562,155.8765780289008,202.51044593551214,2.8956014454128347,174.36547451043836,25.895358532862524,138.24863282986001,47.882443685279846,Asking
209,0.32018828125,0.31243055555555554,0.31939921875,0.5386902777777778,0.44094140625,0.5468763888888889,0.19785703125,0.5305027777777778,0.49609296875000003,0.8481763888888889,0.041726562499999995,0.5639444444444445,0.502728125,1.0129444444444444,0.10755078124999999,0.1845125,162.91013089737547,155.6856085577597,228.13316491032168,155.6856464193151,201.29225889983948,0.35522105169239804,173.12999407269763,24.891975378053207,108.02561058513824,175.9051505735506,Asking
210,0.32062109375,0.3162652777777778,0.3188796875,0.5382527777777777,0.439584375,0.5544180555555556,0.198175,0.5220875,0.5389406250000001,0.6924416666666666,0.00535703125,0.5830138888888888,0.5589570312500001,0.5145652777777778,0.08808906250000001,0.19027638888888887,159.8465420395449,154.93977644555966,161.39864654017398,154.93977644555966,250.67510633886243,0.798994024294704,169.92160737906374,30.532890472455883,141.9954628479137,11.312857589192165,Asking
211,0.320121875,0.31654027777777777,0.320003125,0.5373736111111111,0.4424234375,0.5539986111111111,0.1975828125,0.5207472222222223,0.54278515625,0.6937263888888889,0.02490546875,0.5532166666666666,0.5907312499999999,0.5353958333333334,0.0859234375,0.18659166666666668,159.00007265407146,157.15452301477043,163.16834002036055,157.15459918500633,222.25990554528724,0.054773307126406066,173.9622805039622,30.71248612143917,141.93422566082253,28.295870144683395,Asking
212,0.31838046875,0.31724583333333334,0.31977734375,0.541075,0.4425625,0.5575541666666667,0.19699296875,0.5245972222222222,0.51049765625,0.8064583333333333,0.024962500000000002,0.5500625,0.5277164062499999,0.8137930555555556,0.08233515625,0.19114722222222222,161.1669184200033,157.61223128298136,199.1936303449485,157.61115884352859,220.9610187929084,0.6356574683865793,175.24021287982373,31.437210336443222,115.88365076180824,103.47459223392637,Asking
213,0.322828125,0.3153680555555555,0.31716171875,0.5340069444444444,0.43764609375,0.5433097222222222,0.19667734375,0.5247041666666666,0.56976953125,0.60575,0.027503906249999998,0.5449055555555555,0.60921796875,0.38356250000000003,0.08356640625,0.1752027777777778,157.58699949234392,154.3653834381271,174.9915134313661,154.36538343812705,217.02993984471362,2.6379913842222047,176.15724808321386,29.914030296771593,165.11323246847036,17.517614647764983,Asking
214,0.32319609374999997,0.311875,0.31616953125,0.5395472222222222,0.4367640625,0.5491319444444445,0.195575,0.5299625,0.57724609375,0.6275027777777779,0.027916406249999998,0.5681180555555556,0.602278125,0.40086249999999995,0.08173046875,0.1857013888888889,164.170550988903,154.51518411470116,188.46262180602287,154.51518411470116,216.35424283567912,3.140492377299157,172.7050639823674,30.451167846394032,162.5780193275668,11.108844739978014,Asking
215,0.31676640625,0.31335,0.31887578125,0.5349027777777777,0.44040625,0.5447847222222222,0.19734609375,0.5250208333333333,0.50871875,0.8558958333333333,0.05191015624999999,0.5487013888888889,0.52572421875,1.0608138888888887,0.10247500000000001,0.19360833333333333,159.54084844954286,155.72162889592443,240.46154287120422,155.7206299402876,186.9371644804746,0.9696951696262668,174.76694450541973,26.972078851891347,111.32354275692073,171.60758571984616,Asking
216,0.31613437499999997,0.32216944444444445,0.31644843749999996,0.5333472222222222,0.44012578125,0.5439166666666667,0.1927703125,0.5227777777777778,0.5295726562499999,0.8099124999999999,0.005009375,0.5760694444444444,0.55663515625,0.9674250000000001,0.10540078125,0.19674166666666665,152.04853142335838,158.48980518948215,223.13040884872677,158.49080403607016,243.37766630486044,0.15148406882081766,170.92911975053963,25.4731312025472,120.87167370750784,163.01506831937672,Asking
217,0.31308203125,0.3165986111111111,0.31332499999999996,0.5363805555555555,0.43735390625,0.5488416666666667,0.189296875,0.5239194444444444,0.5058210937500001,0.8370222222222221,0.027025,0.585225,0.5346765625,0.9961597222222223,0.11728125,0.19669583333333335,158.2433056087998,159.01031989465338,225.23880470291968,159.00932148776684,212.346304097811,0.11260507249433492,168.00255963737388,21.368155644508896,112.89784240673701,162.13306560384308,Asking
218,0.3133421875,0.3172097222222222,0.31051796875000004,0.5450597222222222,0.43737734375,0.5506402777777778,0.18365859375,0.5394791666666667,0.5398421875,0.6921819444444444,0.019902343750000002,0.5985208333333334,0.5891015625,0.5531236111111112,0.11277265624999999,0.19849583333333334,164.09182468666742,162.4297039460455,166.09419654220315,162.42970394604555,213.87522943061919,1.2623480855638958,168.53549985424593,20.283130446642257,142.15209453381198,32.20074233622201,Asking
219,0.30440234374999997,0.324925,0.30298671875,0.5526763888888889,0.43224062500000004,0.5584319444444444,0.1737328125,0.5469208333333333,0.48670703125000003,0.8628194444444445,0.0292328125,0.6252361111111111,0.47944296875000003,1.0745791666666666,0.12049140625000002,0.20774583333333332,163.99101104938651,165.49689048740467,229.98071086506363,165.4968904874046,193.36415223355127,0.633096073217916,163.045606368473,15.592481904709718,107.64646602103397,176.51021394404503,Asking
220,0.29790859375,0.3253111111111111,0.30189765625,0.5558083333333333,0.4314265625,0.5607958333333334,0.17236875000000002,0.5508208333333333,0.500446875,0.8695527777777777,-6.328125e-05,0.6130458333333333,0.50534140625,1.0046638888888888,0.11261953124999999,0.19877499999999998,166.03652911332497,165.8358842048367,239.21648927488252,165.83588420483665,225.21422595608828,1.7622530572099608,168.5255698819148,16.789846445621027,111.67331649419133,176.3151416466542,Asking
221,0.30605703125,0.3312361111111111,0.30209921875,0.5510652777777778,0.42840703125,0.5561791666666667,0.17579140625,0.5459527777777778,0.50730546875,0.8292375000000001,0.0155046875,0.5929875,0.5330203124999999,0.9823736111111111,0.1175640625,0.1988777777777778,158.35805342640455,161.71592191246967,221.02336189642944,161.71589914723907,207.94310787809246,1.8332503136316058,170.62723160581794,16.607235456613882,117.18854021032767,163.37821048412863,Asking
222,0.28898203125,0.3376388888888889,0.29624843749999996,0.5457097222222222,0.41771874999999997,0.5474291666666666,0.17477734375,0.543988888888889,0.478840625,0.8461208333333333,0.035922656250000004,0.5732888888888888,0.48509609375,0.9537541666666667,0.1053171875,0.20337222222222223,150.09944810691346,155.48692860816305,228.84670646526686,155.4879365417137,178.98160791545035,3.5526424653102144,173.23099109409648,19.927242910630653,109.99089260558696,174.10104795954567,Asking
223,0.28478359375,0.3409625,0.29397890625,0.5464333333333333,0.41780156249999995,0.5474986111111111,0.17015625,0.5453666666666667,0.48728125,0.7481402777777777,-0.0032406249999999996,0.5941583333333333,0.474253125,0.5632791666666667,0.100390625,0.20748472222222222,148.40647095393115,158.4948558723594,169.6423467180291,158.49486071478785,224.7109957345212,4.548860231641002,171.0058198754824,20.1568884059027,121.61737061254135,7.141333955222146,Asking
224,0.27936640625,0.34244722222222224,0.29256953124999996,0.5417069444444444,0.4139109375,0.5388402777777778,0.171228125,0.5445722222222222,0.48306171875,0.7782972222222223,0.029763281250000002,0.570861111111111,0.47393906250000006,0.6893902777777777,0.09765546875,0.2121736111111111,144.45895641669296,155.33071359200028,193.80251404458096,155.33070030744082,182.06159619480434,6.718317385427545,174.03247164239227,21.479186927540507,117.17549585914081,10.338003334680634,Asking
225,0.27756015624999997,0.3408847222222222,0.29378671875,0.5431569444444444,0.41947734375,0.5398333333333334,0.16809609375,0.5464805555555555,0.49642734375,0.860175,-0.007871093749999999,0.618023611111111,0.5167984375,1.0469347222222223,0.09723984375,0.21319722222222223,147.10961014155396,160.90179584143866,250.79680885529626,160.90179584143866,231.05311026904616,8.116552591223247,167.118222752961,20.704421037419067,113.12461639111889,169.02576095394994,Asking
226,0.28063906250000004,0.33700416666666666,0.2954625,0.5463194444444445,0.41978359374999996,0.5481416666666666,0.17114140625000002,0.5444972222222222,0.488471875,0.8644388888888889,0.00290234375,0.6128902777777778,0.500184375,1.034622222222222,0.09401796875,0.21954027777777776,151.89671663666732,159.136408483414,244.11652340019918,159.13640848341402,220.90444261037396,7.175779358550179,167.11967418091587,22.87622799689451,111.11002071621623,173.0244333423199,Asking
227,0.27865,0.33871527777777777,0.2954484375,0.5403111111111111,0.4189,0.5422013888888889,0.171996875,0.5384194444444445,0.4794484375,0.8297902777777777,0.013802343750000001,0.5733527777777778,0.48673203125000003,0.8374180555555556,0.09251484374999999,0.22060972222222222,146.73298267601595,158.02386099890109,221.09287663785096,158.02386961468824,204.04513771467333,8.426368171514802,172.91932083965833,23.970410729836235,110.52037598403211,120.50152072879396,Asking
228,0.28465625,0.33403055555555555,0.2998328125,0.5484249999999999,0.42414921874999995,0.5531222222222222,0.175515625,0.5437277777777777,0.49543828124999995,0.8761486111111111,0.020867187500000002,0.5769166666666666,0.49259609375,1.0499166666666668,0.08763984375,0.2262736111111111,155.58153480410198,159.16093600189708,249.83905567584907,159.16193577611452,199.38711421754414,7.172704276716407,173.11671219731565,26.20244041811908,111.42205372409971,178.33443903668552,Asking
229,0.2883984375,0.3403888888888889,0.29743125,0.5414263888888888,0.42000234374999995,0.5462638888888889,0.17486015625,0.5365888888888889,0.5046999999999999,0.7602986111111111,0.03315390625,0.5758152777777777,0.47076640625,0.5225847222222223,0.080921875,0.22682083333333333,145.20803646148514,156.92965675741468,188.4190266241708,156.9296567574147,183.5696666255076,4.566935886469261,171.1496390284561,28.329885192424765,125.12641936946267,14.239754297136953,Asking
230,0.29841015625,0.33679583333333335,0.293275,0.5462013888888889,0.41796484375,0.5468986111111112,0.168584375,0.5455055555555556,0.49538281250000005,0.7681930555555556,0.04663125,0.5848083333333334,0.47659375,0.5902944444444445,0.0761203125,0.2230277777777778,150.91520901817682,159.60378946942333,187.6339661388631,159.60478632234057,158.6442145305022,2.496264831595362,169.72493693490233,27.009861736831972,121.8791478172911,10.634211869657978,Asking
231,0.29970078125,0.3309958333333333,0.2912796875,0.5516722222222222,0.41921171875,0.5518027777777778,0.16334765625,0.5515402777777777,0.483390625,0.8552263888888889,-0.01931015625,0.6415541666666666,0.4965140625,0.9588819444444444,0.0637625,0.21939861111111114,159.25220755141825,163.75302697965614,233.39968814460747,163.75302755674474,242.61844798778185,3.881037195714219,164.50660696484056,28.058793801962654,110.60767604484332,167.31537841416764,Asking
232,0.29774218750000003,0.33702638888888886,0.29269531249999997,0.5474152777777778,0.416390625,0.5454930555555555,0.16899921874999999,0.5493361111111111,0.4838359375,0.7786263888888889,0.01564296875,0.5935694444444445,0.48551796875,0.6796986111111111,0.06121953125,0.20847222222222223,151.61768366519786,158.3360488202229,188.75514730994752,158.33704004433073,198.8628037617895,2.4419500793243443,170.7843615349605,29.341457354935475,117.21720673972881,1.7313453230739724,Asking
233,0.30228828124999996,0.3260888888888889,0.29902890625,0.5502236111111111,0.42925859375000003,0.5586833333333333,0.1687984375,0.5417652777777778,0.5081640625,0.784475,-0.03875625,0.6029652777777778,0.53970390625,0.6689958333333333,0.04644140625,0.17785694444444441,161.43091932154758,166.80524547207742,191.38913997664548,166.80620829273713,269.29943370902214,1.4809096688181873,170.5826586093906,30.868570586094165,121.85122438976289,25.898860876933146,Asking
234,0.30042421875,0.32564444444444446,0.302446875,0.5527513888888889,0.434190625,0.5617152777777777,0.17070234374999999,0.5437861111111111,0.48003046875,0.8925513888888889,-0.046545312500000005,0.5619097222222222,0.48246953125,1.0864444444444445,0.03644921875,0.1708013888888889,163.53749481388053,168.75546077090365,245.32213195918538,168.75649828673266,278.38299935520484,0.9071006641815116,177.31331766053702,32.61510174552918,103.83787234540412,178.71888417595937,Asking
235,0.300434375,0.3100041666666667,0.30428828124999996,0.5425013888888889,0.43278125,0.5488736111111111,0.17579453125,0.5361291666666667,0.4814453125,0.8337041666666667,-0.02699140625,0.5592694444444444,0.49882187499999997,0.9854319444444444,0.036243750000000005,0.14222083333333332,167.47066875426276,164.5349798219212,214.32925648170388,164.53597943307108,260.1001677758013,1.6879431516717716,176.32734181310008,32.203432875407074,106.89553396981574,168.49191346569123,Asking
236,0.30222812499999996,0.31114583333333334,0.30382031249999997,0.5428847222222223,0.431528125,0.5445125,0.1761125,0.5412569444444444,0.5063757812499999,0.6956847222222222,-0.042340625,0.5494222222222223,0.48750390625,0.4984291666666667,0.0345546875,0.1517388888888889,166.86444602730685,163.47020138239264,145.0021184707313,163.47020138239262,279.6817960486524,0.6997997757136446,178.7955358437432,32.86553914615377,131.3543862494644,9.652718985159716,Asking
237,0.30281015624999996,0.30448194444444443,0.30431953125,0.5405430555555555,0.42968671875000003,0.5497847222222223,0.17895234375,0.5313013888888889,0.48161718750000004,0.8557666666666667,-0.022303906249999998,0.5741277777777778,0.5001390625,1.0015541666666667,0.05962109375,0.1650263888888889,169.97498027651008,160.60789711592642,230.11642290371196,160.6078971159264,259.4468710333582,0.6512595531383798,173.17432049731258,30.07918422955526,106.78960638372902,167.27264544163964,Asking
238,0.30380546875,0.3048777777777778,0.3073703125,0.5362375,0.42885078125,0.5505819444444444,0.18588984375,0.5218916666666666,0.47869453125000005,0.8439597222222222,-0.022303125,0.5508791666666666,0.5065484375,0.8968361111111111,0.0583078125,0.1630875,166.64148406084243,155.83761615540703,220.6567420769191,155.8376824327159,267.30304863581335,1.5690770217083398,175.5217921622514,32.298393773637926,106.80628881758291,136.87851378424136,Asking
239,0.30403281249999997,0.3026041666666667,0.30151171875,0.5282069444444445,0.42399609375,0.5340236111111112,0.17902656249999999,0.5223888888888889,0.5295296875,0.696763888888889,0.00109296875,0.5833861111111112,0.489378125,0.48983055555555555,0.061590624999999996,0.17188333333333333,162.4660514846102,156.83592619039814,178.82094065852576,156.83695253989092,231.9507075846073,1.138118631079942,169.08561616589844,30.779704056642522,139.06114557465372,19.031602607439652,Asking
240,0.304090625,0.30213194444444447,0.30686953125,0.5253416666666666,0.42559921875000006,0.5311625,0.18813984374999998,0.5195194444444444,0.53520859375,0.6991305555555556,0.039540625,0.5760180555555555,0.48061718750000004,0.49347222222222226,0.09024296875,0.18681805555555553,160.7503585377028,152.0317768001151,185.22917688366482,152.03180437000677,194.508313164245,1.2679145743429197,167.92818234194868,27.614443539779273,139.23903656297128,25.26290293658906,Asking
241,0.30014921875,0.3045013888888889,0.30423125,0.5264583333333334,0.42305078125,0.5398013888888888,0.18541171875,0.5131152777777778,0.4944046875,0.8278930555555555,0.026403125,0.580875,0.50608203125,1.0010291666666666,0.0886359375,0.18376944444444443,159.89439360402852,152.39212043278354,226.64346971620424,152.39212043278354,209.29653444335864,1.8726344731280198,166.52035554448486,27.581961211691482,113.76466461115118,173.1626457145621,Asking
242,0.29501171875,0.29740694444444443,0.3063578125,0.5330083333333333,0.42415624999999996,0.5373138888888889,0.18856015625,0.5287027777777777,0.49266796875,0.8539972222222223,0.02365546875,0.5661194444444444,0.5072796875,1.048348611111111,0.07218984375000001,0.18094305555555554,170.25355273238793,150.81386383220874,244.29466872815715,150.81286404348933,212.79023869529354,4.89340188974917,172.72663168996644,30.748206587403434,111.03709005867938,172.38714664509075,Asking
243,0.29563125,0.2988152777777778,0.3066125,0.5318333333333334,0.42438671875,0.5372888888888889,0.18883828125,0.5263791666666666,0.48832109375000005,0.8432569444444444,0.033975,0.5709625,0.5037609375,0.9816486111111111,0.0741671875,0.18244444444444446,168.36077531598625,150.80216571720715,235.0061682275595,150.8021396731492,200.80727234091896,4.78904892664307,170.8015334401427,30.656407329970055,110.37904067665532,168.78154636637237,Asking
244,0.2919859375,0.3053902777777778,0.30869140625,0.5303111111111112,0.42456171875,0.5361277777777778,0.19282109375,0.5244944444444445,0.48600390625,0.8422902777777778,0.033171875,0.5298708333333333,0.49482265625000005,1.0655902777777777,0.10075234375,0.15597916666666667,163.34860861972473,148.37311730903272,234.0462866293759,148.37311730903278,204.38766068919134,7.5218389890682165,178.9147817264384,23.94862275062578,109.63503476704797,175.9838832102441,Asking
245,0.2930828125,0.30838611111111114,0.30874765625,0.5305305555555556,0.4225125,0.5378902777777778,0.19498359375000002,0.5231708333333334,0.48857968749999997,0.8407944444444444,0.0315578125,0.5459833333333334,0.49218359375,1.0689875,0.10537890624999999,0.16187916666666666,161.1959234503156,145.71538203635197,233.91257477314034,145.71438269779685,209.8288465630977,7.145472781031048,175.51040322466858,23.793177173637996,111.19407978536834,178.39173694190728,Asking
246,0.29590859375,0.2983208333333333,0.30124765625,0.5255208333333333,0.41727968750000005,0.532,0.18521484375,0.5190402777777778,0.4892015625,0.8226291666666666,0.03174921875,0.5354625000000001,0.49830390625,1.049015277777778,0.11002265625,0.1459472222222222,163.72668875904137,148.5942450635287,228.60853354369777,148.59527596797955,196.79153709445941,2.3922376283267095,176.5553723135933,19.712024662344064,113.74689764076172,175.9114854855598,Asking
247,0.29566171875,0.3013694444444444,0.30536875,0.5336888888888889,0.42189453125,0.5410680555555556,0.18884296875,0.5263083333333334,0.50773515625,0.8198555555555557,0.03774765625,0.5390930555555555,0.5224828125000001,1.048388888888889,0.1167046875,0.13440277777777776,167.73083653580218,149.24759756190377,228.83195560279603,149.2476331638127,193.62093282752252,4.248191738392899,177.27505431500217,18.119989463414857,118.6958661439656,173.4554614461732,Asking
248,0.29664531250000004,0.29769444444444443,0.300059375,0.5290236111111111,0.4168859375,0.5379111111111111,0.1832328125,0.5201347222222222,0.4836125,0.8371,0.027665625,0.5043680555555555,0.49688515625,1.070338888888889,0.1197515625,0.11214722222222222,166.6143185593603,149.6748497410303,231.73027673569112,149.6748924970384,199.44932133251294,1.502939691750105,176.7371492043275,15.462254741959955,111.62776418250141,174.22327204480868,Asking
249,0.29715156249999997,0.29759305555555554,0.30413359375,0.5340180555555556,0.42170703125,0.5386722222222222,0.18656015625,0.5293652777777778,0.49124140625,0.8471944444444445,0.05768359375,0.5488402777777778,0.5047640624999999,1.0726305555555555,0.1304765625,0.12182777777777777,170.4604383574089,150.5313031797705,239.3033942759693,150.53128092193995,165.55687218596515,3.0053146739727494,175.14145776876373,13.747396742895573,111.83466597532576,173.91304012416654,Asking
250,0.2955265625,0.3026152777777778,0.30813515625,0.5360180555555556,0.42701171875000005,0.5407875,0.18925859375,0.5312486111111111,0.501753125,0.8434319444444444,0.051184375000000004,0.5614263888888888,0.51314140625,1.0762208333333334,0.12516875,0.15571527777777777,168.82319100467208,152.20074441342268,237.98048402547627,152.20074441342263,178.0656233218529,5.485684991674602,172.9911628487438,16.87789328409641,113.7034901089901,175.02944795471382,Asking
251,0.2976359375,0.2970583333333333,0.30697421875,0.53505,0.4257359375,0.5417416666666667,0.18821171875,0.5283569444444444,0.50151015625,0.8424708333333333,0.056385937500000004,0.5633388888888888,0.50657734375,1.0714583333333334,0.13402421874999998,0.17051527777777778,171.77039187531707,152.0913322612436,237.2558317639421,152.0923634407724,170.60644811378026,3.990270810791419,171.51026786712296,15.067196190113417,114.129690862133,177.74715447696875,Asking
252,0.2976359375,0.2970583333333333,0.30697421875,0.53505,0.4257359375,0.5417416666666667,0.18821171875,0.5283569444444444,0.50151015625,0.8424708333333333,0.056385937500000004,0.5633388888888888,0.50657734375,1.0714583333333334,0.13402421874999998,0.17051527777777778,171.77039187531707,152.0913322612436,237.2558317639421,152.0923634407724,170.60644811378026,3.990270810791419,171.51026786712296,15.067196190113417,114.129690862133,177.74715447696875,Asking
253,0.297140625,0.29764999999999997,0.303671875,0.5297597222222222,0.42133125,0.5314916666666666,0.1860125,0.5280291666666667,0.48090390625,0.8502472222222223,0.10685625000000001,0.5673708333333334,0.490890625,1.0393375,0.1467953125,0.18563472222222224,167.32797064746828,150.6091624868819,241.84004222832914,150.6091542104928,105.20506012545215,2.8637902807979376,164.38061914083414,11.50940107949236,108.37913384415764,174.63607921928502,Asking
254,0.2973265625,0.29537222222222226,0.30686874999999997,0.5363847222222222,0.42798203125,0.5411819444444445,0.18575546874999999,0.5315875,0.49156562499999995,0.8521791666666666,0.10077812500000001,0.6299180555555556,0.49349609375,1.0707555555555555,0.15517265625,0.20487777777777777,173.9583158029532,155.06347326498272,238.2501091143506,155.06347326498266,129.78246123802705,4.026176671587324,146.94028318858935,9.448299765693388,109.97457989344932,179.10045281406406,Asking
255,0.29426718749999997,0.29181944444444446,0.30484140625,0.5269777777777778,0.42253203125,0.5294972222222222,0.18715078125,0.5244583333333334,0.47466406250000004,0.8431569444444444,0.10847890625,0.583111111111111,0.48399140625000003,1.0450402777777776,0.15304062499999999,0.19368611111111111,169.85413395322465,150.65492136667822,235.48716879269665,150.65492136667822,109.19644179184593,4.570518418485997,157.24855538738154,10.388640574859298,106.46118679583773,175.30447855863707,Asking
256,0.29303359375000004,0.29325416666666665,0.30661171875000004,0.53525,0.42605546875,0.5335291666666667,0.18716796875,0.5369694444444444,0.494840625,0.8395750000000001,0.09474453125,0.6513902777777777,0.49910078125,1.069215277777778,0.14882734375,0.2256388888888889,175.10167494630085,152.8930203279404,237.29173317669537,152.89301222750507,144.1607501818716,5.696364835108719,145.14746635882446,12.349194816859146,111.77984266645112,178.1110512138672,Asking
257,0.2938296875,0.30140277777777774,0.3071625,0.5345194444444444,0.42613359375000004,0.5421555555555555,0.1881921875,0.5268833333333334,0.48891328125,0.8506708333333333,0.107984375,0.5791152777777778,0.49250703125,1.0745722222222223,0.16846640625,0.17350694444444445,168.70938531095416,152.38221711538392,236.2193669558023,152.3812177664951,109.33706601605881,5.805753382732991,159.88199890874765,5.667312914363111,109.88807206502516,178.3655435530644,Asking
258,0.29683203125,0.3024472222222222,0.3070171875,0.5443458333333333,0.4323140625,0.5490805555555556,0.18171953125,0.539611111111111,0.5129609375,0.8398319444444444,0.091996875,0.6583888888888889,0.505421875,1.0830416666666667,0.17589765625,0.32584722222222223,174.6542506153228,160.41622636441733,233.40881359751606,160.41722613859153,143.18884183133827,4.280803238091342,143.32657215244905,2.771976942382518,116.24833634062637,176.845740196479,Asking
259,0.29965078125,0.29888611111111113,0.30550625,0.5319777777777778,0.427115625,0.5295027777777778,0.18389687500000002,0.5344541666666667,0.503203125,0.8289541666666667,0.09747421875,0.6655819444444444,0.5076515625,1.0683458333333333,0.15228671875,0.25924027777777775,167.99327754704947,155.67019985854708,236.58131305959057,155.67021130903626,145.43256645263466,2.5570931445178875,139.52014930941513,11.540563143803409,114.30940505586806,178.1079149228927,Asking
260,0.30453203125,0.30288888888888893,0.30924453125,0.5383319444444444,0.4297734375,0.5450472222222222,0.188715625,0.5316152777777777,0.50271484375,0.8532416666666666,0.05921015625,0.6112902777777778,0.50972109375,1.077990277777778,0.1385765625,0.20030833333333334,169.6262844756083,154.3527452104432,240.7418393736327,154.35277653803317,175.4125316076363,2.037897749330092,160.91110235972056,15.058504293484496,112.81905033599985,176.82791597155816,Asking
261,0.3094125,0.30189444444444447,0.31120625,0.539948611111111,0.43342578125,0.5491486111111111,0.1889875,0.5307486111111112,0.5090078124999999,0.8585833333333333,0.08277578125,0.5925569444444445,0.5165054687499999,1.061073611111111,0.138978125,0.20513333333333333,171.4143775095893,156.581173379816,242.89157225807563,156.58017427503393,143.04930060996452,0.767467966294353,161.87473453799993,15.271722824543179,113.47227712239963,176.233869623584,Asking
262,0.31416328125000004,0.3015791666666667,0.31469921875,0.5351819444444444,0.43652265625000003,0.5462819444444444,0.19287578125,0.5240833333333333,0.5048210937500001,0.8367013888888888,0.0691015625,0.6252569444444445,0.51818984375,1.0674777777777777,0.133390625,0.22139999999999999,168.1953989620406,156.13867048236324,226.6412418073992,156.13861930028716,174.37538755799224,0.23368661664665585,155.30749819041176,19.258374186136518,112.68897764932537,174.12008345984725,Asking
263,0.314653125,0.3103666666666667,0.32230546875,0.5381222222222222,0.44666484375,0.5483527777777778,0.19794609375,0.5278930555555555,0.514340625,0.8461861111111111,0.05698046875,0.6469958333333333,0.5236195312499999,1.0534138888888889,0.132278125,0.3405680555555556,164.2762742485962,159.3503384244916,231.27560231247912,159.35029220243052,199.777122343876,3.41829779877444,154.58013204095317,31.93162663678698,111.99669604317009,175.4487140467992,Asking
264,0.32715937500000003,0.30066666666666664,0.3257515625,0.5228138888888889,0.4461859375,0.5297222222222222,0.2053171875,0.5159055555555555,0.5135375,0.8310000000000001,0.045789843749999996,0.5944041666666666,0.54155390625,1.0150208333333335,0.14113671875,0.1789375,159.9561506163486,154.23622470742734,233.4233289540701,154.23622470742728,211.8725923426624,0.6454842675004804,164.52847869162338,18.706287618542923,111.67423970198712,164.85522390164857,Asking
265,0.3289828125,0.30203888888888886,0.32620312500000004,0.5321013888888889,0.44654531249999996,0.5438888888888889,0.2058609375,0.5203152777777778,0.53283125,0.7785375,0.05839609375,0.5749513888888889,0.559771875,0.8413208333333333,0.15546875,0.1661375,165.6832079270558,154.2716260788094,201.84500916544854,154.27157106868395,192.8106020658615,1.2305052393908593,168.22762614016054,14.19473264404538,123.17391535327044,142.66169780231462,Asking
266,0.32819140625,0.29559444444444444,0.32300234375,0.5362611111111111,0.444665625,0.5463430555555556,0.20133828125000003,0.5261777777777777,0.5042625000000001,0.8482083333333333,0.03804296875,0.5939263888888889,0.546775,0.9589333333333333,0.14742109375,0.1628527777777778,173.40725060965588,155.89809018073316,230.34154706652467,155.89913566149104,214.63437554362073,2.1951312955027826,166.86386332805688,14.779091381514629,109.340276953218,145.68365167672522,Asking
267,0.34052578125,0.30013472222222226,0.32426093749999996,0.5143666666666666,0.44299687499999996,0.5186819444444445,0.205525,0.51005,0.5399046875,0.6830847222222223,0.0579796875,0.5839194444444444,0.49205078125,0.5052875,0.15247578125,0.1716875,155.6456480920684,152.01375520984934,171.4580842771784,152.013775652077,196.20421697812716,7.686862681264063,164.27177200897657,15.574425404080543,136.34037248336466,25.57049601405948,Asking
268,0.34121562499999997,0.30209027777777775,0.3296578125,0.5261902777777778,0.45042031250000003,0.5369694444444444,0.20889609375,0.5154097222222223,0.5460671875,0.7813513888888889,0.02446640625,0.5787291666666666,0.57309140625,0.8541722222222222,0.14938281250000002,0.1530152777777778,162.0287947866058,154.7707107207304,214.3566588865389,154.7697621274905,240.43188848403614,5.23867333744849,169.06955993698404,16.275212840295158,124.8298697473199,146.58543583204127,Asking
269,0.35224375,0.29861527777777774,0.32661406249999997,0.5296486111111111,0.44909921875,0.5433486111111111,0.204128125,0.5159486111111111,0.49131875,0.850751388888889,0.01195546875,0.5951416666666667,0.50928828125,1.014113888888889,0.1621890625,0.2228472222222222,169.54810518551955,157.0909941944477,227.8319525022775,157.09199222111863,252.50310636109015,11.156574313390182,166.94918971696524,14.27204588360124,103.72114946997061,168.935335685133,Asking
270,0.35160234375,0.29562499999999997,0.3274140625,0.5269402777777777,0.450146875,0.5414,0.20468203125,0.5124805555555555,0.496096875,0.8630333333333333,0.03178515625,0.5711083333333333,0.5116046875,1.0637180555555554,0.14164921875,0.142575,169.40037405507698,157.4425943796659,238.9283692490283,157.44159656837832,225.29776698405158,10.531040827622054,169.2011887887301,16.853538424561087,104.25074103946467,172.17784600204584,Asking
271,0.34679453125,0.3051055555555555,0.32742031250000003,0.5328486111111111,0.45026484375000003,0.5454541666666667,0.2045765625,0.5202430555555555,0.5162554687500001,0.7950541666666666,-0.001184375,0.5902527777777778,0.5268335937499999,0.7948152777777778,0.11785234375,0.1743486111111111,165.83965456428086,157.50271698291434,198.57302427066972,157.5017186445913,268.15430170892284,8.600038540130008,169.1652177336331,24.024085523848782,115.17440193257643,89.27220501936235,Asking
272,0.34679453125,0.3051055555555555,0.32742031250000003,0.5328486111111111,0.45026484375000003,0.5454541666666667,0.2045765625,0.5202430555555555,0.5162554687500001,0.7950541666666666,-0.001184375,0.5902527777777778,0.5268335937499999,0.7948152777777778,0.11785234375,0.1743486111111111,165.83965456428086,157.50271698291434,198.57302427066972,157.5017186445913,268.15430170892284,8.600038540130008,169.1652177336331,24.024085523848782,115.17440193257643,89.27220501936235,Asking
273,0.34132734375,0.3051291666666667,0.32232890625,0.5283652777777778,0.441803125,0.5413583333333334,0.2028546875,0.5153736111111111,0.60145,0.6152541666666667,0.0326171875,0.5587875,0.56901484375,0.36659583333333334,0.11751796875000001,0.19335416666666666,162.55921390065836,153.21286941376695,211.16078501701014,153.21280835817876,220.13454017940938,8.603440696786526,171.8366962760924,25.226051065427434,165.40621438275218,13.055815004749807,Asking
274,0.34008671874999996,0.3007375,0.32156171875,0.533798611111111,0.444975,0.5485763888888889,0.19814765625,0.5190208333333334,0.5254531250000001,0.8454444444444444,0.014753125,0.5866152777777778,0.54724921875,1.0541138888888888,0.12343515625000001,0.1754486111111111,169.47106348872657,158.32692304532418,237.27283276641685,158.3279207846803,239.73691674208212,8.043083445886294,168.28721090816722,21.136095760002085,115.73121929308108,169.4803532148638,Asking
275,0.334421875,0.2976347222222222,0.32324453124999997,0.5299944444444444,0.4439984375,0.5424791666666666,0.20249062499999998,0.5175083333333333,0.5394789062500001,0.8039180555555556,0.03874765625,0.5637333333333333,0.61230859375,0.8906166666666667,0.10657578125,0.19054444444444446,167.90963536974286,154.8261649269916,224.43105382499994,154.82622298887227,212.21705587676027,4.8879021489891485,170.97705453580622,27.542538259541548,122.99424314948423,123.80692179126576,Asking
276,0.333871875,0.2970277777777778,0.32144609375,0.5304291666666666,0.44523124999999997,0.5433138888888889,0.19766015625,0.5175458333333333,0.51947890625,0.8482597222222221,0.0437328125,0.5779236111111111,0.5462039062499999,1.0563680555555557,0.108328125,0.19168055555555555,168.79998645142123,158.71635313980718,239.24686850615203,158.71729298346796,201.76583832006844,5.406654559850384,167.55762007223416,25.982581349374232,113.40537841276647,167.13978446375322,Asking
277,0.327640625,0.3036513888888889,0.32294609375,0.5359111111111111,0.4441671875,0.5489388888888889,0.20172578125,0.5228833333333334,0.5669523437499999,0.6412388888888889,0.03943359375,0.5384944444444445,0.63541875,0.4730583333333333,0.10882421874999999,0.18931250000000002,167.33492644991958,155.44626392744215,170.63773662645667,155.44526574971653,208.03786279425196,2.0579348542755973,176.90287968013138,26.34103451750916,157.07930565781442,35.89455336414046,Asking
278,0.324134375,0.3001625,0.3213625,0.5295694444444444,0.44287734375000004,0.5443472222222222,0.19984765625,0.5147916666666666,0.5033671875,0.8460347222222222,0.036256250000000004,0.5625611111111111,0.52706953125,1.029486111111111,0.10119609375000001,0.18360833333333335,165.21110202707325,155.90250197158483,230.6020306805644,155.9025019715848,212.20285305574947,1.230553227451057,170.6723082618901,27.90378423572343,109.61877617219864,167.06394262148146,Asking
279,0.321840625,0.2948472222222222,0.322278125,0.5397722222222222,0.44525625,0.5497277777777777,0.19930078125,0.5298166666666667,0.56734375,0.6511027777777778,0.03303671875,0.5303902777777777,0.6163968750000001,0.4789069444444444,0.098690625,0.18211527777777775,176.34688915883947,157.57511849273664,172.4774712361009,157.5741195279225,212.8184007387519,0.1819464500165511,179.88881049895392,27.221928974095768,154.96412171784127,26.859133126575212,Asking
280,0.3174375,0.30104027777777775,0.323871875,0.5429541666666667,0.44667031250000006,0.5513916666666667,0.2010734375,0.5345152777777777,0.5145257812499999,0.8600541666666667,0.03734140625,0.5555166666666667,0.54475703125,1.0095583333333333,0.10296484374999999,0.1788638888888889,174.37261075065663,157.2993539370077,238.60652797859493,157.2993925608106,210.12178271183598,2.707212265990706,175.87325505458227,26.123830367413806,111.3466272799824,160.22727052829003,Asking
281,0.32241484374999996,0.30320694444444446,0.32234453125,0.5410597222222222,0.44408984374999994,0.5549333333333334,0.20059921875,0.5271861111111111,0.52340078125,0.802413888888889,0.050335937500000004,0.5766194444444445,0.5748968750000001,0.8674611111111111,0.1155640625,0.18971666666666667,171.254023649081,156.15382056485197,205.07597353176217,156.15382056485203,195.60243360704897,0.03011094444866663,169.51600090612183,24.130583777750623,119.67148447648368,125.39459823601318,Asking
282,0.32174375,0.3003194444444444,0.31936328125,0.5387138888888889,0.44151328124999994,0.548125,0.1972140625,0.5293027777777778,0.52084140625,0.7893638888888889,0.05425390625,0.5824569444444445,0.564209375,0.8716277777777778,0.12290859375,0.1849152777777778,171.67104282609813,156.49876063407012,201.1946382585779,156.49776157185127,186.94823765416993,1.0169997508860484,168.1872180307916,20.985590436585706,120.31047190095407,136.85642824423064,Asking
283,0.32204375,0.2965027777777778,0.32627968749999997,0.5301180555555556,0.4475140625,0.5403541666666667,0.20504453125,0.5198805555555556,0.526084375,0.8058083333333333,0.031179687499999997,0.565075,0.564934375,0.9550000000000001,0.12875078125,0.17613194444444444,168.2903660136254,155.35491398729556,215.97188481142635,155.35596030407072,224.91335844942603,1.8462820729190468,171.68137049766463,21.532768820737424,117.75310399796021,155.15873342059646,Asking
284,0.32140390625,0.3031986111111111,0.325071875,0.5343611111111112,0.4454828125,0.5428805555555556,0.2046609375,0.5258416666666667,0.54480703125,0.7348763888888888,0.072859375,0.5995055555555555,0.58472421875,0.745225,0.1407421875,0.19733194444444446,166.5032071583007,154.24801402935466,187.81047998980245,154.24801402935466,176.8466677096292,1.6158208000041079,162.54783096912743,19.080786501004145,132.60439296517836,98.29691621394335,Asking
285,0.3255890625,0.29962083333333334,0.3218859375,0.5278819444444445,0.44081796874999996,0.5254777777777778,0.20295468749999998,0.5302847222222222,0.5140648437500001,0.7842069444444445,0.07786562500000001,0.6778972222222223,0.53814921875,0.9155444444444445,0.13678515625,0.3531222222222222,164.41633952864902,152.24284104679597,208.548049046257,152.24182974465333,192.17737628815726,1.6520233301962868,146.42445706753244,33.58389612342109,116.71580785636252,161.94377852963635,Asking
286,0.32599921875,0.3018180555555556,0.3248328125,0.5355583333333332,0.44515703125000006,0.5389291666666667,0.204509375,0.532186111111111,0.5166734374999999,0.8198722222222222,0.08095,0.6475958333333334,0.5439765624999999,0.9678930555555556,0.176203125,0.29303333333333337,168.29962239410995,154.03412139522857,222.02826063814487,154.03313727896347,178.65637229329383,0.508282309932592,152.28260991623972,11.882754954599474,114.34904473161475,161.84468398497208,Asking
287,0.32853984375,0.3012625,0.3223125,0.5313569444444445,0.44304765625,0.5423319444444444,0.20157734375,0.5203805555555555,0.51146953125,0.8487819444444445,0.07016640625000001,0.6715486111111111,0.53325078125,1.0619027777777779,0.13437734375,0.38157777777777774,165.8596486943102,154.7428909029426,237.39004009435618,154.7429419715161,200.3487502257002,2.7546220487894155,147.09431924676588,40.718368731580874,111.64956289416834,169.70218539364558,Asking
288,0.33619453125,0.2983986111111111,0.32378828125000003,0.5386347222222222,0.44732265625,0.5439958333333333,0.20025390625,0.5332736111111112,0.5325328125000001,0.8178513888888889,0.05786171875,0.6427999999999999,0.56550625,0.9782458333333334,0.1380296875,0.2219972222222222,173.6974245635208,158.17110664087798,225.3318036518591,158.17110664087804,198.59047944199136,5.2454965145331265,156.60339198507012,19.564102521208522,118.94941878917967,159.9241309202375,Asking
289,0.32800703124999997,0.29791388888888887,0.3252671875,0.5352277777777777,0.44788203125,0.5491583333333333,0.20265234375,0.5212986111111111,0.53538125,0.8293194444444445,0.0540859375,0.5419847222222222,0.575121875,0.9876847222222223,0.1265953125,0.17960277777777778,170.90198654491994,157.26716665915998,230.72303885178005,157.26710288550495,190.74736816270882,1.1758225144687888,175.5216531990074,21.58920699349064,119.04039737205044,155.95736923517146,Asking
290,0.32723125,0.30043333333333333,0.325771875,0.5450805555555556,0.44942343749999997,0.5567375,0.2021203125,0.5334249999999999,0.5031890625,0.8721555555555556,0.03829765625,0.5407541666666666,0.50526640625,1.0664055555555556,0.12141640625000001,0.18094027777777777,176.15590464131483,158.49637700906598,237.29950821904373,158.49632405832006,209.75938829525603,0.6075897503523036,178.55843529756223,22.14804241872068,106.85874887802512,178.91083135940914,Asking
291,0.32793984374999996,0.3013958333333333,0.322984375,0.546426388888889,0.44406875,0.5578652777777778,0.20190078125,0.5349888888888888,0.49969374999999994,0.8636430555555555,0.0356796875,0.5518333333333333,0.5079890625,1.0109472222222222,0.12109375,0.17482638888888888,176.5359899085736,155.2066745987427,231.38683108595436,155.20562294581987,213.10838217442316,2.059100650844518,176.73753398791706,21.745426635351066,107.92126764653413,174.2829349268057,Asking
292,0.32187265625,0.3020486111111111,0.32119140625,0.5349472222222222,0.44050859375,0.5469527777777777,0.20187421875,0.5229402777777777,0.516346875,0.8414680555555555,0.0358578125,0.5517861111111111,0.54341171875,1.004061111111111,0.10520234375,0.20101944444444445,167.68926725643473,152.97042136308573,233.21405174217097,152.97047787400024,213.5135273513133,0.2979447982893175,174.41786815014927,28.096038074176846,114.59742492458986,163.51522077608908,Asking
293,0.32165625000000003,0.3067638888888889,0.31528515625,0.5326527777777778,0.43299453125,0.5383069444444445,0.19757578125,0.5269972222222222,0.53154765625,0.7669430555555555,0.0354921875,0.5560888888888889,0.56826953125,0.8585847222222223,0.10066875,0.1967986111111111,162.84432328147025,150.72298850872082,207.39431966184605,150.72301552185056,208.52167994000047,2.87048753893149,174.2349167010669,27.55303395406765,127.46321483723563,144.53483660842022,Asking
294,0.31282421875,0.30478194444444445,0.31773515625000004,0.5367916666666667,0.43419765625,0.5452819444444444,0.201271875,0.5283013888888889,0.50779140625,0.8297486111111111,0.055132812499999996,0.5561486111111111,0.51510625,1.0317597222222221,0.0906390625,0.20337083333333333,167.16522965317876,149.1972853405852,225.44008928316183,149.19828450086152,188.12947101398015,2.1550307099325083,173.8820522286273,31.18653120808251,114.69888370242273,176.31675101153027,Asking
295,0.31264609375,0.30282916666666665,0.31428046875,0.53785,0.43317109374999996,0.5450069444444444,0.19538984375,0.5306930555555556,0.519359375,0.831011111111111,0.0308921875,0.5684874999999999,0.5435546875,1.02175,0.07650234375000001,0.20637916666666664,169.22793117272337,152.2672184319395,233.6129383617269,152.26721843193957,212.3081326586431,0.7083099286207557,172.63601663285144,33.092311439572136,118.1796942297509,167.2917032302676,Asking
296,0.31111796875,0.3047958333333333,0.3170734375,0.5365472222222223,0.43861171875,0.544088888888889,0.19553437499999998,0.5290041666666666,0.5271343749999999,0.8354388888888888,0.0290796875,0.5564180555555556,0.5482210937499999,1.0524777777777778,0.07780000000000001,0.20348888888888889,167.035036594123,155.66373585713535,238.41816513218947,155.66477013441417,213.97430800916263,2.6157235664657392,174.70724263030783,32.740921881475195,118.37583824844602,170.20041673458454,Asking
297,0.3123453125,0.3085736111111111,0.3153484375,0.5355125000000001,0.436159375,0.5437402777777778,0.1945375,0.5272847222222222,0.51536640625,0.8373138888888889,0.030240625,0.5572263888888889,0.5392421875,1.0523194444444444,0.07940546875,0.204275,163.4412100787314,154.75142913718113,234.43008201593923,154.75142913718116,211.40207511753522,1.3476728799452398,174.14701437756634,32.36090449161134,115.62469212144937,168.83241991508635,Asking
298,0.3092453125,0.3082138888888889,0.31751015625,0.5324416666666667,0.438453125,0.5412666666666667,0.1965671875,0.5236166666666667,0.51038984375,0.8395291666666667,0.0430640625,0.5590902777777778,0.5262976562499999,1.0485138888888887,0.08296640625,0.20047222222222222,161.79023572824167,154.93734399750116,233.65717459988255,154.93734399750116,198.13708622315005,3.7490816375386165,172.59363844964616,32.00432068177189,113.20844311573316,172.29334648861465,Asking
299,0.3105546875,0.3066263888888889,0.31690859374999997,0.53495,0.43732734375,0.5443,0.196490625,0.5256000000000001,0.51484609375,0.8391847222222222,0.03583203125,0.5688333333333333,0.53655078125,1.0297541666666667,0.08220390625,0.2065361111111111,164.59405863517674,154.28294241425397,234.35850883848872,154.28194336668173,207.98556640545996,2.8322796837497317,171.39253119791667,32.48853755917327,115.04851503977011,168.55361715526308,Asking
300,0.31696015625,0.3076402777777778,0.3154203125,0.5402652777777778,0.43975625,0.549525,0.19108515625,0.5310069444444444,0.53987109375,0.8352736111111112,0.047397656249999996,0.5833736111111111,0.5803890625,1.0089569444444444,0.09278984375,0.2059763888888889,167.5015968311944,159.28958342904915,242.38438425360656,159.28854245362407,187.74492806997478,0.6742179766214573,168.41475419052134,28.263951049499344,121.91720882483287,157.47467627907005,Asking
301,0.31461328125,0.3075833333333333,0.3169671875,0.5426513888888889,0.44094765625,0.5555388888888889,0.19298593749999998,0.5297638888888889,0.5150328125,0.8618027777777778,0.014956249999999999,0.5918430555555556,0.546178125,1.0483805555555554,0.08485234375,0.19655694444444444,169.2758168493066,158.96604312242283,240.03582928596308,158.96704141739573,232.22016426873873,1.0198816561834965,168.90263569418133,29.981990842917355,113.26983185881313,163.47104180006642,Asking
302,0.32153828125,0.30271944444444443,0.31889296875,0.5328499999999999,0.43795546874999997,0.5432847222222222,0.19983046875,0.5224138888888888,0.56642109375,0.6088625,0.0197890625,0.5519597222222222,0.6094671875000001,0.3666069444444444,0.0982484375,0.18128333333333332,165.72859328432133,152.58507518430494,171.080532942822,152.5851244256792,231.43276720896716,1.170691219454866,174.72600164127488,27.89618849474396,163.97915951360324,17.530866187680573,Asking
303,0.3223765625,0.29910000000000003,0.3178328125,0.5303125,0.43856406249999996,0.5386486111111111,0.19710078125,0.521975,0.54154375,0.6731111111111111,0.021615625,0.5652319444444445,0.58605703125,0.5273819444444444,0.0999890625,0.188425,166.57456463998335,154.6525114571373,163.54720286510565,154.65354951633023,226.7699377474889,2.000905705771452,172.10594109236933,27.365755457630296,143.70395537201972,28.503109458684268,Asking
304,0.33038671875,0.2944777777777778,0.31519765624999996,0.5306680555555556,0.433384375,0.5370375,0.19701171875,0.5242986111111111,0.5634148437500001,0.5831902777777778,0.02614609375,0.5540527777777778,0.6201554687499999,0.3368041666666667,0.1016875,0.19310138888888886,171.16475867712958,151.34849598525912,169.72381571541464,151.3474964444407,219.75471369916053,6.52210127464566,174.40558064585196,27.097682564275786,168.70920087625709,22.264540922169846,Asking
305,0.33309296875,0.292475,0.31607578125,0.5269874999999999,0.43240546875,0.5322,0.19974609375000002,0.5217736111111111,0.55660390625,0.5754513888888889,0.04928671875,0.5470680555555556,0.6007734375,0.3229388888888889,0.0999484375,0.19230277777777777,170.2481727508404,148.9492887294196,161.995353504352,148.94931392926924,193.44718836933248,7.350721248848039,174.5979140852226,28.302196069922868,168.91681865324375,17.27408491249647,Asking
306,0.32924765625,0.29354027777777775,0.31771328125,0.5298319444444444,0.43601406249999997,0.5407055555555556,0.1994125,0.5189583333333333,0.49898671875,0.8305847222222221,0.0175375,0.5919055555555556,0.529571875,0.9685527777777777,0.10436875000000001,0.1907763888888889,170.76941352595904,151.62725304509075,223.7370831891754,151.6272530450908,238.65121094182615,4.959742169852669,167.2863564125616,27.241976837760518,111.1165702205892,158.49045633682556,Asking
307,0.32938515625,0.29740833333333333,0.3172484375,0.5351097222222222,0.43644765625000004,0.5426902777777778,0.19804921874999998,0.5275291666666667,0.50667578125,0.8302597222222222,0.038224999999999995,0.5595277777777778,0.5379367187499999,0.9807152777777778,0.09702421875,0.17936805555555557,171.84861724785569,152.67259213427934,225.7216741121685,152.67259213427928,205.86822519757632,5.186580708412178,173.5744892046858,27.287088187094852,113.46836456728664,159.72686994024824,Asking
308,0.33157578125,0.29512222222222223,0.3169203125,0.5408486111111112,0.43795234375,0.547423611111111,0.1958890625,0.5342736111111112,0.56971796875,0.6244416666666667,0.03292734375,0.554725,0.61131875,0.3858583333333333,0.09373359375,0.18080972222222222,177.91472117281359,154.99331274929244,177.54219444684136,154.99231321584955,209.11009278846393,6.052411140412265,175.96203535399337,27.194095760974125,161.79987323153293,17.222584151315996,Asking
309,0.33394296875,0.29217916666666666,0.31284375,0.5414,0.43473515625000003,0.5506527777777778,0.19095234375,0.5321486111111111,0.5600562499999999,0.6560305555555556,-0.01856171875,0.5802055555555555,0.6354640625,0.44739305555555553,0.07028671875,0.17369444444444446,181.46000322385095,156.1631668640208,177.44928657224852,156.16312420670891,270.4009409839396,8.559227697527461,172.648169741027,30.898384543588907,154.68655215202253,32.722443594483494,Asking
310,0.33458359375,0.2883513888888889,0.31526484374999997,0.545651388888889,0.44443359375,0.5561791666666667,0.18609609375,0.5351236111111111,0.5195046875,0.8660513888888889,-0.02219296875,0.6109472222222222,0.54608671875,1.0542888888888888,0.060995312499999996,0.1743486111111111,186.89906238395102,165.5096652646002,242.92109818828007,165.50966526460016,272.1420359830506,7.602908655491821,168.42767141024703,31.651945070711264,113.30119469694199,165.9071717112306,Asking
311,0.33304296875,0.29109583333333333,0.31544609375,0.5424069444444445,0.44494375,0.5501277777777778,0.18594921874999998,0.5346861111111111,0.5253203125,0.8468458333333334,-0.03663359375,0.5954388888888889,0.560278125,1.0203833333333334,0.06476640624999999,0.18003888888888886,182.3405103426005,165.85019002099455,237.11911288000385,165.84919058289074,288.2443258765036,7.095707372742947,171.27145901416114,31.27725558383813,115.71425157002918,160.2965464141957,Asking
312,0.33304296875,0.29109583333333333,0.31544609375,0.5424069444444445,0.44494375,0.5501277777777778,0.18594921874999998,0.5346861111111111,0.5253203125,0.8468458333333334,-0.03663359375,0.5954388888888889,0.560278125,1.0203833333333334,0.06476640624999999,0.18003888888888886,182.3405103426005,165.85019002099455,237.11911288000385,165.84919058289074,288.2443258765036,7.095707372742947,171.27145901416114,31.27725558383813,115.71425157002918,160.2965464141957,Asking
313,0.33267265625000003,0.2919319444444444,0.31796953125,0.5486027777777778,0.44754765625,0.5627902777777778,0.18839140625,0.5344152777777778,0.4953578125,0.8863055555555556,-0.0313265625,0.5975291666666667,0.50508203125,1.0743083333333332,0.07055,0.16855277777777777,185.75882538657487,166.17426342547753,240.8358851375766,166.17426342547753,284.8865572205891,5.814850870145114,170.82159587477614,29.795802124889384,104.72041045436106,174.74623102004895,Asking
314,0.32700390625,0.2964138888888889,0.3142921875,0.5371555555555556,0.43837109375,0.5454708333333333,0.1902125,0.5288388888888889,0.5415234375,0.8085347222222222,0.00133046875,0.5664847222222222,0.5931656249999999,0.9069916666666666,0.0807234375,0.17813472222222224,174.09601085895105,158.9338044910522,230.88498015462156,158.93484145397443,243.28364183808168,5.362685585296396,173.60321537880154,29.03107525652684,124.88036868363012,137.00132374677446,Asking
315,0.326690625,0.29636527777777777,0.31659609375,0.5378125,0.44107265625,0.5469541666666667,0.19211953125,0.5286708333333333,0.5251546874999999,0.82605,0.0025812499999999998,0.5620763888888889,0.5733546875,0.9489916666666667,0.08378671875,0.17762916666666667,174.32152249507232,159.4658948615659,227.95534919365235,159.4658948615659,243.79832974202264,4.25075645055984,174.33825744112002,28.75045332743251,118.17277424115122,145.12395877535639,Asking
316,0.3313640625,0.2885027777777778,0.3145,0.5378694444444445,0.440653125,0.5500125,0.188346875,0.5257263888888889,0.5120250000000001,0.8284625000000001,-0.0062570312500000004,0.5599680555555556,0.5416875,0.97755,0.080834375,0.1847125,180.83695234105224,161.7125184548184,220.31739148782611,161.71251845481845,250.31009241538786,6.855583102220972,174.347554821335,29.269997332544975,114.4976755305292,160.52094248572354,Asking
317,0.3230734375,0.2944111111111111,0.3179875,0.5252597222222223,0.44296171875,0.5329791666666667,0.19301328125,0.5175388888888889,0.51370859375,0.8289083333333332,-0.00722578125,0.5600361111111111,0.5361703125,1.0161444444444445,0.078059375,0.18709027777777779,166.33843999809545,160.06352630440202,231.51412029722937,160.06356103123537,258.12594453095954,2.242962062941918,173.19220644485554,31.73428698519875,113.02587351681146,167.9608666909374,Asking
318,0.32308671875,0.2947541666666667,0.31560234375,0.5247791666666667,0.43896796875,0.5342055555555555,0.1922359375,0.5153541666666667,0.5228273437500001,0.8106944444444445,-0.004946875,0.5539361111111111,0.5431,0.9693847222222222,0.082846875,0.18648333333333333,165.89484116150206,158.0537877844122,226.16705503675826,158.05474392437577,253.91810505948567,3.3105254778477495,173.71918906963162,30.596873150560327,118.33363037311163,167.20455567599316,Asking
319,0.32194296875,0.29365416666666666,0.316871875,0.5388847222222223,0.44116796875000003,0.5594319444444444,0.1925765625,0.5183361111111111,0.490640625,0.8615180555555556,0.01364375,0.5644027777777778,0.50030078125,1.0545250000000002,0.0918703125,0.18789166666666668,176.685272269649,159.7853379913189,226.53294601227432,159.78443487711812,231.42318246018482,2.1053855169227638,171.75988636624487,28.448638163056085,106.23274720082127,174.91525606097753,Asking
320,0.32403515625,0.29063472222222225,0.31603515625,0.5381555555555555,0.4392921875,0.5535013888888889,0.19277734375,0.5228097222222222,0.4943015625,0.846475,0.013439062500000001,0.5686777777777777,0.52021875,1.0204,0.08972109375000001,0.18633333333333332,178.50894606433593,158.15542280301364,222.3824526013687,158.15642035971854,231.91642984920236,3.2885244511046383,171.81322714718755,28.56825491378871,108.45898382397418,165.16242869863763,Asking
321,0.3257875,0.2954833333333333,0.31744453125,0.5327444444444445,0.44198281250000004,0.5441236111111111,0.19290703125,0.5213652777777777,0.5027375000000001,0.8501611111111111,0.01122265625,0.5609416666666667,0.53069453125,1.0428902777777778,0.09035703125,0.18909583333333332,171.1614636096572,159.61940524259578,233.66718033348198,159.6184065607723,234.29523717096768,3.5770860888958396,173.01439012498471,28.75289623151449,109.43921874488812,165.53950913347705,Asking
322,0.33105625,0.2969097222222222,0.31582890625000004,0.5387,0.4405265625,0.5490888888888888,0.19113125,0.5283097222222222,0.4957109375,0.8577541666666666,0.01145,0.5714541666666667,0.5126953125,1.0573805555555555,0.09258125,0.18172916666666666,175.1767079323047,159.78817280700096,233.19437732715596,159.78821962209858,232.08035711796032,6.388230422834521,172.3078627624002,26.81706227329873,107.63223428859439,171.39893608368132,Asking
323,0.32690546875000004,0.2929638888888889,0.31675234375,0.5416638888888888,0.4412421875,0.550188888888889,0.1922625,0.5331402777777777,0.50954453125,0.8342805555555556,0.0125046875,0.5694555555555555,0.54200546875,1.01125,0.083646875,0.18266944444444444,179.5349885454086,159.46517316643153,222.44672720676292,159.46513467839918,231.57088268821707,4.15110044877878,173.51682573619053,28.852885007724023,113.14282016758415,161.93926298874229,Asking
324,0.33226093749999996,0.30072499999999996,0.31668046875,0.5325694444444444,0.43759375,0.5392166666666667,0.1957671875,0.5259222222222222,0.56066015625,0.6381847222222222,0.013575781249999998,0.5480708333333333,0.6311125,0.4603541666666666,0.0872015625,0.17125277777777778,168.11508092077878,154.84298226590704,172.892121491987,154.84298226590704,233.74960713122064,6.812873696504418,176.08809585701368,28.554339872399712,155.66021127074424,35.157585976655405,Asking
325,0.331078125,0.29878055555555555,0.31525390625,0.5253791666666667,0.43271328125,0.5308486111111111,0.19779453125,0.5199097222222222,0.529665625,0.7564972222222223,0.0119265625,0.5556277777777778,0.5823828125,0.7924861111111111,0.0864125,0.18677500000000002,164.40350916571094,150.39956432117754,204.4409154010028,150.39956432117745,239.29690346930946,7.07699117118546,173.83056478023317,30.726896598102833,127.3740845764585,111.0071209444396,Asking
326,0.32848046875,0.30171944444444443,0.31772187500000004,0.5315041666666667,0.43808828125000004,0.5438611111111111,0.19735468750000001,0.5191486111111111,0.52861328125,0.7971083333333333,0.0076078125,0.5626486111111112,0.58971328125,0.8844555555555556,0.08692890625000001,0.18168333333333336,166.0171330495741,154.32567307483225,216.04042822583,154.3266137644444,244.88710414392997,4.758110189267927,172.65199205756684,30.187698957808138,122.43510811534219,128.8040727659846,Asking
327,0.3274421875,0.2995111111111111,0.31893203125,0.5319180555555556,0.43800234375,0.5465625,0.1998625,0.5172736111111111,0.5337203125000001,0.7929833333333333,0.0162359375,0.5710236111111111,0.60429609375,0.8246375,0.08441015625,0.18377638888888886,167.6871800049127,152.7742911487401,215.61499551283532,152.77329353326124,238.2066996622891,3.724570423072238,170.6500586000065,31.609938514309153,124.62691969283601,104.15959344398327,Asking
328,0.32901640625,0.3001888888888889,0.31851328125,0.5413055555555556,0.43996328125,0.5538069444444444,0.19706328125,0.5288041666666666,0.53779765625,0.7833583333333334,0.01207734375,0.5653972222222222,0.61347578125,0.7727652777777777,0.07529609375,0.18289861111111114,174.1237776755375,155.71636374190095,207.36089002750737,155.71636374190092,238.24332085705993,4.4281823326967595,173.65075198427678,32.03920180501474,127.15068446243843,85.49804656914078,Asking
329,0.32313671875,0.29898888888888886,0.317603125,0.5386708333333333,0.43956328125,0.549125,0.1956421875,0.5282180555555556,0.5430843750000001,0.7709777777777779,0.00421484375,0.5618597222222222,0.6141703125,0.7870986111111111,0.079721875,0.17075277777777778,172.7162960753849,156.2903567402672,207.54049196482123,156.29130742302976,246.22131510695817,2.350327404051911,174.35440169138164,29.96366821911737,129.6773313861675,97.26958672655608,Asking
330,0.32400546874999997,0.29986111111111113,0.31536796875,0.5315388888888889,0.43639609375,0.5440152777777777,0.1943390625,0.5190625,0.5299359375,0.7970027777777777,0.002725,0.5539499999999999,0.58264765625,0.9047375,0.08717343749999999,0.17901111111111112,167.17399319272124,155.17622673914968,217.97820799795562,155.17722506218496,246.54893006662996,3.7920062199848177,174.15242146101374,29.260098338591952,123.31760992660392,138.98263005073318,Asking
331,0.3216515625,0.30313055555555557,0.316496875,0.5293416666666666,0.439209375,0.5420472222222222,0.193784375,0.5166361111111111,0.5124328125,0.8474736111111112,0.009017968749999999,0.5797541666666667,0.5327921875,1.038,0.0798390625,0.18850694444444444,163.00558882443264,157.33816793137007,239.04738384889305,157.33816793137,240.82767911101914,2.319803029572467,169.12287467755988,31.688969184454233,113.08406375081347,169.243649427681,Asking
332,0.3236234375,0.3060111111111111,0.31896171875,0.5351111111111111,0.44356171875,0.5467041666666667,0.19436171875,0.5235180555555555,0.5203359375,0.8234972222222222,0.00988203125,0.566998611111111,0.5716375,0.9457041666666667,0.07413515625,0.20091388888888886,165.05989032166474,159.7062758723025,222.20281753839214,159.70627587230254,238.2001922585286,2.071723331660167,172.44792366598412,33.525812527300566,116.24804697118293,143.26609965174606,Asking
333,0.32287656249999996,0.3101013888888889,0.31548906250000003,0.5264083333333334,0.4310875,0.5336222222222222,0.19989062500000002,0.5191958333333334,0.53873671875,0.5808722222222222,0.026596875,0.5613319444444445,0.54222734375,0.3481944444444444,0.09655703125000001,0.18826944444444443,156.0278020642475,148.05713353972513,141.92857387080298,148.05709846204607,223.88106686363633,3.4745160205313463,172.2119201246705,29.035571792945163,166.13128127537965,1.5277259438299373,Asking
334,0.3218046875,0.3084513888888889,0.32032578125,0.5368111111111111,0.44138046875,0.5480083333333333,0.19927109375000002,0.5256138888888889,0.52378046875,0.8194430555555556,0.024549218749999997,0.564576388888889,0.5644515625000001,0.9712944444444445,0.09982265625,0.18705,164.42989694699685,155.15958991954057,222.07746457711556,155.15958991954057,225.39656063258818,0.6596325159608933,172.85039055055336,27.57345176924804,118.35501223974691,154.53850608752956,Asking
335,0.323696875,0.30875416666666666,0.31756093750000003,0.5265097222222223,0.436153125,0.5319166666666667,0.19896953125,0.5211027777777778,0.53526171875,0.6519611111111111,0.018646875,0.5728680555555555,0.5286421875,0.4947736111111111,0.1035015625,0.1811111111111111,156.98059743802733,151.84791158590224,153.50471167035883,151.84691191459902,233.80284089377528,2.8678002848849067,170.82722639896343,26.5279645349649,145.73248151336784,4.28153892724442,Asking
336,0.326928125,0.30883194444444445,0.31443906250000003,0.5323180555555556,0.432259375,0.5371680555555556,0.19661875,0.5274680555555555,0.54442265625,0.6073027777777777,0.0267328125,0.5457930555555556,0.5491312500000001,0.3456777777777778,0.09139296875,0.18243333333333334,161.70213448189236,150.85042314822985,152.19068555598264,150.85042314822988,217.85390460581607,5.673573213559069,176.5278409075648,28.46529528737183,160.6218832774616,1.8325842676953727,Asking
337,0.32400078125,0.30819583333333334,0.31857421874999997,0.5287305555555555,0.43655,0.5333638888888889,0.20059921875,0.5240958333333333,0.5290828125,0.6456361111111111,0.02909375,0.5496847222222223,0.52240859375,0.4804,0.08660234375,0.20022777777777775,158.93685268369947,151.04584395805136,143.39792976190418,151.04486629144333,220.298768732374,2.504788991120731,175.20264281820695,32.036359744589284,145.6866829556988,4.107246571174268,Asking
338,0.3221625,0.3090055555555556,0.31823828125000003,0.5368458333333334,0.44146953125,0.5453722222222223,0.19500703125000002,0.5283208333333334,0.5499468750000001,0.7046736111111112,0.01201328125,0.5552388888888888,0.58997734375,0.5940708333333333,0.07453984375,0.18514722222222224,164.12188322707,157.85541807932978,180.09720156071276,157.8553791924748,235.03245091901672,1.7538285748688767,175.2699644711353,31.966993767466917,140.44180366479515,32.758493193849894,Asking
339,0.32503125,0.30195694444444443,0.31578828125,0.5337541666666666,0.4367609375,0.5398652777777777,0.194815625,0.5276444444444445,0.59111796875,0.6186541666666666,0.026571875000000002,0.5624930555555555,0.5577359375000001,0.3471236111111111,0.07758203125,0.1857875,167.31282018124014,154.90750151299966,205.55957022965387,154.9074731121775,216.80876869951547,4.054874868639365,173.3543420664357,31.3688413626743,163.98025146752477,12.328720983499363,Asking
340,0.3168375,0.30759861111111114,0.32104374999999996,0.536425,0.44550859374999996,0.5499152777777778,0.196578125,0.5229333333333334,0.5260859375,0.8403055555555555,0.013350781249999999,0.5986013888888889,0.5566609375,1.022211111111111,0.06793125,0.2063986111111111,164.84294792620034,159.61081289812418,233.13626462221615,159.6118719018106,240.775765645133,1.8716927428819394,166.92226696056804,35.84920760522335,116.25697863879803,163.36322542366543,Asking
341,0.31653046875,0.3062972222222222,0.3122359375,0.52955,0.4355421875,0.5332166666666667,0.18893046875,0.5258833333333334,0.57651484375,0.6055097222222222,0.0086140625,0.5722666666666666,0.61738046875,0.33932222222222225,0.055962500000000005,0.19701527777777778,160.83596479954355,157.85407762867584,187.80230197204713,157.85307776853764,233.20857797473914,1.9586182096869915,171.76680898688326,35.70825196898396,163.90931330632748,15.265818364954438,Asking
342,0.319009375,0.3075458333333333,0.31155,0.5365486111111111,0.43284140625,0.5435930555555556,0.19025859375,0.5295041666666667,0.56143671875,0.6239416666666666,0.02015390625,0.5643347222222223,0.560359375,0.3753222222222223,0.05162421874999999,0.20105555555555554,165.15822179958224,155.3358271391375,174.47222301845068,155.33582713913745,219.17344921317456,3.3141873357998772,173.42978155041402,36.88381183877588,160.63547079875184,0.44137803763133876,Asking
343,0.3174265625,0.3051847222222222,0.31348125,0.5371625,0.43618515625,0.5488041666666666,0.19077734375,0.5255222222222222,0.5412109375,0.7695166666666667,0.01297109375,0.5695972222222222,0.6022624999999999,0.8087833333333333,0.053234375,0.1986763888888889,167.10032637909478,157.28450541931971,208.14795953359717,157.28445213052686,229.7937449540348,1.7318203701116215,172.0622136276669,36.80100148889896,130.2296663726749,109.88933109043086,Asking
344,0.31664140625,0.30520555555555556,0.31443515624999996,0.5402347222222222,0.43815859375,0.5527069444444445,0.1907109375,0.5277611111111111,0.51388203125,0.8385875,0.0306953125,0.5655208333333334,0.5409546875,1.0207027777777777,0.05900234375,0.2043513888888889,169.24456214898015,158.62039703644672,227.51326341995977,158.6214520485801,206.6164692588662,0.956076747366788,172.43898269646542,35.90453518124348,115.2154657321236,165.19640202212486,Asking
345,0.312359375,0.30369999999999997,0.31153515625,0.5373291666666666,0.4302390625,0.5431625,0.19283203124999998,0.5314944444444444,0.5403421875000001,0.6520791666666667,0.03071796875,0.5755375,0.5722515625,0.47623472222222224,0.066715625,0.21166527777777777,168.21630834731812,151.99903776340167,161.280888588822,151.99806578045656,209.91504842912047,0.3593435396276422,171.31129951226578,35.03126029878513,150.90674987437941,17.879807264109495,Asking
346,0.31392578125,0.3028236111111111,0.3089453125,0.531173611111111,0.42594062499999996,0.5324333333333333,0.19195,0.5299138888888889,0.5736453125,0.5865805555555555,0.033225,0.5756805555555555,0.57456875,0.3093694444444445,0.0653546875,0.21469305555555557,164.53554743276604,149.75674664268047,193.03975766665272,149.7567466426805,205.8229106003508,2.2205052378173877,170.78736931091757,35.52571192849368,168.34849583293573,0.3393062832606476,Asking
347,0.3177984375,0.30546805555555556,0.31942734375000004,0.532,0.4402328125,0.5453666666666667,0.19862265625,0.5186347222222222,0.5352484375000001,0.8000333333333334,0.05358828125,0.5606847222222222,0.5824359375,0.9502236111111111,0.07841015625,0.2041541666666667,163.1163260805,154.93020214599866,220.02798458377973,154.92914196173686,188.09659994800546,0.7323911497654586,170.73738643195693,34.19879683079437,123.55573339269,150.81442618292982,Asking
348,0.31666484375000004,0.3058402777777778,0.31511640625,0.5348069444444444,0.43577187500000003,0.5474777777777778,0.1944609375,0.5221361111111111,0.513959375,0.833051388888889,0.0324171875,0.5648680555555555,0.54277421875,1.037651388888889,0.085109375,0.20362777777777777,164.86791397964612,154.7082216625865,228.67599823549477,154.7082216625865,209.68549149857745,0.6888118358729618,171.5625695159146,31.397963429093103,115.95402364915469,165.94362484880892,Asking
349,0.31922578125,0.30416944444444444,0.3166390625,0.5249722222222223,0.43513828125,0.5286597222222222,0.19814062500000001,0.5212833333333333,0.55937109375,0.6043652777777777,0.04832578125,0.548,0.5463242187499999,0.3937791666666667,0.083053125,0.19847361111111111,159.0124749980328,151.70223487477037,168.1007031157217,151.7012525327329,192.72537940032703,1.1931141694254461,174.2717465910691,32.366927874289935,161.0793719923608,6.285355644366924,Asking
350,0.31867968750000003,0.3057472222222222,0.31963671875,0.5318680555555555,0.440853125,0.5410416666666666,0.1984203125,0.5226958333333334,0.51673046875,0.8121569444444445,0.02116953125,0.5829291666666667,0.555984375,0.9098375,0.11030625000000001,0.20605833333333332,162.8116085357552,155.29752307747864,218.03001705728502,155.2974805494281,230.98868280718864,0.43109943315306226,169.17852581498937,26.322569290807483,116.45258198946523,144.45731339787025,Asking
351,0.32115312500000004,0.3082388888888889,0.32215937499999997,0.535,0.44227890625,0.5415861111111111,0.20204062500000003,0.5284152777777777,0.54701875,0.6840402777777778,0.0402484375,0.5557361111111111,0.5870460937499999,0.5906138888888889,0.11564062500000001,0.19268333333333335,163.2730803531311,153.82610822938997,168.8015105915821,153.82507788068884,208.0261355623375,0.451989570338522,174.57399088211577,24.584466608702133,142.5824625973263,37.29529885898145,Asking
352,0.32616875,0.3065902777777778,0.317990625,0.5254055555555556,0.43820859375000004,0.5256124999999999,0.19777187499999999,0.5251972222222222,0.54168046875,0.6622305555555555,0.05683828125,0.6006055555555555,0.568890625,0.5891944444444445,0.13767578125,0.26436527777777774,157.8943831584898,153.87907213783168,164.9760175328523,153.8800731088987,188.38841381836622,3.801354095036304,163.2496308776791,22.27414460555695,143.39905062469467,33.51748736331538,Asking
353,0.32616875,0.3065902777777778,0.317990625,0.5254055555555556,0.43820859375000004,0.5256124999999999,0.19777187499999999,0.5251972222222222,0.54168046875,0.6622305555555555,0.05683828125,0.6006055555555555,0.568890625,0.5891944444444445,0.13767578125,0.26436527777777774,157.8943831584898,153.87907213783168,164.9760175328523,153.8800731088987,188.38841381836622,3.801354095036304,163.2496308776791,22.27414460555695,143.39905062469467,33.51748736331538,Asking
354,0.32499765625,0.30921388888888884,0.31623359375,0.5360277777777778,0.43750546874999996,0.5415388888888889,0.19496171874999998,0.5305180555555555,0.4958609375,0.8265750000000001,0.04411796875,0.6580694444444445,0.53363984375,0.996123611111111,0.11375781250000001,0.3718097222222222,163.6908462926379,155.27870751651685,218.39655240181793,155.2786819656839,213.80814055830518,3.929653076771156,154.56226668733143,42.28993176707571,109.99971518916311,158.39022694591472,Asking
355,0.32218671875,0.3139708333333333,0.3171921875,0.5169138888888889,0.43629375000000004,0.5133361111111111,0.19809062500000002,0.5204930555555556,0.5436546875,0.7078305555555555,0.05471640625,0.6172500000000001,0.4825609375,0.5094819444444444,0.13953828125,0.2218472222222222,146.25878643691803,152.47176222501008,196.20114010881795,152.47177912322002,196.2968048288102,2.505207831622427,159.21291405674293,19.21600903045672,134.46021835139018,28.704093307716448,Asking
356,0.32496796875,0.30496805555555556,0.3163625,0.5401541666666667,0.44096640625,0.5413444444444444,0.191759375,0.5389652777777778,0.52738671875,0.7529777777777777,0.050290625,0.6652069444444445,0.5608453124999999,0.7533833333333334,0.12589765625,0.25821527777777775,169.69187894828673,159.4953024323914,188.29441653963082,159.4942970767294,202.61215569654254,3.7217871638761033,153.34541119854728,22.638700625853954,125.97793188335635,90.39064394838593,Asking
357,0.32397734375,0.3154236111111111,0.320046875,0.5290472222222222,0.44000234374999997,0.5328236111111111,0.200090625,0.5252708333333334,0.51445234375,0.793801388888889,0.0365171875,0.6025763888888889,0.531171875,0.8823027777777779,0.13971484375,0.2088,153.89125849768075,153.56707267510177,210.68754313437714,153.56807251834613,216.64604191168598,1.8734425868834164,165.1128078464895,18.734957890885656,116.89196282304003,161.4351302196602,Asking
358,0.33144687500000003,0.31154166666666666,0.32073359375,0.5326388888888889,0.44235625,0.5438513888888888,0.1991109375,0.5214263888888889,0.54108828125,0.7185958333333333,0.0466875,0.5920819444444444,0.57811484375,0.6803805555555555,0.123921875,0.21388472222222224,159.77954333706177,155.88618174167974,178.3278216796246,155.8861817416797,201.62527318766365,4.923438714784625,165.38577305044967,23.491620515100447,135.12745349509672,59.862318506592516,Asking
359,0.33292968749999996,0.3086027777777778,0.3172546875,0.5383236111111112,0.4390703125,0.5451611111111111,0.19543984375,0.5314847222222222,0.5756625,0.5868388888888889,0.03874140625,0.5995125,0.5905671875,0.36299583333333335,0.12081015625,0.20496666666666666,166.61150409560562,156.00169776319743,177.39449345456015,156.00072982201078,206.46784223215005,6.916565212944777,166.2769944257984,22.113520908278034,170.26103392509916,6.750921537293296,Asking
360,0.3300453125,0.3070041666666667,0.3209484375,0.5271,0.43997578125,0.5322513888888889,0.20192031250000003,0.5219499999999999,0.57421796875,0.5898152777777778,0.041725,0.5713222222222222,0.60366953125,0.34378194444444443,0.11880078125,0.19750277777777778,158.8962136018351,152.40014011148412,176.7577998731598,152.40111548148195,208.10853611517237,4.202432482740822,170.16480840459187,24.486682942949578,166.43908377810507,12.013887999431233,Asking
361,0.328834375,0.30840694444444444,0.32236796874999996,0.5379,0.44428203125000004,0.5496555555555556,0.20045390625,0.5261444444444444,0.5269109375000001,0.7204805555555556,0.035421875000000005,0.5551222222222222,0.5627429687500001,0.6121680555555555,0.10168984375000001,0.19373611111111114,165.44217707102382,156.27937098670452,162.21516347431887,156.2793709867044,212.2688544676303,2.8676800024539126,174.35926485948866,27.843347575242188,130.6928959122975,30.460889062426507,Asking
362,0.3294453125,0.30853611111111107,0.32260234374999996,0.5370569444444444,0.44448515625,0.5490972222222222,0.20071953125,0.5250152777777778,0.52213046875,0.8119458333333334,0.0157875,0.5647944444444444,0.55823828125,0.8405680555555555,0.09579296875,0.1894236111111111,164.7679771861025,156.2506693137665,213.76042196112917,156.2507247983189,238.43940792159336,3.0472571841898723,173.10105453448378,29.06716576658588,117.70640847682543,114.03146542915056,Asking
363,0.32713749999999997,0.3066069444444445,0.32295390625,0.5312347222222222,0.4427609375,0.5400791666666667,0.20314609374999998,0.5223888888888889,0.5355726562500001,0.6456861111111111,0.0160265625,0.5538541666666666,0.5377328125,0.4318388888888889,0.09613046875,0.17268611111111112,161.82062862626628,153.48515899916845,141.04902612212533,153.48619963045536,240.58205709071487,1.896389408072532,174.5965963244197,28.547668502019867,147.37882725590137,1.0288095320606356,Asking
364,0.3203,0.31270555555555557,0.3214953125,0.5353722222222222,0.4421421875,0.5437972222222223,0.20084765624999998,0.5269458333333333,0.5701562499999999,0.6338041666666666,0.009869531249999999,0.549925,0.62194296875,0.4225625,0.0957078125,0.16469583333333335,160.3273005448542,154.54709165817388,176.2076394172511,154.54813014074293,245.01125959637037,0.5467806977362792,176.12801224342252,27.293019283484146,158.4214566276902,23.54897619783042,Asking
365,0.32056953125,0.3034833333333333,0.31491484375,0.5241361111111111,0.4387765625,0.5365861111111111,0.19105390625000002,0.5116875000000001,0.51231015625,0.8429166666666666,-0.0039265624999999995,0.5525333333333333,0.53267734375,1.0789805555555556,0.06733984374999999,0.15552361111111113,159.0347935012964,158.79620947931977,239.8019401360214,158.79515462695957,251.30175070221856,2.6085496359593248,173.27946750103877,31.69590194669354,113.11033825136062,171.27972814486296,Asking
366,0.3177828125,0.30585416666666665,0.314078125,0.5307472222222221,0.43594687499999996,0.5461027777777778,0.192209375,0.5153916666666667,0.54622578125,0.7914208333333334,-0.0035984375,0.5433930555555555,0.6196273437500001,0.891936111111111,0.06448046874999999,0.15234861111111112,161.9924210974081,156.38330857223858,226.10418459197078,156.3833085722386,251.4435679769916,1.6774575174557962,175.40102955748037,32.02486531635873,128.6308788492284,127.60638444101475,Asking
367,0.31932265625,0.296,0.31410781249999997,0.5269027777777778,0.4384953125,0.5436736111111111,0.18972031250000002,0.5101305555555555,0.52066171875,0.8257625,-0.00505703125,0.5398777777777778,0.56104609375,1.01395,0.07074453124999999,0.14976666666666666,166.3839479186619,159.6732296942728,228.71946735028916,159.6733053205826,250.23329104857334,2.2992121341789864,175.08992457430693,30.41043857970939,117.37639985793459,159.11790438282063,Asking
368,0.3215890625,0.2985152777777778,0.31458046875,0.5324,0.4384578125,0.5456027777777778,0.19070234375,0.5191958333333334,0.49769921874999995,0.8676416666666666,-0.0052,0.5479416666666667,0.5218507812500001,1.0893416666666667,0.0773453125,0.1243,168.63578638592696,158.84769121709007,243.95246804449425,158.8487492711227,251.60770225491905,3.049430923389619,175.2815745363099,27.03617238863933,108.10956721287316,169.03935269701353,Asking
369,0.316509375,0.29862083333333334,0.31111328125000004,0.5175958333333333,0.4321453125,0.5331569444444444,0.19008046875,0.5020333333333333,0.50344453125,0.8325416666666666,-0.01258984375,0.5433958333333333,0.54045078125,1.0204208333333333,0.0584828125,0.15366944444444444,157.8132215405287,155.3256123664091,234.08066006827644,155.32668189657568,261.121823456026,2.50846157112985,173.45115407594915,33.8841986575085,112.94693510973784,160.70148308608984,Asking
370,0.31717421875,0.3025625,0.31370546875,0.5224097222222223,0.438890625,0.5366652777777777,0.1885203125,0.5081555555555556,0.50123203125,0.834426388888889,-0.012375,0.5307944444444445,0.53101875,1.0402916666666666,0.0581328125,0.1529875,158.35225827249826,160.56539435694103,228.75702339600423,160.5653304359319,257.6620952255104,1.6067128338397139,176.372981245229,33.130426834231244,110.4156858717544,165.57468957592172,Asking
371,0.31375546875000004,0.29644583333333335,0.3154015625,0.5194194444444444,0.4384203125,0.5352277777777777,0.19238359375,0.5036111111111111,0.51069765625,0.8304541666666667,0.0036976562499999996,0.5513180555555556,0.543403125,1.0362569444444445,0.057343750000000006,0.15475972222222223,160.5548259318293,157.87482769586796,231.82332538810675,157.87383029812128,243.9483513471653,0.7519280228532009,171.90560422420188,34.53477975317764,113.52039367466378,164.2240418329404,Asking
372,0.31486171875,0.2972986111111111,0.31461015625,0.5249486111111111,0.4386546875,0.5464291666666666,0.19056484375,0.5034666666666666,0.49738359374999996,0.8500388888888889,0.009174999999999999,0.5365819444444444,0.51285,1.072025,0.07188359375,0.14888194444444444,163.90831628688036,159.52847045276894,231.16336805385066,159.5295626929379,233.40003575406752,0.11255836975682063,174.13671670599726,30.75395575657251,108.9773444756344,172.9391438903629,Asking
373,0.31486171875,0.2972986111111111,0.31461015625,0.5249486111111111,0.4386546875,0.5464291666666666,0.19056484375,0.5034666666666666,0.49738359374999996,0.8500388888888889,0.009174999999999999,0.5365819444444444,0.51285,1.072025,0.07188359375,0.14888194444444444,163.90831628688036,159.52847045276894,231.16336805385066,159.5295626929379,233.40003575406752,0.11255836975682063,174.13671670599726,30.75395575657251,108.9773444756344,172.9391438903629,Asking
374,0.31611640625000004,0.3014097222222222,0.31349453125000004,0.527936111111111,0.4362296875,0.545188888888889,0.19076015625,0.5106833333333334,0.50654375,0.8294250000000001,-0.0028773437499999997,0.5349972222222222,0.53712734375,1.0048125,0.061578906249999996,0.15620972222222224,163.13352364550948,157.5913394987174,223.56650577400902,157.59034261019934,248.47345285160745,1.178777955490112,175.9599242444764,32.93830303135391,113.73917307960795,162.7763526978016,Asking
375,0.319559375,0.2972916666666667,0.3166375,0.5237861111111111,0.44124765625,0.5420819444444445,0.19202734375,0.5054888888888889,0.50005703125,0.8733472222222222,0.0075546875,0.5472902777777777,0.518803125,1.0924,0.07107109375000001,0.14732083333333332,163.11888111435778,160.04404684336126,250.10792329912297,160.04412915505523,238.0353860962693,1.3137963751439918,172.7361255585754,30.97933920186958,107.51611750461481,171.3494341934443,Asking
376,0.3126421875,0.3051486111111111,0.312446875,0.5240569444444445,0.43437656249999995,0.5399055555555556,0.1905171875,0.5082097222222223,0.5051703125,0.8319069444444444,0.0063296875,0.554225,0.52111953125,1.0232944444444445,0.09281640625000001,0.15017638888888887,157.61419826906462,156.4865994933751,228.93784644964228,156.48652657657146,238.0765439118268,0.09087982581614774,172.00069283868746,25.879099750603167,113.3165315141045,171.57289535768405,Asking
377,0.3150515625,0.31185,0.3143875,0.5251458333333333,0.43771328125000003,0.5358208333333333,0.19106171875,0.5144708333333333,0.52093671875,0.8185361111111111,0.0016773437499999998,0.545188888888889,0.5526718749999999,0.9981083333333334,0.094309375,0.14846666666666666,153.57535228349633,158.0440035085166,229.7442636955273,158.0440035085166,243.41885595204002,0.3171189941184688,174.78692462509744,25.17124323047182,117.6243149795727,162.55830831976084,Asking
378,0.31373125,0.3113722222222222,0.31473046875,0.5367708333333334,0.4408890625,0.546275,0.188571875,0.5272666666666667,0.5297453125,0.8260222222222222,-0.028794531249999998,0.5609597222222222,0.5659640625,0.9704861111111112,0.0912484375,0.17182777777777777,162.29203988489397,161.62792437570923,231.31166944190255,161.62792437570928,279.28457802392177,0.4515443926155222,175.01693898097685,25.955749539658886,119.45239384054045,155.97702579517846,Asking
379,0.31635078125,0.3098416666666667,0.31304765625000003,0.5275111111111112,0.43511484375,0.5336847222222222,0.1909796875,0.5213388888888889,0.5786234375,0.6388305555555556,0.00382890625,0.5507527777777778,0.53988828125,0.3857375,0.09062890625,0.17082916666666667,156.77902049700398,156.30921451085342,198.67971840628329,156.31018567259142,240.48731254059953,1.5453338567049566,174.94782552037222,26.97504756970378,157.60185748045487,15.220792967547952,Asking
380,0.31479296875,0.3070361111111111,0.31647265625,0.5399180555555555,0.43895234375000003,0.5484166666666667,0.19399296875,0.5314194444444444,0.571875,0.6207847222222221,-0.0035484375,0.5361180555555556,0.6148085937500001,0.39915833333333334,0.08506484375,0.1741097222222222,167.68878353962737,156.89336900264465,177.94069491265898,156.89336900264456,252.87563009906668,0.7346305378398249,179.2334674389653,28.456221566125905,162.97300240775974,19.00330575571466,Asking
381,0.31427499999999997,0.30388750000000003,0.30998749999999997,0.5279569444444445,0.42921015625000003,0.5322319444444444,0.190765625,0.5236819444444444,0.53107578125,0.6726277777777777,0.025209375,0.581061111111111,0.47530234374999997,0.4862944444444445,0.07906875,0.19794444444444445,161.4233162960048,152.6360380414796,164.98244685117263,152.63503824482765,215.90150465663737,1.948292539152619,168.9683540531049,31.36682383191605,142.21490039288204,28.018595848050715,Asking
382,0.31870234375,0.31214722222222224,0.3149953125,0.5452111111111111,0.44139531249999997,0.5558930555555556,0.18859453125,0.5345305555555556,0.5064031250000001,0.8659972222222223,0.00959609375,0.5863972222222222,0.52395078125,1.0546791666666666,0.07879375,0.19919583333333332,167.87307306712415,161.97469785432537,238.2763725697536,161.9756492470396,232.141405742276,1.6197039979356551,170.7427493000602,30.2040737338811,110.439389763127,170.6118997777952,Asking
383,0.31651015625,0.30284444444444447,0.314128125,0.5316791666666667,0.43527812499999996,0.5427944444444445,0.19297734375,0.5205638888888888,0.528803125,0.7616708333333334,0.0102296875,0.5789430555555556,0.564878125,0.8236638888888889,0.09697734375,0.19406666666666667,164.78920936153557,155.27837323014427,197.90372968946295,155.2793719010996,237.66349315366043,1.0601713634350778,169.81312369206145,27.59697392534219,127.22165862345634,134.02782347032166,Asking
384,0.31196640625,0.3152597222222222,0.31517734375,0.5432791666666666,0.43947421875000003,0.5520361111111112,0.19088125,0.5345236111111111,0.54454609375,0.7515097222222222,0.02114140625,0.55675,0.60991640625,0.7428861111111111,0.10249453125,0.1772111111111111,164.22543766420597,159.22488192804545,196.76150463187656,159.22384311716638,217.85556063135041,1.434066768280331,175.78743385741478,23.73799967332061,133.11995327410378,85.7561645706316,Asking
385,0.31322109375,0.3053208333333333,0.30822656249999997,0.5338319444444444,0.42996796875000004,0.5467624999999999,0.18648515625,0.5209013888888888,0.54090390625,0.6975430555555555,0.0196,0.5896861111111111,0.47958125,0.4965791666666666,0.09603515625,0.18858194444444443,164.6521583004608,156.10686513090965,178.74322322258817,156.1068651309096,219.27890777272674,2.2252001989993655,166.94690343877687,25.821029528733913,142.6009342224964,28.478761873924743,Asking
386,0.31645234375000003,0.3081986111111111,0.3036671875,0.5311625,0.42461796874999996,0.5434277777777777,0.18271640625000002,0.5188972222222222,0.5528562499999999,0.6769902777777778,-0.01252421875,0.5389652777777778,0.47925625,0.4891041666666666,0.10626640624999999,0.18987222222222222,161.36597652851114,155.06866237251157,190.24008055612256,155.06866237251162,250.32535242160353,5.820683091747321,176.69099792982504,22.444163687343508,149.6359258661686,34.85346750411215,Asking
387,0.30700859375,0.32933333333333337,0.31060781249999997,0.5371013888888889,0.43280859375,0.5496083333333334,0.18840703125,0.5245958333333334,0.4886421875,0.7403180555555555,-0.0256203125,0.5073861111111111,0.5050359375,0.6530708333333334,0.07615234374999999,0.1382013888888889,149.66392383604008,156.6759966108402,154.79613305893656,156.6759391387203,274.23507964153674,1.7639745997754857,177.41027370430348,27.31531854492867,117.49586904240829,18.471607086499493,Asking
388,0.30257109375,0.32558333333333334,0.30856171875,0.5340652777777778,0.42879765625,0.5462625,0.18832578125,0.5218694444444444,0.52311796875,0.6632111111111111,0.00426875,0.5308375,0.5169742187499999,0.4745236111111111,0.076540625,0.12493194444444443,150.30272676501914,154.15235686813224,147.19333581721693,154.15229990175303,235.68146829566382,2.924330471238045,178.43006262345668,26.595115073738068,145.10619807130155,3.3128833907995805,Asking
389,0.3043625,0.3200736111111111,0.3054453125,0.5403083333333333,0.428634375,0.5515291666666666,0.18225546875,0.5290874999999999,0.4699,0.8349916666666666,-0.033084375,0.5202819444444444,0.46661328125,0.9263597222222223,0.0857328125,0.107475,158.575057171675,157.88883229981786,210.81723138538743,157.88983098983925,275.70790490118344,0.5007910004876887,178.68234730549025,22.146270204301747,104.50998848997918,176.34087481640947,Asking
390,0.3066484375,0.3240236111111111,0.30982656249999996,0.5381416666666666,0.43224999999999997,0.5521236111111111,0.187403125,0.5241583333333334,0.48469765625,0.7835222222222222,-0.032115624999999995,0.49863888888888885,0.48083593750000003,0.714525,0.08414453125,0.10822083333333334,154.2186624536732,157.02503396910953,179.62386294142544,157.02509808307713,281.5841120020801,1.5115308709253978,176.25866261122647,23.81389870449993,111.94658834489094,5.6822720277199155,Asking
391,0.3028625,0.32169722222222225,0.30983203125,0.5276638888888889,0.43223359375000003,0.5369569444444444,0.18743125,0.5183722222222222,0.49657421875,0.8260333333333334,0.00698125,0.533326388888889,0.51581875,0.9707541666666667,0.0864125,0.10674305555555556,148.56408669998277,156.81680954859402,223.83629947128776,156.8157677945684,231.22681692442166,3.442577097867936,177.33107595618497,23.571068339213113,111.58798685927283,166.69927084252058,Asking
392,0.309403125,0.31319583333333334,0.30946953125,0.5365958333333333,0.43359453124999997,0.550725,0.1853453125,0.5224666666666666,0.48781328124999995,0.8570305555555555,-0.03255078125,0.49298194444444443,0.50543671875,1.0601194444444444,0.08863515625,0.08107777777777778,160.84802245909023,159.20535270209982,231.20175518364908,159.20435474571667,279.7137556324322,0.030277907127051064,175.64732581507073,21.281837189200058,107.4678579442499,171.23010714587727,Asking
393,0.309403125,0.31319583333333334,0.30946953125,0.5365958333333333,0.43359453124999997,0.550725,0.1853453125,0.5224666666666666,0.48781328124999995,0.8570305555555555,-0.03255078125,0.49298194444444443,0.50543671875,1.0601194444444444,0.08863515625,0.08107777777777778,160.84802245909023,159.20535270209982,231.20175518364908,159.20435474571667,279.7137556324322,0.030277907127051064,175.64732581507073,21.281837189200058,107.4678579442499,171.23010714587727,Asking
394,0.3094125,0.30896944444444446,0.312125,0.5398597222222222,0.43874218750000005,0.5531472222222222,0.18550703125,0.5265736111111111,0.506284375,0.8542805555555556,-0.041725,0.5356930555555556,0.53582109375,1.0465222222222221,0.05732734375,0.1458111111111111,166.2772529993204,162.3521246827402,233.4169487676505,162.35306402097865,290.931103192835,1.196467957031748,178.70678649190046,30.899262650635638,111.73932709482798,164.72264207069264,Asking
395,0.30849765625000003,0.3111833333333333,0.3113765625,0.5332652777777778,0.43549375,0.5480347222222222,0.187259375,0.5184958333333334,0.47196875,0.8788055555555556,-0.038164843749999997,0.5414416666666667,0.4855171875,1.086788888888889,0.061939062499999996,0.14456388888888888,159.94145624571513,159.2254968778556,242.68822255931582,159.2254968778556,289.01558139657453,1.3201932524297804,176.72301458915396,30.786826626177287,101.09162429584016,173.39412325474964,Asking
396,0.30886718750000003,0.31048194444444444,0.30932734375000004,0.5315777777777778,0.43198749999999997,0.5449694444444444,0.1866671875,0.5181861111111111,0.480665625,0.8595249999999999,-0.03964453125,0.529675,0.5019851562500001,1.0686805555555556,0.0553359375,0.1392027777777778,159.19008964756569,157.30078890139103,234.89460884405156,157.30078890139112,289.7970824991169,0.21199366874873912,178.36432076026793,31.6357044037458,105.38236619288205,169.728805911757,Asking
397,0.30915390625,0.31369861111111114,0.30956953125000003,0.5410097222222222,0.43412890624999995,0.5593125,0.18501015625,0.5227069444444444,0.478853125,0.8839499999999999,-0.03566640625,0.539825,0.49789843749999996,1.0850930555555556,0.0587140625,0.13882777777777777,163.66486464724184,159.97967927208748,240.64733351940552,159.9796792720876,282.7347640121391,0.1862428349827245,177.50156536665472,30.322860803187265,103.76189419861942,170.44499801327692,Asking
398,0.312209375,0.30593333333333333,0.30943437500000004,0.5318111111111111,0.43284765625,0.5494458333333333,0.1860203125,0.514175,0.46852890625,0.8684569444444444,-0.03935,0.5284819444444444,0.4874390625,1.0884444444444443,0.05900546875,0.12159444444444445,162.6707844943277,158.47844891340898,234.18477518404137,158.47952581958342,288.65785850553243,1.2511821665428295,177.95491739452154,29.906617115049304,101.24621251825054,171.31139196155462,Asking
399,0.31198828125,0.3120888888888889,0.31124921875,0.529775,0.43320546875000004,0.5418819444444444,0.18929296874999998,0.5176680555555555,0.4914703125,0.8255722222222223,-0.03669765625,0.5349069444444444,0.50441328125,1.0034097222222222,0.055272656249999996,0.14041666666666666,156.736854861899,156.34719346697597,217.44642855195397,156.34719346697594,289.53416649507875,0.3458161550651588,177.54304224644164,32.27502527405698,110.05831844099468,172.6276730370211,Asking
0,0.26527500000000004,0.2546833333333334,0.27909609375,0.3516666666666666,0.40554140624999996,0.3638402777777777,0.15265078125,0.33949166666666664,0.42108671875,0.6490458333333333,0.03252734375,0.5746097222222222,0.30238671875,0.6439416666666666,0.15054296875,0.6088194444444445,72.03416595616274,162.08716088882545,206.30979498802282,162.08721496774504,228.68960140111312,14.216809563490433,132.24820710160705,179.202881455977,95.5346202195331,88.61441040312515,Boring
1,0.25159921875,0.2810986111111111,0.27931093749999997,0.3566875,0.40956953125,0.38156527777777777,0.1490515625,0.3318083333333333,0.40953828124999997,0.6847902777777778,0.01460078125,0.569426388888889,0.28513203125,0.6568791666666667,0.1336640625,0.6259402777777778,64.9627864011389,167.6903876344736,218.32200366431232,167.69148873153935,242.66737447378463,33.09441484569322,135.16895746512543,174.68652724863196,89.98950251850532,82.80732767898843,Boring
2,0.25602265625,0.2979972222222222,0.2723859375,0.3482458333333333,0.40971796875,0.3630027777777778,0.1350546875,0.3334875,0.40834921875,0.6531680555555556,-0.0049828125,0.5657361111111111,0.3130546875,0.6894986111111111,0.12735390625,0.6287791666666667,41.804462273781255,176.1058115168264,208.92634602892952,176.10487367475096,245.1367770551779,30.06770883579896,136.98845547859838,177.34556050887292,89.51952741174338,102.10377093132593,Boring
3,0.2522671875,0.29701805555555555,0.2728046875,0.3453,0.4117890625,0.35542916666666663,0.13382031249999998,0.33517083333333336,0.45278203125000005,0.6901430555555556,-0.0111203125,0.5725708333333333,0.31359140625,0.6722694444444445,0.12213281250000001,0.6343402777777778,43.583541767506695,178.04942529814582,246.64004921545086,178.04942529814582,252.26084864679257,37.096801586927796,137.3448381672768,176.02709962911064,102.28316098776028,85.86863189284661,Boring
4,0.25150625,0.3221,0.27211328125,0.34752361111111113,0.4144875,0.36048749999999996,0.1297390625,0.33455833333333335,0.44015390625000006,0.7238930555555555,-0.0104890625,0.5850972222222222,0.29843125000000004,0.6670277777777778,0.11998359375,0.6362902777777778,32.10637248273309,182.4778799663126,263.70644420074376,182.47793112045085,254.47437711486788,55.24028736259405,134.85734991561114,176.7103524454218,97.15660076445344,77.28148038035114,Boring
5,0.23972421875,0.3215277777777778,0.2659875,0.3638861111111111,0.40246640625,0.3900291666666667,0.12950859374999998,0.33774166666666666,0.40056171875,0.6965180555555556,-0.00958125,0.5791041666666666,0.29740234375,0.6704958333333333,0.11651875,0.6411416666666667,45.389764187534624,175.7041535593283,220.6854671880321,175.70426069108285,248.78966454818817,47.78507004039664,135.69276089933828,175.64736873385573,89.36701789320009,81.92409216920035,Boring
6,0.24668828125000003,0.32182361111111113,0.2690703125,0.3449027777777778,0.4052953125,0.3539333333333333,0.1328453125,0.33587222222222224,0.412984375,0.6471486111111111,0.01166953125,0.5682388888888888,0.29806484375000003,0.6686041666666667,0.1241875,0.6453486111111111,33.119328042700396,174.4891842722637,211.34428828099425,174.48918427226374,228.14072289050017,59.88539888669013,132.8331313598186,177.15276663026467,92.66914749732979,95.9951774613492,Boring
7,0.24786796875,0.3230125,0.26544687499999997,0.36214999999999997,0.40289140625000003,0.3786527777777778,0.1280015625,0.3456472222222222,0.41204843750000003,0.6453125,-0.0067679687500000005,0.5613888888888888,0.3159125,0.666075,0.12261953125,0.6336597222222222,36.060380502706835,176.3297903503546,192.35244179890205,176.33078807740864,232.1349318413754,38.60745027024384,137.99820238507917,178.09727820498819,93.4934837115184,96.92653629451965,Boring
8,0.2366875,0.32950694444444445,0.25785,0.35175555555555554,0.38738515625000003,0.36201944444444445,0.12831484375,0.34149166666666664,0.43625546875000004,0.6679722222222222,-0.010209375,0.5655263888888888,0.31896874999999997,0.64845,0.127215625,0.6308666666666667,31.47011447389414,165.96960602773026,228.99546875866343,165.96960602773026,239.70501401931497,59.40125139803016,137.70629308367455,179.61308405876943,105.85280771199125,84.65113855566157,Boring
9,0.23087109374999998,0.33113611111111113,0.2596390625,0.3556416666666667,0.38241328124999996,0.3685097222222222,0.136865625,0.342775,0.41513203125000003,0.6311180555555556,0.007689062500000001,0.5693930555555556,0.31040078125,0.6368430555555555,0.12825859374999998,0.6292541666666667,40.83190009049301,157.42387692469012,193.66059094198798,157.42281980704072,232.29747510681213,64.39826062464111,135.3803837898398,176.94263027186878,102.48914426508733,91.76119542969597,Boring
10,0.2659859375,0.3209125,0.26181640625,0.3262055555555555,0.38963046874999996,0.30744166666666667,0.13400234375,0.34496805555555554,0.46225390624999996,0.4784541666666667,0.0033890625,0.5493666666666667,0.39429140625,0.5774972222222222,0.1158671875,0.6107611111111111,6.557994358033555,164.1588697085844,154.27877496596867,164.1587874132847,222.7306672059328,54.47044725203998,138.64368708073516,173.08389995075828,127.05150190800171,129.34291407796647,Boring
11,0.25590703124999997,0.34021250000000003,0.2511203125,0.3611291666666666,0.37718203125,0.3681708333333334,0.12505859375,0.3540888888888889,0.414790625,0.5620986111111111,0.00476875,0.5645361111111111,0.32718046875,0.6373083333333334,0.118221875,0.6284958333333334,16.258650897291528,161.43863162514725,147.693404405884,161.43860022311893,216.02311294164798,22.13842419897642,135.4593046593799,177.46388489990235,109.02245708537991,115.77511406223823,Boring
12,0.26157890625,0.33744444444444444,0.2576671875,0.3523694444444444,0.37668046875,0.3451361111111111,0.13865390625000001,0.35960277777777777,0.4036625,0.5659125,0.0015820312499999999,0.5677972222222223,0.330065625,0.6267,0.12345703125,0.6241666666666666,11.85523365438234,152.42599789077977,162.66766135283314,152.4259978907798,230.7670130326256,24.98273306447831,139.49059120759648,174.16929596781216,102.25812942383905,114.91949172310727,Boring
13,0.24894609375,0.36343194444444443,0.26253359375,0.35270138888888886,0.39263906249999997,0.35577916666666665,0.132428125,0.3496236111111111,0.40640234375000006,0.6003722222222222,0.0008015625,0.5443916666666666,0.3175328125,0.6345111111111111,0.12397812500000001,0.6209930555555556,19.030836555443376,166.54974296287577,176.98597158532084,166.5497429628758,219.20647484278376,113.95209557066596,140.22829654304957,176.83150636794463,95.71262251878363,102.19313362077912,Boring
14,0.24078906249999998,0.36692499999999995,0.25849765625,0.3623152777777778,0.39319609375,0.3750472222222222,0.1237984375,0.34958194444444446,0.40600703125,0.6230861111111111,-0.014528906250000001,0.5648027777777778,0.311665625,0.6306041666666667,0.12161796875,0.6250361111111111,22.908702494903572,172.65752600161974,179.33925434215456,172.65857768729595,235.29169378029476,98.3302979194595,138.80814180381046,179.19374585688246,95.24620394825375,92.56659720425154,Boring
15,0.2431796875,0.3689319444444444,0.26386875,0.3364930555555556,0.39190703125000004,0.33455416666666665,0.1358296875,0.3384333333333333,0.411515625,0.5809125,0.00502734375,0.5517138888888888,0.3157703125,0.6352944444444444,0.12143359375,0.6218055555555555,35.31004191444694,163.89494542846649,179.14495439447913,163.8959539128407,227.185140739882,131.41092581809212,137.47333233896802,174.83927396676725,98.05388864773604,107.71825553239107,Boring
16,0.23481796875,0.3701597222222222,0.26583359375,0.3370958333333333,0.396734375,0.3383319444444444,0.1349328125,0.3358611111111111,0.4040421875,0.6039819444444444,0.006840625,0.5625236111111112,0.30924921875,0.6263708333333333,0.12469531250000002,0.6231263888888889,46.290556661159286,167.55536371301278,191.49659302452358,167.5553584043196,231.33414484896085,120.94889755832591,135.1332763050201,176.37480970638353,92.79983090395909,97.56773181732275,Boring
17,0.23733046875000002,0.39093194444444446,0.2562640625,0.3607583333333333,0.38692890625,0.35893194444444443,0.1256,0.3625861111111111,0.39011796875,0.5657791666666666,0.01986328125,0.557125,0.27919375,0.5789486111111112,0.14759140625,0.6131611111111112,32.547055934446654,167.2561694706656,148.98593095994,167.25517736680078,194.7736436815823,131.87402771748916,134.01711986122774,171.13195484880654,91.57001833713755,93.82069033487859,Boring
18,0.25602890624999997,0.3946458333333333,0.24835859375,0.3511902777777778,0.37679375,0.3385180555555556,0.11992343750000001,0.36386111111111114,0.4140796875,0.5342347222222222,0.00603359375,0.5641180555555556,0.29380625,0.5787527777777778,0.1576265625,0.6123486111111112,32.79225622002851,164.64999539933186,148.77866154795186,164.6499399878421,205.03860872040661,162.57843346268305,135.3149651425039,164.90414724124722,108.71042005966375,101.76118467243829,Boring
19,0.262446875,0.40791111111111117,0.22968984374999998,0.37669305555555554,0.35511875000000004,0.3679125,0.10426093750000001,0.3854736111111111,0.374040625,0.604125,0.01974921875,0.5765250000000001,0.27240078125,0.6006361111111111,0.18575859374999998,0.6188597222222222,47.57369619863485,160.673423704731,171.78892202060064,160.67342370473094,174.99645388978604,118.19455229186957,128.18155555106063,148.16823341426772,98.10496209798352,88.89384917507358,Boring
22,0.25031796875,0.45287083333333333,0.23626328124999998,0.3989347222222222,0.33745234375,0.31480277777777776,0.135075,0.48306666666666664,0.3840296875,0.4120097222222222,0.06282578125,0.5725888888888889,0.36405859375,0.5263513888888889,0.19815234375,0.5901972222222223,42.79859408905858,142.9869892997262,91.93957407993577,142.98608346968592,112.72506986912893,155.14388754879272,145.1242799364724,133.69188907671017,130.4254813490084,162.74993809465056,Boring
23,0.23602656249999998,0.4718013888888889,0.2456609375,0.3781611111111111,0.35009843749999997,0.32530972222222226,0.1412234375,0.43101111111111107,0.3902234375,0.4742097222222222,0.04493046875,0.5703,0.34875546874999996,0.5779000000000001,0.1935078125,0.5864833333333332,68.53954672304158,138.99055079033246,118.87558565155419,138.9902770124587,158.90084319788866,169.63458995699582,140.8660354179314,149.126654263261,115.5976236399607,144.58825734244147,Boring
24,0.2252890625,0.4815263888888889,0.23462187499999998,0.3774583333333333,0.34754765625,0.3277833333333333,0.12169531250000001,0.4271333333333333,0.377040625,0.4545666666666667,0.05401484375,0.5621152777777778,0.30252734375,0.5781972222222223,0.20440703125,0.5927930555555555,75.87530531734289,148.90421008487303,98.7821170911011,148.90518080980254,130.19309939470682,170.94151746155268,131.71332126716825,138.40706563991824,112.4678098287398,133.02361050541498,Boring
25,0.2298203125,0.4810444444444444,0.216434375,0.3951597222222222,0.33251015625,0.3287638888888889,0.100359375,0.46155555555555555,0.377690625,0.43496250000000003,0.040109375,0.5832527777777778,0.32232343750000003,0.5657597222222222,0.20791875,0.6109375,64.1668802810297,156.07832313937766,95.86978110958636,156.07737120095277,116.72664341957238,164.51283594688027,131.35243494578532,127.99760179182933,127.1011856141212,143.03696006742987,Boring
26,0.2149015625,0.4766041666666666,0.21658359374999997,0.39170833333333327,0.31896796875,0.33355555555555555,0.11419921875000001,0.4498625,0.35444296875000003,0.47755416666666667,0.065440625,0.5878208333333333,0.29978046875,0.5600791666666667,0.20715781249999998,0.6049916666666667,61.16290570272148,137.57806367295623,113.18666663967095,137.57836801256218,117.30976865120824,177.98271024151035,122.1419574043078,133.1889360912895,113.65184132026359,130.33847429622134,Boring
27,0.22536796875,0.47791805555555555,0.22634375,0.41071250000000004,0.33921171875,0.3399375,0.11347499999999999,0.4814875,0.373103125,0.49524999999999997,0.061419531250000006,0.6102847222222222,0.31941406250000004,0.6094875000000001,0.2211421875,0.6167374999999999,48.40411702531096,153.19460697100268,119.94474472022523,153.19555002675506,114.18968831291201,178.5213990723083,125.69790604976536,125.24520147381726,111.20309122774134,140.120714487644,Boring
28,0.2142109375,0.4684097222222222,0.21730390625,0.3907611111111111,0.31610625,0.3452861111111111,0.11850234374999999,0.4362361111111111,0.35533671875,0.47739027777777776,0.05404765625,0.5811180555555555,0.3047890625,0.5715041666666667,0.21069453125,0.6079805555555555,56.04700107945115,130.63667422665046,107.55654071231561,130.6357061449893,132.996989548636,175.94941661642434,128.34022445512164,136.33931768404057,117.83135940921416,136.32377473932394,Boring
29,0.24698671874999997,0.47230972222222223,0.23906796875,0.36952638888888895,0.36083750000000003,0.2796347222222222,0.11729921875,0.45941944444444444,0.39871406249999997,0.32486527777777774,0.04441328125,0.5661819444444445,0.38354921875,0.4916625,0.19008828125,0.5994111111111111,74.69491623932645,168.7685856698456,58.404183754248265,168.76804562771946,120.88264390308481,172.20097809202915,140.51340002866755,137.25092424384528,146.11022057702877,170.81858920452694,Boring
30,0.24881640625,0.4470305555555556,0.2252828125,0.3891625,0.33045546875,0.30882777777777776,0.12011015625000002,0.46949722222222223,0.36088671875,0.40796666666666664,0.04014609375,0.5945625,0.32483359375,0.5149597222222222,0.1990390625,0.6024055555555556,51.41368839132242,146.52097092907894,81.31643563265669,146.52097092907897,136.32609260519425,144.13378872305958,138.65995917018506,133.44655642662084,118.62125648205202,149.0761827293647,Boring
31,0.24530234375,0.4646375,0.23290859375,0.4084763888888889,0.35574218750000003,0.30343194444444443,0.11007421875000001,0.5135222222222222,0.37358281249999997,0.4000486111111111,0.03821796875,0.6129513888888889,0.3105546875,0.5153375,0.20658671874999998,0.6145458333333333,43.43658126510418,174.47214377372683,73.21634374919306,174.47347842293968,116.55286138486693,158.57874743393856,142.10479543090227,120.48923340357207,108.17362438864723,135.81623566627025,Boring
32,0.24764296875,0.4733527777777778,0.23549609375,0.41323055555555555,0.3575953125,0.3082944444444445,0.11339765625,0.5181666666666667,0.37838515625,0.378375,0.02403125,0.6030513888888889,0.336946875,0.5035416666666667,0.205059375,0.6053236111111111,45.995556828893825,173.5915703166487,57.045202120774384,173.59067000273947,129.69244777549693,160.24294222665156,151.88481613629628,118.14034729819967,117.80667643190428,149.52064819946816,Boring
33,0.24602421875,0.4636277777777778,0.22791250000000002,0.4079541666666666,0.33950859375000003,0.2993097222222222,0.11631640624999999,0.5165972222222222,0.37018203125000004,0.3731638888888889,0.050875781249999995,0.5880180555555555,0.33590234375,0.5172249999999999,0.2350734375,0.6185958333333333,46.30614121258651,162.85919324680447,66.09905649099692,162.85871293240655,98.28902596424486,149.95722943713662,148.4540968147138,115.786243157603,126.44047253118401,157.0703503471635,Boring
34,0.24426406250000002,0.4767166666666667,0.23034374999999999,0.38810833333333333,0.34726796875,0.2877236111111111,0.11341874999999998,0.4884930555555555,0.37958359375,0.39909027777777784,0.049271875,0.5960666666666666,0.34544375,0.5256513888888888,0.23679140625,0.6357027777777778,66.23945899537527,166.20161942050987,90.22446648221316,166.2025199117029,112.87466887216105,164.39560253065827,136.67106138202644,123.86878909092295,117.28755795318345,154.37970456664695,Boring
35,0.24176796875,0.49239722222222226,0.21477890624999998,0.38293055555555555,0.33668906249999997,0.2806430555555555,0.09286875,0.4852180555555556,0.37934999999999997,0.37375972222222226,0.04674140625,0.5907597222222222,0.32231015625000003,0.5068013888888889,0.21258359375000002,0.5999375,86.05456392312965,172.55121742253806,86.46798929083528,172.55121742253803,96.23178242659746,156.33158325942884,127.846628479909,118.32592341795413,129.1621284963194,142.6854025719526,Boring
36,0.22567578125,0.4746652777777778,0.210440625,0.38030833333333336,0.31753906249999997,0.31875,0.10334296875,0.44186805555555553,0.38265625000000003,0.40912777777777776,0.051228125,0.581825,0.32108984375,0.5385624999999999,0.20800156250000001,0.6036486111111111,70.68044262736336,144.0729366675088,105.74302664478638,144.07229280468883,120.84790114023495,163.98412030777436,123.50373766500032,131.00724438550986,142.02056185047257,139.78178125706776,Boring
37,0.21736875000000003,0.4914208333333333,0.22164375,0.38324583333333334,0.34075937500000003,0.32324722222222224,0.10252890625,0.44324583333333334,0.39605625,0.3999611111111111,0.04550625,0.5690013888888888,0.33661093750000004,0.5485694444444444,0.1985671875,0.6054638888888889,78.07798524552229,158.4696962355895,89.78086185819333,158.4690067142468,116.2996563064569,175.98120097406192,128.87285564957335,133.53473914469907,142.03288716923518,144.58204377069617,Boring
38,0.23134140625000002,0.48302500000000004,0.23152187500000002,0.38541250000000005,0.34728125,0.3128666666666667,0.11576328124999999,0.4579597222222222,0.4231453125,0.4225625,0.0400265625,0.6046847222222222,0.32554062500000003,0.5201902777777777,0.18831328125,0.6008694444444445,70.28137962504721,157.10896814949803,125.17017854505121,157.10835750207562,143.38123103460927,179.81168057644194,132.5412296531243,137.93336055611366,140.87687650484725,119.36354501545422,Boring
39,0.2075640625,0.4838444444444444,0.2119703125,0.367325,0.31650390625,0.3058416666666667,0.10743671875000001,0.42880833333333335,0.39377578125,0.41066250000000004,0.043015625,0.5813708333333333,0.31233359374999997,0.5292902777777778,0.18942890625,0.5985986111111111,84.08336836735313,140.93579613781588,124.41328025978581,140.93579613781588,137.3514131925842,176.1539242036195,126.89500991776715,139.3541166984492,142.654832170548,129.32883219064337,Boring
40,0.23798515625,0.4894,0.2186546875,0.37839027777777773,0.3360109375,0.3076097222222222,0.10129921875,0.4491722222222222,0.3983359375,0.3779388888888889,0.03338515625,0.5914055555555555,0.337184375,0.5158263888888889,0.1967296875,0.5980805555555555,83.669237943225,158.62525681618297,94.48976635064773,158.62463110753006,134.32878829201135,162.79904458357723,130.3265773955206,131.27397265461283,147.59507944677674,141.74688684183795,Boring
41,0.23144765625,0.4811486111111111,0.2058671875,0.3687972222222222,0.31209375,0.3053166666666667,0.09964062500000001,0.43227916666666666,0.389721875,0.37738888888888894,0.0315828125,0.5821194444444444,0.32820859375,0.5073902777777778,0.18906875,0.6056319444444445,87.26844503026282,143.44643368170574,112.09810060835106,143.446752312487,138.66514421800454,157.96341080774042,128.91986608369626,137.47579486578394,152.42457018652902,139.92951104014392,Boring
42,0.21542421875,0.4879527777777778,0.19571796875,0.4178402777777778,0.30955703125,0.3511916666666667,0.081878125,0.4844902777777778,0.40150234375,0.5104263888888889,0.02539921875,0.6274625,0.30478203125,0.5567027777777778,0.1976203125,0.6206458333333333,56.43209669151058,153.41226145585628,164.3025541523929,153.41352407463953,125.78919448426403,153.44993274095435,125.07971103123542,123.49291430271005,135.74988063520917,105.06317697816509,Boring
43,0.23689453125,0.4900513888888889,0.22093203125,0.39846527777777774,0.33860546875,0.31203333333333333,0.103259375,0.4848972222222222,0.41864921875,0.4455152777777778,0.02404609375,0.6066638888888889,0.32461796875000004,0.5365597222222221,0.1887640625,0.6181166666666666,69.03487515741593,162.97142155911877,140.47699948746057,162.97049733617433,134.04074019864262,162.78450703127294,139.1508452318601,131.23118418287612,136.83139360781527,118.57415918487115,Boring
44,0.23491328125000002,0.4796847222222222,0.21142109375,0.394275,0.318571875,0.29097500000000004,0.10427109375000002,0.49757500000000005,0.36856015625,0.37854027777777777,0.04051015625,0.6120708333333333,0.3289875,0.4870861111111111,0.21867734374999998,0.6142388888888889,68.45319514091362,156.0215843561396,89.82763736178302,156.02070529259893,116.00303429221148,153.94216006822012,134.71256480632712,119.83858706084166,135.42306241313037,147.05167398794302,Boring
45,0.2094484375,0.48468194444444446,0.21132656249999998,0.36130833333333334,0.31698593750000004,0.29230555555555554,0.10566640624999998,0.4303125,0.3953609375,0.4239902777777778,0.029296875,0.5875138888888889,0.31525078125,0.5310888888888889,0.1866453125,0.6044722222222223,88.86152405287679,144.0806741377899,138.03480491890443,144.08195762828876,149.5543153305848,178.4497693189185,130.8157560238015,140.42245916599015,136.61655962053578,126.94322582866876,Boring
46,0.22441796875,0.4866416666666667,0.1917,0.42112361111111113,0.30944765625000004,0.3580388888888889,0.0739515625,0.48420833333333335,0.36949375,0.4887222222222222,0.07294375,0.6803388888888888,0.30559453125,0.5609166666666667,0.20097109375,0.6205208333333333,63.0804452267103,157.41245608273826,121.49325226118525,157.41341354852833,141.21989199825924,138.40213903713823,90.52338648939349,121.11742657354576,129.24364969820243,122.43686636601998,Boring
47,0.23675078125,0.4808027777777778,0.21953593749999997,0.4031986111111111,0.31874921875,0.3374055555555555,0.12032265625,0.46899166666666664,0.38348046875,0.4386611111111111,0.0598859375,0.6097347222222222,0.30697734374999996,0.5510111111111111,0.20629375,0.6154736111111111,60.06294073719668,135.54052416159536,110.36353542724156,135.54052416159527,127.48802730452773,158.477587373988,127.35806449562848,133.7836012475739,138.6558395365522,129.5590631365284,Boring
48,0.23148046875,0.4862236111111111,0.22177031249999998,0.4215222222222222,0.31965390625,0.38166944444444445,0.1238875,0.46137361111111114,0.3621875,0.4718222222222222,0.063275,0.5868319444444444,0.31837031250000003,0.5847333333333333,0.2180046875,0.6096638888888889,48.214544133487394,128.53474361821395,84.71923246229277,128.53354561747685,119.0747074571254,165.06131072503763,130.65912202026544,131.5496226463991,129.98810646777767,145.3982589113368,Boring
49,0.20949296875,0.4684361111111111,0.17978125,0.43299583333333336,0.27695625,0.3701097222222222,0.08260625,0.49588333333333334,0.33612265625000004,0.5080305555555555,0.08384609374999999,0.7203236111111112,0.29640703125,0.5598805555555555,0.2107078125,0.62175,45.79819046643656,132.3687151104822,124.88624062722042,132.36905717349504,161.60479255888424,123.85974028864635,89.43733188729354,118.92883488901656,127.33079678561289,126.29212634191155,Boring
50,0.22716015625,0.48216944444444443,0.19388671875000002,0.4273138888888889,0.29353828125,0.370475,0.09423515625,0.48415416666666666,0.34521718749999997,0.4828472222222222,0.08799765625,0.6911263888888889,0.29032109375,0.5329486111111111,0.21718515625,0.6248569444444444,58.084783859458376,133.9581900892961,104.50739048029088,133.95849559098522,149.23372492838203,132.8414192110553,93.06678673097534,122.77017373230673,129.26884667067102,117.17462332165911,Boring
51,0.19964609375,0.4795041666666667,0.20807734375,0.4061638888888889,0.320946875,0.3654986111111111,0.09520703124999999,0.44683055555555556,0.39538281249999996,0.5431597222222222,0.06174453125,0.6699597222222222,0.301934375,0.5525402777777778,0.20034296875000002,0.6102194444444444,53.89652390460817,147.4099982022929,159.50047128457018,147.4111769032457,166.2647486179797,168.44926642668543,104.92848704156943,131.1588463991303,126.68051645017931,93.23177233391185,Boring
52,0.23074609375000002,0.4982791666666667,0.2206203125,0.38103611111111113,0.33258984375,0.3013611111111111,0.10865078125000001,0.4607125,0.41794765624999997,0.39992500000000003,0.047407031249999995,0.5964111111111111,0.30901953125000003,0.5328583333333333,0.21168125,0.608725,85.40421386559332,154.37540930148165,130.28232312942535,154.3757809049075,125.26444776152567,171.27102672071192,128.74181411877788,128.94104147938458,146.99519589649546,124.46811192345123,Boring
53,0.23497109374999997,0.5046986111111111,0.21816249999999998,0.4273847222222222,0.34483984375,0.35752222222222224,0.09148515625,0.4972472222222222,0.41926874999999997,0.5170944444444444,0.04572890625,0.7132430555555556,0.32468359375,0.5646333333333333,0.189,0.6511194444444445,59.67913187203714,169.7699626259015,149.2526516514866,169.7699626259015,166.1798661480987,158.8684014338577,110.63647006574399,131.5919147836587,129.66568614402988,105.78638367675727,Boring
54,0.23263515625000003,0.497125,0.230396875,0.4044319444444444,0.35280078125,0.3264958333333333,0.10799218749999999,0.4823694444444444,0.42502890625,0.4765680555555556,0.040940625,0.6336194444444445,0.3405375,0.5524375,0.20878828125,0.6226916666666666,66.80046666004665,166.42254452146796,142.20621297257028,166.42382314140008,138.65537233010485,177.54189179349157,128.24226436940725,128.0637308096019,130.55112551821787,116.79831547126967,Boring
55,0.21904453125,0.4941027777777778,0.2217640625,0.4043236111111111,0.33803125,0.345875,0.10549609374999999,0.46277222222222225,0.42013203125,0.5164180555555556,0.07325390625,0.6901625,0.3130984375,0.5434722222222222,0.19030703124999998,0.6250236111111112,64.73466028334437,154.65757845317506,161.62093800618783,154.6585407211642,168.84246723203253,176.91752683955627,104.14809352617003,137.09967687334503,130.55811338168814,98.09204180105887,Boring
56,0.2268453125,0.49329999999999996,0.21807343750000002,0.4674138888888889,0.322225,0.42654583333333335,0.11392265625,0.5082819444444445,0.36491250000000003,0.5365,0.0998046875,0.6882208333333334,0.3032109375,0.5607444444444444,0.21853906250000002,0.6540777777777778,21.758746011661593,136.5227205303205,96.192221561829,136.52174403368866,130.81023727904477,148.9341829001634,97.94061677413917,128.09335720232275,124.61291666395536,102.46334563803025,Boring
57,0.22295859375,0.46623749999999997,0.21107578125,0.49219722222222223,0.29222890625,0.4613055555555555,0.1299234375,0.5230888888888889,0.30849609375,0.5675791666666666,0.1252984375,0.6817736111111111,0.26303828125,0.5702055555555555,0.225575,0.6203527777777778,24.097667542731198,106.2305508787373,79.29947649890256,106.22957304347977,114.40626909833217,39.137339388356864,92.96611863178407,119.76876381627225,105.22286359945107,91.86141336570073,Boring
58,0.24254453125,0.4918736111111111,0.22813515624999997,0.48127777777777775,0.331390625,0.4330263888888889,0.12488046875,0.5295305555555555,0.3697125,0.5514458333333333,0.11050156250000001,0.7237291666666668,0.30620390625,0.5598263888888889,0.22446015625000001,0.6600652777777778,19.95952847639445,136.65669749412214,98.36517345076966,136.65598457440493,141.02912945203914,112.47147695488255,97.49877261989145,126.40346794546932,119.91220742608573,94.2451179689752,Boring
59,0.22928984375,0.47662083333333327,0.2200796875,0.43878472222222226,0.32072109375,0.3960611111111111,0.11943828125,0.4815083333333333,0.38391796875,0.4980763888888889,0.10303437499999998,0.6822986111111111,0.32366562499999996,0.4949930555555555,0.212153125,0.6256361111111112,29.68344799715824,132.4427769340405,109.2637408521235,132.44277693404044,146.0858301478963,156.5994084907284,98.26377636342256,131.16715484303032,137.76013842847203,88.35118555015038,Boring
60,0.23285703125,0.501263888888889,0.21831953125,0.4572875,0.331978125,0.40389583333333334,0.10466171875000001,0.5106777777777778,0.37713671875,0.5316347222222222,0.0882484375,0.708125,0.3066953125,0.5696625,0.20822500000000002,0.6328013888888889,36.72605659473939,150.47621291420117,108.62796874194048,150.4749906296724,143.70599265514298,149.55771032316676,98.40644578021497,123.55670351623777,122.14873543515647,106.89172620567132,Boring
61,0.2362140625,0.4713638888888889,0.22149609374999998,0.4499722222222223,0.32895546875,0.3832888888888889,0.1140359375,0.5166555555555555,0.39623046875,0.5370763888888889,0.08228984375000001,0.7174152777777778,0.30545234374999997,0.57045,0.19106953124999998,0.6208541666666666,24.33371169797159,145.68666530606018,140.27025726432527,145.68760944225832,150.15005306026364,129.26803569196997,105.7017158015755,127.26602587843045,127.87208183168507,101.68390677881453,Boring
62,0.24727890624999999,0.4938458333333334,0.2281859375,0.42888888888888893,0.3383171875,0.3737875,0.1180546875,0.48399166666666665,0.40340468749999997,0.5360680555555556,0.06883515625,0.67075,0.3124203125,0.568175,0.18848437499999998,0.617725,52.7693479398789,146.44426910261802,143.50241220272218,146.44454001430026,148.4932023932409,152.41081759611177,115.10437564077705,136.88563767021293,125.49005717893873,101.22712381128581,Boring
63,0.23531171875,0.4983791666666667,0.23062812500000002,0.4209555555555556,0.356634375,0.3662569444444444,0.104621875,0.47565416666666666,0.42260546874999994,0.53125,0.05955078125,0.655423611111111,0.325825,0.5836361111111111,0.19287265625,0.6179305555555555,56.066434254373625,166.02662326566787,145.74934742220972,166.02662326566784,141.70889822802235,173.8618153850207,114.0233698483086,132.20340130246993,125.406340729726,106.93415686815193,Boring
64,0.23333125,0.4967652777777778,0.24257734375,0.4155583333333333,0.36674687499999997,0.3607694444444445,0.11840781250000001,0.47034583333333335,0.43063515625,0.5377833333333334,0.05134140625,0.5925875,0.324759375,0.5727541666666667,0.20147109375,0.6110166666666667,59.654766666210335,163.75931934702217,151.42978646554315,163.75907845979106,122.94644452362176,168.55708459580654,134.28523631822281,133.60985581412243,122.68584852027742,100.52520389836397,Boring
65,0.2340921875,0.5019638888888889,0.21420703125,0.4540666666666667,0.33026640625,0.39987222222222224,0.098146875,0.508261111111111,0.38873828125,0.5189097222222222,0.0793921875,0.7063138888888889,0.30825703125000004,0.5521194444444445,0.2053484375,0.6239875,42.8618642268392,153.59507002504992,113.78626536186165,153.5960372177616,144.60455608313316,143.5701661825299,99.55599185281284,121.26741442207349,131.12922454822385,103.06750847820308,Boring
66,0.22769765625,0.5095847222222223,0.20507421875,0.42070138888888886,0.3167359375,0.34803194444444446,0.0934125,0.4933722222222222,0.40944140625000003,0.376425,0.03913125,0.600348611111111,0.33492890625,0.5124986111111112,0.20455937500000002,0.6104875,70.24282013131308,152.20288766314522,120.41106185895049,152.2032314308734,103.73048215929585,155.65338934204496,132.05261476526036,120.65544775309023,170.2251603065762,135.76953173904016,Boring
67,0.24467500000000003,0.500775,0.22909765625,0.4423555555555555,0.33741875,0.35457222222222223,0.12077656249999999,0.5301402777777778,0.39271406249999996,0.5130402777777778,0.0815296875,0.7221138888888889,0.3174046875,0.5318847222222222,0.2262125,0.6563041666666667,46.54863655360919,152.37731267153913,134.26708715467092,152.37772746041335,147.06699336356883,154.63725526114433,109.97352047333659,123.94384548480247,121.81264384694721,98.01190510934329,Boring
73,0.25402265625,0.5106222222222223,0.21974062499999997,0.4611152777777778,0.331475,0.33314305555555557,0.10800625,0.5890861111111111,0.39790546875,0.4139583333333334,0.090334375,0.7447263888888889,0.33130546875,0.4887486111111111,0.2173296875,0.6652958333333333,56.53413292870074,170.13083200878083,103.03396493389936,170.13029042766019,114.32117966938583,129.08732052254777,101.41205582071709,111.41116725121752,145.6160320491522,122.27956366044931,Boring
77,0.25311796875,0.4951736111111111,0.22046875,0.4816930555555556,0.33167890624999996,0.3567,0.1092578125,0.6066861111111111,0.38493515624999997,0.44654444444444447,0.0823359375,0.7791944444444444,0.33814453125,0.5137361111111111,0.21225,0.6583347222222222,42.903311259155736,168.41121644949897,93.9756009185363,168.41206169689866,128.89771928160712,103.07519504405094,105.50626561034139,105.75285627490938,136.50044958614714,128.92968122082922,Boring
78,0.24019218750000002,0.5089819444444444,0.21865703124999997,0.4726222222222222,0.31782734375,0.3469541666666667,0.11948671875000001,0.5982888888888889,0.3736796875,0.4577583333333334,0.11325546875,0.7584666666666666,0.32001171875,0.5355458333333334,0.23127578125,0.6890805555555555,38.015381965725425,155.88478824118798,107.12446929623502,155.88420780823176,115.60347814836717,133.52273086061987,93.95623460350737,114.55306994586485,131.8639313214137,129.1903441563552,Boring
79,0.2401234375,0.49524999999999997,0.23443046875,0.43899444444444446,0.31571640625,0.36183055555555554,0.15314453125,0.5161583333333334,0.35510156249999997,0.4503722222222222,0.0758859375,0.6156027777777777,0.31553671875,0.5216361111111111,0.229984375,0.6447805555555556,41.154275415805785,117.95025002093045,81.27443059782084,117.95025002093045,122.09008920055713,169.80112341889046,144.09435315004538,133.2762132472624,128.33667089120607,135.37483683383851,Boring
80,0.2279046875,0.5008819444444444,0.23185078125,0.38971388888888886,0.35138437499999997,0.320075,0.11231640624999999,0.4593541666666667,0.40431953125,0.4071805555555556,0.0488265625,0.5739986111111111,0.32625390625,0.5383402777777778,0.21366718750000002,0.593,80.20021372789476,161.0091227508553,92.32717749936906,161.01038443839582,115.83538848296749,176.389128810826,134.55335582862799,126.56575272639175,137.21259904684268,133.38230819703904,Boring
81,0.24345937499999998,0.49047083333333336,0.2253671875,0.4006194444444445,0.34531484375,0.32231805555555554,0.10541953125,0.47891944444444445,0.4082375,0.41905416666666667,0.0417609375,0.5931958333333334,0.34290859375,0.5401430555555555,0.21173515625,0.6092291666666666,68.71300614148676,163.55655969113556,106.4799285358513,163.55621499961413,115.79858863561334,160.3042765049792,134.72150388175697,124.5842889793851,139.1475056803661,136.19501922953677,Boring
82,0.24251328125,0.4815111111111111,0.23829921875,0.3903819444444444,0.36223515625,0.32112916666666663,0.11436328124999999,0.45963472222222224,0.39989296875,0.42839999999999995,0.03926328125,0.5810069444444445,0.33679375,0.5460930555555555,0.20967890625000002,0.5951375,65.83434517787808,166.28960908006246,91.04217719826343,166.28960908006252,129.9124894996628,175.30032140458044,137.72666699951193,128.6480084860151,121.96809282604914,136.37478495855197,Boring
83,0.245471875,0.4779583333333333,0.23133906249999997,0.4039236111111111,0.3471640625,0.32010833333333333,0.1155140625,0.48773888888888894,0.39008046875,0.4170694444444445,0.03175234375,0.5976305555555556,0.34218828125,0.5163652777777779,0.21201171875,0.5953055555555555,56.29095064928289,160.06749184328467,88.83326985426125,160.06749184328464,133.24919177616047,161.25444256726664,143.57359815563322,122.08865802355079,128.1981616852735,139.38841107606407,Boring
84,0.23315546875,0.48372222222222216,0.254878125,0.39384305555555554,0.37155234375,0.33085,0.13820468749999998,0.45683611111111116,0.3904765625,0.4762569444444444,0.06282734375,0.5683472222222222,0.346428125,0.5665305555555555,0.22031718749999998,0.6087583333333333,70.43358853558433,156.07821011915786,107.45872685826869,156.07725327221777,125.51944962036757,156.74842965663518,140.23458056367593,136.1431567076555,103.02738742386981,139.05981906950225,Boring
85,0.24758515625,0.4964472222222222,0.23789609375,0.3912097222222222,0.3696609375,0.3285472222222222,0.10613125000000001,0.4538708333333333,0.40526718749999996,0.3884944444444445,0.035339062500000004,0.5645305555555555,0.3587421875,0.5350527777777778,0.18868125,0.5976874999999999,76.7792553037603,174.58923784128274,62.77045499277504,174.5889794259649,120.66069211222022,170.7044017241296,138.6755078340104,134.4205220749358,136.55827163192794,150.5615184800426,Boring
86,0.23505156249999998,0.4909458333333333,0.24530390624999998,0.3978041666666666,0.36691875,0.34365694444444445,0.1236890625,0.45195138888888886,0.41524765625000004,0.47897222222222224,0.040249218749999996,0.5826805555555555,0.37455546875,0.5553597222222222,0.20494296875,0.6043583333333333,68.33392256412624,160.47468051066502,115.40712131406801,160.47468051066497,142.3600942469483,168.9280085830685,138.6104186499771,136.53511163512505,122.41339101712963,136.55821502024068,Boring
87,0.24242578125,0.48861666666666664,0.236925,0.4048930555555556,0.36667031250000004,0.3345625,0.10717890625,0.47522499999999995,0.38530859375,0.3889652777777778,0.02193203125,0.5504486111111111,0.36345390625,0.5553125,0.177009375,0.5864236111111112,60.690811841661784,173.62252307808455,45.863333382997794,173.6237712584311,121.81837044140755,173.3378701840729,153.60196016347786,131.8517454558727,121.34405020824137,166.85342648604652,Boring
88,0.24094453124999998,0.4884138888888889,0.24413437500000001,0.3942263888888889,0.36972187500000003,0.3284125,0.11854609375,0.4600402777777778,0.3992484375,0.3958833333333333,0.050971875,0.5442347222222222,0.35870859374999997,0.5359875,0.20679140624999998,0.5899541666666667,67.937803276232,167.59068739043946,61.549213455575526,167.59164658478656,105.62276944390352,176.5544996593394,144.97531655781108,129.62839410284346,127.88257661611023,152.77830601373668,Boring
89,0.24293749999999997,0.4888513888888889,0.24844453125000002,0.38902916666666665,0.37993828125,0.3373986111111111,0.11695156250000001,0.4406611111111111,0.41249140625,0.44125,0.045858593749999996,0.5489416666666667,0.33633437499999996,0.5726944444444444,0.19155703125,0.5949611111111112,72.21684557636121,172.36831385147332,85.5992041610201,172.36755305451197,119.82859193447948,174.39850861744392,139.41218958231843,139.31857186519522,119.12917399094708,134.15279721520764,Boring
90,0.25806874999999996,0.47417916666666665,0.23228515624999999,0.40944722222222224,0.35643359375,0.3396166666666667,0.10813671875,0.47927777777777775,0.39236875000000004,0.43438472222222224,0.026742968750000002,0.580075,0.34976093750000004,0.5471833333333334,0.1955296875,0.6072486111111111,57.10875990598988,166.67412931825984,82.28891965507873,166.67412931825982,126.96964728627074,144.69721231492048,145.13914347617737,129.4775043489846,123.98456484910999,146.1176049739607,Boring
91,0.2562953125,0.48708194444444447,0.21713749999999998,0.4138833333333333,0.34921796875,0.31924583333333334,0.0850578125,0.5085194444444444,0.382190625,0.3978152777777778,0.0393359375,0.5793027777777778,0.34880234374999997,0.5081319444444444,0.20289921875,0.6026180555555556,72.73115627432307,182.27786834939673,70.57922445734297,182.27656702933592,77.60404546156083,136.43787367910824,138.94992754443538,114.188041937126,126.72539818948037,151.7170991090151,Boring
92,0.2525859375,0.48013194444444446,0.22200625000000002,0.41716250000000005,0.35707265625,0.32086111111111115,0.08693984375,0.5134638888888889,0.40687265625,0.35289305555555556,0.06912734375,0.5769472222222222,0.40092578124999995,0.5249138888888889,0.21924609374999998,0.6330819444444444,59.89683136861245,186.27088552428154,67.78790087471364,186.27088552428154,51.07897085885734,139.19472245945462,116.51087363327355,116.95589218266223,160.10954168292685,176.48308432811973,Boring
93,0.255671875,0.47737222222222225,0.21439609375000002,0.4293916666666666,0.34590234375,0.3497805555555556,0.0828890625,0.5090027777777778,0.381475,0.41282777777777774,0.07226171875000001,0.6191097222222223,0.36354296875,0.5168625,0.1970140625,0.6085652777777777,63.1248921187197,177.8198469912737,64.2951734191611,177.82079361255816,80.43559123920205,123.17953430785872,99.73646484296727,116.13830712043244,135.08758792381246,162.9634615298079,Boring
94,0.2473765625,0.4832236111111111,0.22351875,0.4177652777777778,0.33506328124999996,0.35000416666666667,0.11197421874999999,0.4855277777777778,0.3730171875,0.4800027777777777,0.0336234375,0.6045625,0.321134375,0.5614402777777778,0.20999765625000003,0.6114055555555555,56.158760171499516,150.8825393244692,105.45561323134962,150.88286267830418,131.92130436741445,147.05868042362758,139.48345337384828,125.84208766890372,117.43081668197064,131.44206536038442,Boring
95,0.2502890625,0.4892986111111111,0.22353203124999999,0.39781388888888886,0.34233359375,0.30096388888888886,0.10473046875,0.4946638888888889,0.37157890625,0.40463055555555555,0.051482812499999996,0.6022666666666667,0.3522921875,0.5017944444444444,0.21176015625,0.6171861111111111,74.24095340174455,167.29202067044326,83.5011015256685,167.2920206704432,103.1871955477035,152.52754034841615,131.3393903665837,122.7783684489502,116.6350161033068,160.56292119480477,Boring
96,0.2469078125,0.483,0.226196875,0.3963638888888889,0.3415265625,0.3103138888888889,0.11086796875,0.48241249999999997,0.3699875,0.43333888888888894,0.039403125,0.5932847222222223,0.32777734375,0.5165152777777778,0.19234453125,0.603125,67.7775404097847,160.09622362816685,95.77686037869483,160.09491455383582,121.40916443580363,156.97501369291956,138.88959038254768,129.80708413033068,112.35618637572522,137.94377689844939,Boring
97,0.24913359375000002,0.4851875,0.22584374999999998,0.4435652777777778,0.35067109375,0.35867499999999997,0.10101640625,0.5284541666666667,0.37975078125,0.42285694444444444,0.022351562499999998,0.5995472222222222,0.35094140625,0.5275472222222223,0.19714609375,0.606425,42.27028205489052,171.07046934523797,59.33745701494128,171.07011206227696,112.95479826018898,135.1504778718469,153.05316257944156,114.52455864138781,128.85072159744425,153.93115579383922,Boring
98,0.235965625,0.4886861111111111,0.22097109375,0.42420277777777776,0.342325,0.34731527777777776,0.09961796875,0.5010888888888889,0.37368125,0.47485,0.054953125000000005,0.6125722222222223,0.33208046874999997,0.5530708333333334,0.22103203124999998,0.6057347222222222,50.23873438891548,164.90287981111788,100.21341786906582,164.90160213897258,98.54681661525147,157.54015200204412,125.46042564913812,115.8647738003682,113.60976790785958,136.60495796145946,Boring
99,0.25245625,0.47626805555555557,0.2221453125,0.3758944444444445,0.35078671875,0.2877166666666667,0.09350390625,0.46407361111111106,0.37713515625,0.3529236111111111,0.0394015625,0.5666944444444444,0.3686625,0.5035902777777778,0.213596875,0.6001805555555555,82.02495452604653,176.4765453679327,57.80702100091302,176.47690512358832,101.26692337579927,151.77063429276143,133.1449341730982,122.51781207820243,125.69172651897301,174.2909756857825,Boring
100,0.25826015625,0.4874972222222222,0.22393515625,0.4405194444444444,0.361278125,0.3592361111111111,0.08659140625,0.5218013888888889,0.38768671875,0.3858763888888889,0.03252421875,0.5594861111111111,0.35360234375,0.5397875,0.175484375,0.616451388888889,55.447588513838895,185.28450279772454,38.86584065731759,185.2851357475823,74.33485134847584,127.59076921814345,158.5917721485424,120.91863761251497,150.427913378214,158.51055629271661,Boring
101,0.24406171875,0.49789583333333337,0.22591250000000002,0.4136625,0.36623359375,0.33325,0.0855921875,0.494075,0.40026875000000006,0.37537222222222216,0.02898984375,0.551136111111111,0.36290390625,0.5413361111111111,0.16460234375,0.5973638888888888,64.94504804063203,188.71188073356694,53.08198196186728,188.71092896014264,83.28890956784103,159.04084015792267,150.44420032636845,126.32884838945546,145.15609433090023,158.18643903792068,Boring
102,0.2519875,0.49580555555555555,0.2300515625,0.4268819444444445,0.36697421874999997,0.33345833333333336,0.09312890625,0.5203041666666667,0.40390156250000003,0.3877013888888889,0.0424296875,0.5712847222222222,0.35537968750000004,0.5413416666666667,0.18921640625,0.6305999999999999,57.01767014706931,187.72585955589602,61.31445436436667,187.72550124317158,74.55663257551267,150.49866546178674,150.5065711434993,122.84936596477704,140.43431799545854,150.68803075739515,Boring
103,0.25506015625,0.4956972222222222,0.23136484375,0.42864583333333334,0.36601953125,0.3454333333333333,0.096709375,0.5118569444444444,0.4030578125,0.4127888888888889,0.04742734375,0.5844541666666667,0.37261171875,0.5361930555555556,0.2085078125,0.6131847222222222,57.01383717133936,182.47423854615752,67.81943155910407,182.47485477456883,81.92292390411858,147.86092908383085,140.3542709627407,117.01331338746904,134.3506298354468,156.3172291416566,Boring
104,0.23200546875,0.46576249999999997,0.23841171874999997,0.38840694444444446,0.3424015625,0.34573472222222223,0.13442265625,0.4310777777777777,0.37782421875,0.4851902777777778,0.05427890625,0.5732736111111111,0.32233046875000004,0.5777513888888889,0.19615,0.5981555555555556,56.29639789542486,136.60687253941512,110.17065283005269,136.60567325334623,144.93221248914958,171.6246369594191,135.056746466168,146.7028955734897,114.30239346258512,133.17449081948786,Boring
105,0.2549734375,0.4862430555555556,0.2122796875,0.41870694444444445,0.34423906249999997,0.32263194444444443,0.0803203125,0.5147805555555556,0.361828125,0.39496666666666663,0.03477265625,0.5962666666666667,0.32545546875000003,0.5136916666666667,0.20641796874999999,0.6092152777777777,73.14979002020443,182.52384704470808,56.73897035547966,182.52346806095923,82.7113988577149,131.6628103716479,134.81925372521837,112.8436037888849,113.3782570486522,151.42547808765755,Boring
106,0.2462046875,0.4624152777777778,0.24023124999999998,0.3807305555555555,0.36366718750000004,0.3040736111111111,0.1167953125,0.4573875,0.42429765625,0.40054166666666663,0.02441875,0.5828875,0.3831296875,0.5324013888888889,0.20492499999999997,0.6093569444444444,59.30792767413144,167.36079365550347,104.14951415153118,167.36079365550344,148.81565832935723,172.59279088791433,142.61310153817692,134.1265432040451,138.17197577274587,150.9679467152737,Boring
107,0.25202734375,0.4731458333333334,0.23085624999999999,0.3720777777777778,0.36226796875,0.2962458333333333,0.09944453125,0.4479111111111111,0.40434140625000003,0.3698652777777778,0.0082546875,0.570625,0.36064921875,0.5110055555555555,0.1950015625,0.6059069444444444,77.65103451983111,176.84638998294537,75.56380980337084,176.846698722368,146.39224038520624,159.57479069257465,142.87593586862013,132.9243097050288,135.45466780051729,151.17429588471572,Boring
108,0.24608124999999997,0.4258152777777778,0.25112578124999996,0.32676805555555555,0.36968828125000003,0.28779027777777777,0.1325640625,0.3657458333333333,0.43603437500000003,0.4302180555555556,0.028871875,0.560475,0.38024296875,0.4954736111111111,0.20009921875,0.6033791666666667,71.60572215263245,154.33303501195076,133.14656673380654,154.33205168402316,193.06380577674315,174.82636216483667,133.43034347095767,153.19514678002344,129.62915030474733,123.34169462193171,Boring
109,0.24983984375,0.4258180555555556,0.25849453125,0.33410972222222224,0.38136328124999996,0.3080361111111111,0.1356265625,0.3601833333333333,0.4282296875,0.4855513888888889,0.02952578125,0.5628763888888889,0.34763828124999996,0.5779041666666667,0.20196718749999998,0.6078361111111111,66.9528414930987,158.38847026535737,141.18899334579874,158.38747731433818,199.35464931122127,170.47605704603205,132.9408679262007,154.5349586417006,115.14334620512238,122.8054349155825,Boring
110,0.27013750000000003,0.3999611111111111,0.22974062499999998,0.3701138888888889,0.34726796875,0.31910416666666663,0.11221328125,0.4211222222222223,0.4179765625,0.41283055555555553,0.00502578125,0.5844347222222223,0.39038828125,0.4124861111111111,0.1852328125,0.6041541666666667,55.99586916907354,154.85335564333118,112.89584730183834,154.85311847360384,180.69330985125043,112.56791713306941,139.40231662861828,144.65443343215338,143.29138926782394,89.59762354604717,Boring
111,0.27065625,0.3860736111111111,0.23634062500000003,0.3416541666666667,0.35053125,0.29181666666666667,0.12215000000000001,0.3914916666666667,0.41609140624999996,0.4059277777777777,0.02360859375,0.5842736111111111,0.38186796875,0.43196805555555556,0.185571875,0.600925,54.33383936369671,150.5041679987634,117.44074458636572,150.50416799876342,187.55214341083922,126.05916043713232,132.2620373535411,151.7038667691462,135.60613407695226,113.1709601345584,Boring
112,0.24355312499999998,0.39845416666666666,0.24266953125000001,0.3743930555555555,0.36716796875,0.3631291666666666,0.11817031250000001,0.3856583333333333,0.3925390625,0.5125791666666667,0.0271328125,0.5605097222222223,0.3097125,0.5211375,0.1904546875,0.6048194444444445,17.360879499610622,159.56423240814343,112.39771546165876,159.56528194441296,171.54539408856192,176.264736970992,132.7876987060986,149.61468689366572,106.79386922898091,93.32641469440428,Boring
113,0.22864843750000002,0.4107152777777777,0.24141249999999997,0.3865777777777778,0.36065,0.4034972222222222,0.12217499999999999,0.3696583333333333,0.37748203125,0.5500638888888889,0.03280546875,0.5470875000000001,0.3467671875,0.5031486111111111,0.19023515625,0.6008625,23.852880014790614,153.10939389861096,107.70490150870575,153.10939389861093,171.4805104086176,136.7684243935162,131.84289469172072,152.37563551942122,101.53914149481288,49.33120393948724,Boring
114,0.23406640625000003,0.4023763888888889,0.250603125,0.38033055555555556,0.375515625,0.4083180555555555,0.12568984375,0.3523444444444444,0.3694890625,0.5646236111111111,0.039049218749999996,0.5571486111111111,0.26779296874999997,0.5296861111111112,0.19690703125,0.6068055555555555,26.45740006123048,161.15283225869786,112.80406639833515,161.1536993711283,184.50736213224664,126.86599959074549,126.94585424514686,153.54714063298277,86.07882178674109,79.06264884356972,Boring
115,0.240846875,0.42049583333333335,0.25800390625,0.37387916666666665,0.39283984375,0.40163194444444444,0.12316796875,0.3461263888888889,0.39440234375,0.6188763888888889,0.01776953125,0.5965097222222222,0.29218671875,0.5693388888888888,0.20586171874999998,0.6055847222222223,40.110193430099564,173.74288021095998,156.42878589313412,173.74288021096,225.16692535983168,146.80318681478934,126.80943814577776,150.46377154007803,90.73256773404259,74.75121786224197,Boring
116,0.2284484375,0.39808333333333334,0.2553921875,0.3954972222222222,0.39300859374999997,0.43798472222222223,0.11777656249999999,0.3530083333333333,0.35274921875,0.7418916666666667,0.02141875,0.5969513888888889,0.17101171875,0.6265097222222222,0.20300625,0.6278430555555556,34.53822792211552,178.7855684388424,224.79919037443176,178.78475429409522,214.61901258975172,93.09038691706962,125.077468784074,151.13156227788787,76.74792154017588,70.34726814873603,Boring
117,0.22158984375,0.41754444444444444,0.25645234375000003,0.38854027777777783,0.39329843750000004,0.4417625,0.11960703125000001,0.33531666666666665,0.32339140624999996,0.7420097222222222,0.010685937500000001,0.595025,0.1370546875,0.6120944444444445,0.221253125,0.5991,49.26866209874185,179.3056021684766,233.9653329982884,179.30483898935913,233.24433039411701,115.07850703188078,126.70806516027498,145.58699635878048,67.51422188953191,68.58593236058994,Boring
118,0.21346171875,0.43267222222222224,0.24900000000000003,0.40574166666666667,0.380140625,0.47169722222222227,0.11785859375,0.3397847222222222,0.32045234375,0.7577555555555555,0.018932031250000002,0.5781083333333333,0.12279765625000001,0.6428388888888888,0.22005859375,0.5962277777777778,49.4491781630393,174.44795712188773,219.67580259327602,174.44919157737593,213.25642200177703,113.08646167537314,126.4252429617614,144.6825793528885,69.6478121009348,71.89028016186533,Boring
119,0.22652031250000002,0.43879583333333333,0.2594828125,0.40859861111111107,0.3932859375,0.4844847222222222,0.1256796875,0.33271388888888886,0.3086140625,0.7914930555555556,-0.00252734375,0.5848888888888889,0.11725000000000001,0.6508013888888888,0.19380859374999998,0.5893791666666667,47.464507034203955,179.77218602442372,246.18602420933647,179.77188209784083,244.73794838765812,117.26254745776875,132.10825612217576,154.73779328206453,63.88104735077329,67.53234293957367,Boring
120,0.23241953125,0.4502111111111111,0.26465937500000003,0.3906222222222222,0.403221875,0.4521388888888889,0.126096875,0.32910555555555554,0.31952578125,0.7472097222222222,0.0210828125,0.5889472222222222,0.14166796875,0.6419847222222222,0.19817578125,0.5823347222222223,59.52913996523047,182.8068676609279,237.93376927624206,182.8068676609279,230.36790167034988,136.11417671366848,125.69658078842585,153.1594512807808,63.23991908614743,71.59314267170988,Boring
121,0.23603281250000002,0.4674527777777777,0.26380078125,0.4104125,0.397459375,0.4804097222222222,0.1301421875,0.34041527777777775,0.33213203125,0.7852680555555556,0.0180375,0.5858527777777778,0.15487734375,0.6694888888888889,0.1948734375,0.5921111111111111,54.313604281063846,178.35176279756806,234.8861621403015,178.35176279756814,227.63725367566707,139.12558214403958,129.076875981774,155.42966070273062,69.14537913928942,69.82598183393587,Boring
122,0.23628984375,0.4618347222222222,0.26284140625,0.3887833333333333,0.3999625,0.4502875,0.1257203125,0.3272791666666667,0.33967890624999997,0.7635430555555556,0.020206250000000002,0.5779124999999999,0.14942578125,0.6565291666666667,0.2111625,0.599025,62.62182211497844,181.01519083767528,238.37832222121204,181.01519083767528,225.39971450736132,147.1311319020796,126.81214423059136,150.79620703500436,71.11318250310283,72.44284116570248,Boring
123,0.24597656250000002,0.47374166666666667,0.26415937500000003,0.3863625,0.40491171875000004,0.44086666666666663,0.12340781249999999,0.33185694444444447,0.3833234375,0.6860263888888889,0.02453046875,0.5827652777777778,0.18573125,0.6660694444444444,0.20099843750000002,0.5805430555555555,67.07998691860338,184.38741719000242,178.66484800877876,184.38665293344854,220.57665489575274,159.69857835312268,125.01440667295924,150.98415359120557,81.10269662771528,86.74835719037094,Boring
124,0.24279687499999997,0.4670902777777778,0.26806874999999997,0.3995861111111111,0.40466328125000006,0.46070833333333333,0.13147421875,0.3384638888888889,0.3560984375,0.7306222222222222,0.019615625,0.5796513888888889,0.19263828125,0.6844569444444445,0.18867578125,0.6010930555555555,58.38359969203682,180.29442405410109,204.03797884952698,180.294424054101,225.06951163140687,146.35402603212435,129.50566999128267,158.8332830366999,72.26205740789491,80.97318585537235,Boring
125,0.23629843749999999,0.4651986111111111,0.25459921875,0.4172625,0.38434843750000003,0.48554722222222224,0.12484999999999999,0.3489763888888889,0.33010078125,0.7612472222222222,0.012709375,0.5847361111111111,0.1609328125,0.6737791666666666,0.19479609375,0.5742722222222222,41.7126697898852,173.20343953282222,210.29820490199145,173.20372339242596,222.30109223528342,145.83486598289292,130.21824173017248,151.10416564345255,70.72008566264566,73.78346573069177,Boring
126,0.23544453125000003,0.4470541666666667,0.2638953125,0.3992722222222222,0.40017421875,0.4609458333333333,0.12761640624999998,0.3375986111111111,0.3370375,0.7555222222222222,0.01083203125,0.5820361111111111,0.16805859375,0.6466055555555555,0.19290859375,0.5994736111111111,50.097547824219895,180.00019720544748,226.96993908885818,180.00019720544753,230.91060235727588,133.37104479916295,130.34340914245942,156.09488446841084,69.14155412748828,70.07119130670539,Boring
127,0.2361859375,0.4668,0.26905703124999997,0.40603194444444446,0.4072046875,0.46493611111111116,0.13091015625,0.34712916666666666,0.35575,0.7506041666666666,0.01871640625,0.5861027777777779,0.14838046875,0.679825,0.2185671875,0.6071097222222223,60.701158423871924,181.8438565418145,215.9686940392055,181.84265089356785,224.11658882153284,136.12003158999497,129.8495313030888,149.0611422831841,72.24419046206192,79.13191934005587,Boring
128,0.239571875,0.4794013888888889,0.26257734374999997,0.3826013888888889,0.39475078125,0.4346138888888889,0.13040390625,0.3305888888888889,0.34362109375,0.7105166666666667,0.0168265625,0.5725569444444444,0.158971875,0.6646222222222222,0.2004203125,0.6093180555555555,75.66147120562748,173.27716735046198,209.15305739099296,173.27716735046195,226.90662557536743,157.09563526972516,129.84401189293203,155.93563251166367,71.76533557957774,82.04112228863072,Boring
129,0.23545234375000001,0.48515833333333336,0.26792890625,0.4040736111111111,0.405490625,0.4521583333333333,0.1303671875,0.3559888888888889,0.3626453125,0.7284986111111111,0.0164609375,0.5824986111111111,0.19106875,0.6801902777777779,0.1996453125,0.6161888888888889,71.668724427047,179.45034935045405,206.38487393459826,179.45034935045405,218.7578788729677,144.54735733238093,131.7967574449741,154.67028586839396,74.58985389402939,81.00052784586245,Boring
130,0.2194453125,0.46276805555555556,0.26872578125,0.3991569444444444,0.40014374999999996,0.44676944444444444,0.13730859374999999,0.35154305555555554,0.33418671875,0.7411458333333333,0.0287203125,0.580925,0.15520625,0.6710138888888889,0.20577499999999999,0.6029875,77.95255121546698,171.6725755209608,228.1464595955852,171.6717953538088,215.85927840609497,125.98241302243116,130.08367125974698,154.16952048380887,68.2814605403842,77.57013582298087,Boring
131,0.2274859375,0.4719222222222222,0.2665078125,0.3845777777777778,0.40492578124999995,0.42351249999999996,0.12808984375000002,0.3456430555555556,0.37720390625,0.6845541666666667,0.028497656249999996,0.5819361111111111,0.1798375,0.6738708333333333,0.2101390625,0.5993430555555556,80.31004450254024,179.37901135305654,191.27027149037042,179.37901135305654,212.59162176576953,141.5420841267583,126.84397068723914,150.10317262443343,79.30868942996315,88.2560077451766,Boring
132,0.23835546875000002,0.4719319444444444,0.26543515625,0.41029583333333336,0.40150390625,0.46533888888888886,0.1293671875,0.3552513888888889,0.3500234375,0.7443500000000001,0.0410984375,0.5780041666666667,0.155690625,0.6492805555555556,0.2205828125,0.6149180555555556,56.31039982099219,178.62001115496545,211.41934530453926,178.619257956694,196.1830017611108,142.0079326369531,125.1634733905385,148.01533679822373,71.8395474858809,74.61414484158728,Boring
133,0.234653125,0.47182916666666663,0.24266953125000001,0.4094611111111111,0.36100078125,0.4574805555555556,0.1243390625,0.36144166666666666,0.32860625,0.7143069444444445,0.03565,0.5802541666666667,0.16040546875,0.6637083333333333,0.20342109375,0.5989069444444445,46.06242661866609,155.35992009524207,189.50700105800843,155.35894517214,194.18463252533658,167.12863623905682,125.7753419668342,149.37253178241866,77.36116999530367,80.39579886619558,Boring
134,0.23296015625000002,0.46823055555555554,0.27029843750000004,0.3924708333333333,0.402365625,0.4295097222222222,0.13823125,0.3554305555555555,0.3358625,0.7191124999999999,0.02325546875,0.576048611111111,0.1477125,0.6510611111111111,0.2235765625,0.6070583333333334,72.52272787202642,171.13658971710288,225.2203000886021,171.1367455486986,216.54202498822255,138.7757997160756,132.81493276253852,148.91111673608953,67.79269523317859,78.50018828402756,Boring
135,0.236196875,0.4748791666666667,0.270434375,0.39782500000000004,0.40136015625,0.4362291666666666,0.139509375,0.35942083333333336,0.351284375,0.7248236111111112,0.030886718749999997,0.5688694444444444,0.167546875,0.6685902777777778,0.20675859375,0.6009097222222222,70.69980492900952,169.8508464094306,217.44948460044697,169.8498597497213,205.11663067143044,141.6940688110165,132.6753650548401,153.6613186905975,72.85641511022712,80.23201731207595,Boring
136,0.25538046875,0.48501388888888886,0.25734296875,0.4002444444444444,0.38065703125,0.4292347222222222,0.1340296875,0.3712555555555555,0.41520546875,0.6562486111111111,0.04441015625,0.5716513888888889,0.4255046875,0.7879319444444445,0.20388359375,0.6124847222222222,61.085671806079034,159.21613954935597,169.32657140567161,159.21501708381658,184.32914472215185,177.64318554925117,128.48626273439558,152.7606002303825,105.13913934698037,172.08414201301056,Boring
137,0.233325,0.48131527777777783,0.25978359375000004,0.4048986111111111,0.39186484374999997,0.4444916666666667,0.12770234375,0.36530416666666665,0.31247265625,0.7501083333333333,0.027832812499999998,0.5842861111111111,0.12439140625,0.6038444444444444,0.20927968749999998,0.6007138888888889,64.60784850929495,171.4505326471749,242.37655171241295,171.45069891954364,202.97822242299787,148.38604890230664,129.03439289946604,148.36446063981862,65.21128796023096,66.37371861368311,Boring
138,0.224071875,0.47107777777777776,0.2632578125,0.4028513888888889,0.3948203125,0.4448680555555556,0.13169453125,0.3608347222222222,0.31595078125,0.7654166666666667,0.016975,0.57785,0.11934140625,0.6574986111111111,0.20957734375,0.6013499999999999,70.20608301992073,171.0957144524666,251.9083965134946,171.09669869696498,214.42167400241982,134.40271568920747,133.2217275412946,150.07209514717474,66.37475074123265,72.8417247299625,Boring
139,0.23170859375,0.47612638888888886,0.26515703125,0.4027597222222222,0.39477656250000004,0.45061666666666667,0.13553828125,0.3549013888888889,0.3296796875,0.7634944444444445,0.023846875,0.5840291666666666,0.13956171875,0.6631597222222223,0.20172734375,0.6018555555555556,67.99568789268918,169.45326322617692,240.18818239039155,169.45248746477583,218.29968394159437,140.97513638763903,130.9122543590997,154.5229975032339,69.70148626019177,73.46599045624205,Boring
140,0.2488921875,0.4517652777777778,0.27576171875,0.38366666666666666,0.417725,0.42959583333333334,0.1337984375,0.33773611111111107,0.38091171875,0.7405277777777777,0.031282031249999995,0.5836847222222222,0.188475,0.6440236111111111,0.20439296875,0.6077611111111112,59.890879188737934,184.6975179313463,228.77633899072683,184.697696978062,220.40267632222617,144.95209954269401,126.5389673047374,155.072082247216,78.11372819190245,74.24701421992808,Boring
141,0.24012578125,0.4497527777777778,0.26326875,0.39313194444444444,0.39497890625,0.44534305555555553,0.1315578125,0.34092083333333334,0.3405890625,0.74295,0.0233375,0.5785583333333334,0.15526328125,0.647925,0.20197265625,0.6021319444444445,50.39315844437615,172.72929509784956,225.30299130282313,172.7302711281378,220.14361740691007,143.9962831773315,128.9936816095512,154.3945503402083,72.00092335658702,73.91140917892345,Boring
142,0.236490625,0.4106208333333333,0.27516796875,0.3963458333333334,0.41177421875000003,0.45657499999999995,0.1385609375,0.3361180555555556,0.35517109375,0.7698458333333333,0.040153906249999996,0.5682138888888889,0.1748609375,0.6289222222222223,0.20342578125,0.6048833333333333,50.56263771798297,180.15311254874288,236.90578365459973,180.15384243751225,209.26440548263338,101.72839870523764,127.00772673893837,156.77797180246654,72.19212190121536,66.26832816801797,Boring
143,0.219434375,0.3990041666666667,0.27265625,0.41780833333333334,0.40483984375000004,0.4848138888888889,0.14047343750000002,0.3508041666666667,0.33952343749999997,0.8243583333333333,0.045296875,0.5517736111111111,0.145125,0.6425777777777778,0.20058671874999998,0.6065513888888888,69.45634526089033,175.93871535566018,258.3725117132239,175.9374794777963,189.15360287343194,78.75947103510741,130.09512733411015,157.32161097130023,71.12024029939171,62.2560951602038,Boring
144,0.23459296875,0.4184583333333334,0.26451640625,0.39903194444444445,0.40278281250000003,0.4400791666666667,0.12625078125,0.3579861111111111,0.40017500000000006,0.7519013888888889,0.03605,0.5986388888888888,0.205534375,0.6348444444444444,0.22370625,0.6633166666666667,40.77596562927728,179.43163956504438,224.53681299065417,179.4304885157481,208.2133803313322,110.06101826574397,123.67716932827443,150.4280594714144,89.14820044539425,71.3099536484974,Boring
145,0.23007890625,0.41473888888888893,0.26323359375,0.4096208333333334,0.40237265625,0.46134166666666665,0.12409453125,0.3579,0.38163359375,0.7539680555555555,0.0261171875,0.5990611111111112,0.18087578124999998,0.628788888888889,0.23341640625,0.6860444444444445,42.59768854057698,181.94955544051214,212.3567460595495,181.94955544051214,214.19005443063878,94.9626912272886,125.83921913986863,149.36302765164112,82.8188616660006,70.67232127292942,Boring
146,0.23952265625,0.40722916666666664,0.26445703125,0.41708333333333336,0.40285312500000003,0.4740986111111111,0.12606171875,0.3600680555555556,0.39130625,0.7746430555555557,0.031789843750000005,0.5831972222222223,0.18077265625,0.6399347222222223,0.19083359375,0.6495819444444445,32.695107906229644,181.84126102180446,216.8961642445528,181.84028683710326,200.9232506033087,77.46682051153277,126.91056182393164,158.3105197192051,86.09265394791686,70.20561847434782,Boring
147,0.2504578125,0.4030375,0.25737109375,0.4283652777777778,0.39453046875000003,0.48067361111111107,0.12021250000000001,0.37605833333333333,0.38603359375,0.7756958333333333,0.0141375,0.5859055555555556,0.1650421875,0.6293777777777778,0.13953046875,0.6335638888888889,20.269595383233465,179.55819207153988,212.6942510553588,179.5570045695795,203.13372510737847,25.884931992486255,131.94423360393122,172.40339313975633,87.06893451062471,69.5731422648866,Boring
148,0.24082265625,0.41049305555555554,0.26489453125,0.4137930555555555,0.39895468749999996,0.4603805555555555,0.130834375,0.3672055555555555,0.37820390625,0.6939069444444445,0.034414062499999995,0.5899041666666667,0.15863984375,0.6332583333333334,0.21056249999999999,0.6488958333333333,30.903474238344153,174.8446832420134,170.22399960640098,174.84468324201342,202.341000227339,85.59048766221002,127.58592593012742,153.28970252841296,81.02313874655933,81.16826661991821,Boring
149,0.2395609375,0.39085138888888893,0.26654296875,0.4122736111111111,0.39532500000000004,0.46626805555555556,0.13776171875,0.3582791666666667,0.36497421874999997,0.7770791666666667,0.021446875,0.5753041666666666,0.16090078125,0.6308291666666667,0.194353125,0.5887347222222222,37.82464996533348,169.36321518263642,227.131071095524,169.36224188407522,215.83028113079962,65.93477126638726,133.61547899416,156.41599634325135,80.15157922536656,68.04476149771634,Boring
150,0.25342265625,0.39455277777777775,0.2690203125,0.38169583333333335,0.4057234375,0.4195930555555556,0.13231796875,0.3437986111111111,0.3837140625,0.6662694444444445,0.0328640625,0.5683527777777778,0.19799140625,0.6163027777777778,0.20488203125,0.6134847222222223,22.006664308795195,177.09468144470068,179.82743959974516,177.093693385733,205.78057158536615,114.87533493524832,128.21579190860302,154.43615086687907,80.98684121886927,81.39446896120282,Boring
151,0.24537109375,0.4085638888888889,0.2658453125,0.37952777777777774,0.39468046874999996,0.4208180555555555,0.13701015625,0.3382361111111111,0.37140859375,0.7286194444444445,0.043632031249999995,0.5728013888888889,0.13053828125,0.6000833333333333,0.21415234375,0.6317541666666666,33.524135857617566,167.5672752120771,223.60997212333803,167.56745263027662,206.9028886821061,128.58026753450093,125.28764619084887,154.95641135108977,82.34463770412813,73.29192471154437,Boring
152,0.23471484375,0.4172763888888889,0.25736171875,0.4589027777777778,0.374684375,0.5117277777777778,0.1400390625,0.40607777777777776,0.35542265624999997,0.7244555555555555,0.04721015625,0.5370402777777777,0.13621250000000001,0.5823222222222222,0.1903046875,0.5087930555555555,41.6961027555334,154.91454123160938,155.13568229456425,154.9145412316094,151.68915547922336,44.04481871403822,141.56547398192225,138.9771058008509,80.85547202759308,69.9621516203617,Boring
153,0.23901093750000002,0.3994152777777778,0.22728593749999998,0.4484236111111111,0.336021875,0.5022777777777777,0.11855,0.3945680555555556,0.314590625,0.7214375,0.03558203125,0.5261291666666666,0.125503125,0.5733902777777777,0.20728749999999999,0.5069638888888889,38.34503696699224,144.482281782231,160.16172029857816,144.4825501574498,142.3055296782244,23.041237744909978,138.26869318050333,125.46866765258233,80.13793205706924,66.23069127017314,Boring
154,0.23034374999999999,0.3936972222222222,0.22578984375000002,0.4325861111111111,0.33558828125,0.48541111111111107,0.11599140625,0.3797611111111111,0.313765625,0.6507888888888889,0.05037890625,0.5139972222222222,0.13724296875,0.5940625,0.20177499999999998,0.5141069444444444,28.600301414495608,145.59752374267907,122.30451207130504,145.5975237426791,128.04114477776272,11.759790317574673,130.98900284974783,131.37786473999063,76.79775852556759,79.753741005082,Boring
155,0.22248437499999998,0.3919722222222223,0.23060390625,0.4585027777777778,0.33679140625000004,0.5136902777777779,0.1244171875,0.40331527777777776,0.29976875000000003,0.7175791666666668,0.037903124999999996,0.5436680555555555,0.1177546875,0.5602347222222223,0.22063203125,0.4913652777777778,49.0164875628599,141.60902734289226,154.25938325106839,141.60806751735583,149.916028362547,12.241382852143277,137.6179748888914,117.23786724011788,72.10922778763188,64.06817531443,Boring
156,0.21321875,0.37819583333333334,0.2198734375,0.45572222222222225,0.31775859375,0.4900583333333333,0.12198828125000001,0.42138611111111113,0.25701640625,0.6857541666666667,0.03948828125,0.5139916666666667,0.119359375,0.5389263888888889,0.20295468749999998,0.4437583333333333,56.465184715893756,127.708704217841,160.9290349843682,127.70870421784097,124.88814585860422,8.676421391820437,147.73162353155922,98.83462922796309,61.10982792780169,59.037343329904566,Boring
157,0.213,0.37427916666666666,0.237396875,0.47938333333333333,0.32009140625,0.5135861111111111,0.1547015625,0.4451819444444445,0.26306640625,0.7211638888888889,0.050946875,0.5332041666666666,0.1190046875,0.5525722222222222,0.18978046875000001,0.4869277777777778,81.86509395951367,108.67589740600258,166.32777278614662,108.67664480006731,147.15281516844993,22.423951874796053,154.48918029584087,123.79859048525691,63.96983193099256,56.64392714672704,Boring
158,0.20564062500000002,0.3771847222222222,0.2129640625,0.4461791666666667,0.314175,0.5,0.11175312500000001,0.39235694444444447,0.25358046875,0.7017708333333333,0.02931796875,0.5174222222222222,0.10279453125,0.5497944444444444,0.184003125,0.47265,50.55271359679917,135.22145725068933,164.6831331557667,135.22174382842425,138.7166157963782,10.686215260715933,139.52293776047745,122.01028363872496,61.902647353158464,60.449324762106606,Boring
159,0.21341562500000003,0.38312500000000005,0.2188703125,0.47075694444444444,0.31180546875,0.5061847222222222,0.12593515625,0.43532916666666666,0.25421640624999997,0.7129736111111111,0.03937890625,0.5210277777777778,0.11168203125000001,0.5743069444444444,0.15489140625,0.4797194444444445,63.48013349859936,121.66111093114347,166.13666163734004,121.66111093114347,126.81532822573143,6.314575763720579,150.88540760245598,130.77183014403155,63.660126909552076,61.310915792823984,Boring
160,0.2208546875,0.4049111111111111,0.21788515625,0.4081902777777778,0.32525781249999997,0.42249027777777776,0.11051328125,0.3938902777777778,0.29835625,0.6703652777777778,0.037271874999999996,0.5836708333333334,0.13813359375,0.5899180555555555,0.19802890625,0.5610291666666666,4.47458623785488,137.8221193604278,181.76149552641783,137.82112215476985,165.7103230489881,58.15342069207117,124.45371156494345,137.05068563914062,79.07954107235035,74.22876889958762,Boring
161,0.24427265625,0.38003888888888887,0.20938203125000002,0.44293194444444445,0.29771953125,0.4368194444444444,0.12104531249999999,0.4490458333333333,0.27205078125000004,0.5556027777777778,0.03899609375,0.5696027777777778,0.21943125000000002,0.5026347222222222,0.18170078125,0.5486930555555556,63.60083088293736,113.1576156738909,91.61807306421588,113.15665532791257,136.25066653047975,44.603140880429244,140.42643359560634,132.74094422173454,68.98457948382332,60.48034553624598,Boring
162,0.23901171875,0.3908597222222222,0.20783125,0.4381277777777778,0.29836640625,0.43605555555555553,0.11729609375000001,0.4401986111111111,0.29335234374999997,0.5915513888888888,0.0526796875,0.6657791666666667,0.19809921875,0.5425416666666667,0.18472421875,0.5611,52.45124412251821,115.8946042272892,112.14080690364234,115.89459135783687,182.2646027208794,49.54503246838513,116.98680640406026,135.2449045268143,86.71907699066425,73.85860515900785,Boring
163,0.2294,0.4036152777777778,0.20257968750000002,0.403675,0.30470078125,0.3995708333333333,0.10045781250000001,0.4077791666666667,0.29232890624999996,0.5760791666666667,0.0319453125,0.5812513888888888,0.20518046874999998,0.5633680555555556,0.16997656249999998,0.5559041666666666,34.33002692978843,130.74839673969234,128.06884981134172,130.7493964842668,152.61257620523938,89.92823427816374,125.07383294249593,140.1598872922945,82.89706906423804,85.30973416876147,Boring
164,0.23581249999999998,0.3927833333333333,0.19791796875,0.4256194444444445,0.30024843749999997,0.4163444444444444,0.09558671875,0.4348958333333333,0.2889359375,0.5833763888888889,0.033671875000000004,0.5822694444444444,0.19295625,0.5536708333333333,0.18315859375000001,0.5487527777777778,53.95997765937269,131.1531241450237,121.13157956949132,131.15417376888928,132.43806432442298,64.01476315409582,126.75542547032236,126.17937689074941,83.13447745815357,80.12419500948312,Boring
165,0.2191984375,0.3912180555555556,0.21692109375,0.4547013888888889,0.31844765625,0.47473888888888893,0.11539453125000002,0.4346625,0.2757375,0.674275,0.0458359375,0.590025,0.1435421875,0.5864319444444445,0.18386093750000002,0.5789986111111112,45.800856858796834,130.75236305704001,153.7160340270331,130.75247339916746,142.9689286033857,3.6490618478187367,128.51779660129134,139.85920085638392,69.1667562418986,69.50535551491284,Boring
166,0.21844375,0.4081444444444444,0.21922109375,0.4202194444444444,0.32775781249999997,0.4323444444444445,0.11068437499999999,0.4080958333333333,0.31775312499999997,0.6858930555555556,0.042325,0.6118611111111112,0.16044921875,0.6106486111111111,0.185328125,0.5752555555555556,8.750752024826227,139.20102093375604,183.00361106000068,139.20095822227663,170.82262005074153,6.528909005598361,120.81229959839905,141.55564290657784,85.98734753701478,74.94035985136486,Boring
167,0.211440625,0.4056416666666667,0.221978125,0.44569583333333335,0.3273140625,0.46539444444444444,0.11664296874999999,0.42599722222222225,0.30169687500000003,0.6567236111111111,0.052025,0.574725,0.17365312500000002,0.5790458333333334,0.182584375,0.5542361111111112,31.837306183155633,135.5739148545914,141.60570309489657,135.57292034178508,135.3074003039006,25.06549150220334,127.68226937148363,137.56810657186003,76.61115721392964,71.15826567813241,Boring
168,0.23397968750000003,0.40319444444444447,0.20423984375,0.44160416666666663,0.30033125,0.42473472222222225,0.1081484375,0.45847499999999997,0.30607734375,0.5585902777777778,0.0273390625,0.5961236111111111,0.24779609374999997,0.5226597222222222,0.178484375,0.5685833333333333,47.05205111363371,123.59525607805499,96.6562434662138,123.59535435444167,143.25223748688884,54.002260338183014,136.22440998389234,131.36627885479305,94.36410719979071,70.87433166073357,Boring
169,0.22663671875000002,0.40195555555555557,0.20842265625,0.43959861111111115,0.30801875,0.44803055555555554,0.1088265625,0.43116666666666664,0.285409375,0.6267527777777778,0.0411671875,0.5924263888888889,0.18331406249999999,0.5665902777777778,0.190221875,0.5774236111111111,35.750737125267804,127.62747482419293,131.89414695125785,127.62747482419293,144.84850107957627,40.70211689532643,126.71919041032625,135.3060435413589,77.32512606411657,71.66125405941881,Boring
170,0.22629140625000002,0.40749027777777774,0.21295625,0.4235611111111111,0.31243828125,0.41438749999999996,0.11347421875000001,0.4327361111111111,0.30617109375,0.5858888888888889,0.033428124999999996,0.5868972222222222,0.21934609374999997,0.5523375,0.1828140625,0.5815930555555556,20.62131911396556,127.50818638032618,123.74130209836972,127.50823818483258,151.05614418817925,55.86682743681632,132.7097115479481,140.37129694744942,86.28297668580024,77.73670312577657,Boring
171,0.21743515625,0.39899999999999997,0.21241484375000003,0.41844861111111115,0.31748046875,0.4140263888888889,0.1073484375,0.42286944444444446,0.32265390625,0.5693916666666666,0.0391796875,0.5834736111111111,0.2394453125,0.5312125,0.17260781249999999,0.5631430555555555,15.407059583191112,134.5216864003719,112.05883121378699,134.5226624550674,144.86221992293227,24.65046897263969,127.03751889317815,140.40673154585372,93.38780816999655,75.52803012281844,Boring
172,0.2233,0.40622222222222226,0.22326953125000001,0.41688194444444443,0.3395828125,0.4046611111111111,0.10695625,0.4291027777777778,0.318090625,0.6300694444444445,0.044735156250000005,0.5993416666666667,0.1403265625,0.5828097222222222,0.1944296875,0.5752097222222222,7.675099087308209,149.14078772086458,164.60905970207105,149.14078772086464,146.17422013816253,0.29114217181617064,123.01440260851996,133.21466087337188,80.37939971524551,81.49477393435177,Boring
173,0.22510312500000002,0.40898888888888885,0.20912109375000001,0.40327916666666663,0.31198359375,0.39191250000000005,0.106259375,0.4146472222222222,0.32313125,0.5567791666666666,0.03585859375,0.5846069444444444,0.245790625,0.5392041666666666,0.1769859375,0.5513555555555556,20.865981165523937,131.91810623261688,119.5585378674396,131.91717020160795,151.97043926369363,101.36270687159492,126.36762618126511,137.3940157413614,96.85444037738226,82.71576226117075,Boring
174,0.22730156250000003,0.4060861111111111,0.213715625,0.3699194444444444,0.31967734375,0.3431736111111111,0.10775390625,0.3966666666666667,0.3425390625,0.5106819444444444,0.04050546875,0.5714541666666667,0.27981328125,0.5174013888888889,0.1712796875,0.5598972222222222,31.31283602614114,136.99124136235866,124.10531980942635,136.9913819369671,152.46930672433712,146.2642582573339,124.37170981125306,145.3217081986656,103.63829330310868,93.4483206249945,Boring
175,0.2227703125,0.41258611111111115,0.22298671875,0.39481249999999996,0.33514374999999996,0.3886986111111111,0.11082890625,0.400925,0.34077421874999997,0.6063569444444444,0.030653124999999996,0.5695236111111112,0.213590625,0.5612041666666667,0.16943828125,0.5721458333333334,12.799997578124795,143.62847323911785,156.87963107108584,143.62944212451708,158.95806209815217,178.7599864874933,130.2114669616916,148.6778835372914,92.63307647689923,78.70665076796132,Boring
176,0.22479609374999998,0.40931527777777776,0.21132187500000002,0.42004027777777775,0.31362578124999996,0.40022499999999994,0.1090171875,0.43985416666666666,0.30945390625,0.5611722222222222,0.035964843749999996,0.5855583333333333,0.2361234375,0.5257013888888888,0.179134375,0.5578986111111112,18.896779963792724,131.72390781479263,116.00497197965267,131.72479362671254,140.53126946697662,65.88050378560347,131.71165055116285,133.44029496756934,87.36159912101402,74.77897639122057,Boring
177,0.22951875,0.41848472222222227,0.22456171875000003,0.37509861111111115,0.34011015625,0.33847361111111113,0.10901328125000001,0.411725,0.3665015625,0.5076972222222221,0.03169609375,0.5827083333333334,0.30766328125000003,0.5453347222222222,0.17645546875,0.5578833333333333,31.875879109445744,150.2344118502815,126.43727789698731,150.23458737920507,157.9552114366601,168.51839397184207,128.7956540899967,140.63714115107712,105.49628836442456,109.78966254486512,Boring
178,0.23969374999999998,0.4056388888888889,0.19603671875,0.4304611111111111,0.29148593749999996,0.40956666666666663,0.10058750000000001,0.4513569444444444,0.320478125,0.5495097222222222,0.04157890625,0.5996013888888889,0.28472109375,0.5387444444444445,0.1830453125,0.5709902777777778,58.66936632519565,123.09773580777185,107.37564053825245,123.09785802360655,130.75743059956483,72.26455522167653,125.28487254769922,129.21785486566003,110.21898278151467,80.38813059735187,Boring
179,0.22347734375,0.4259069444444445,0.22228515624999998,0.38910833333333333,0.34216796875,0.3673402777777778,0.10240234374999999,0.4108777777777778,0.344821875,0.5355513888888889,0.034153125,0.5811652777777778,0.2576515625,0.5216055555555555,0.1829796875,0.5729791666666667,26.538909190092955,154.24832390985654,121.15963087183779,154.24842552194818,150.5459110371318,176.70364705031554,125.47034097849945,138.53304460072394,91.606634740837,84.8577550084123,Boring
180,0.229253125,0.4304305555555556,0.20570078125000002,0.40109722222222227,0.31057421875,0.3741847222222222,0.1008265625,0.4280111111111111,0.34817343749999996,0.520611111111111,0.0288328125,0.5983680555555555,0.28786953125000003,0.5448763888888889,0.17501328124999999,0.5656486111111111,36.808912086612935,135.6293064680344,115.89245211833249,135.6304390798762,153.41685289758746,125.01382602932962,126.91747705456638,136.22215291579786,114.53650636142343,102.75346879010294,Boring
181,0.2233,0.44073194444444447,0.21143515625,0.41196388888888885,0.31970078125,0.3961111111111111,0.1031703125,0.4278152777777778,0.32243984375,0.5962694444444445,0.031521875,0.5965972222222222,0.1848828125,0.5653805555555556,0.1778578125,0.5727013888888889,25.68410671991536,139.0492567258092,144.15664061013635,139.04817801754902,152.24507751976745,143.75071952158692,127.04083113073834,137.49696545286622,91.3936146868207,82.80102260069597,Boring
182,0.22534921875,0.42671944444444443,0.2036453125,0.4250777777777778,0.3135296875,0.41094166666666665,0.09376171875,0.43921388888888885,0.3265078125,0.5619277777777778,0.0422421875,0.6134486111111112,0.22650703125,0.5274305555555555,0.17803750000000002,0.5763041666666667,27.806133945588343,141.01977445734337,109.97191752442988,141.0187770653256,141.72577262445952,92.43629783292889,117.72963834564246,132.45886182332595,98.68817148471895,79.01849367202995,Boring
183,0.2174640625,0.4418472222222222,0.22797499999999998,0.38442638888888886,0.3422609375,0.3749208333333333,0.1136890625,0.39393055555555556,0.35780703125,0.5508666666666667,0.032520312499999995,0.5744777777777779,0.2553859375,0.5309791666666667,0.18080000000000002,0.5752583333333333,43.47704871538547,146.4460109801561,128.2343400263752,146.44596424961665,166.41159470421525,161.97387412838754,128.6331378980256,146.65626210226202,98.92705268518117,83.76670306207618,Boring
184,0.22591015625000002,0.4409069444444444,0.21967656249999998,0.3850791666666667,0.34456484375,0.3544791666666667,0.09478828125,0.41567916666666666,0.345278125,0.5806319444444444,0.062117187500000004,0.6475875,0.21924765625,0.5513597222222222,0.186253125,0.5953944444444444,40.98027399859594,161.36811789507868,162.8325596095572,161.36811789507863,172.13118670653495,168.7726005477933,104.06062413392421,137.86159362517816,90.32125835840093,82.55658191082739,Boring
185,0.22732890625,0.43343611111111113,0.19847109375,0.42049583333333335,0.29923046875,0.40205555555555555,0.09771171875,0.4389361111111111,0.30874999999999997,0.5593444444444444,0.0339953125,0.582475,0.2316765625,0.5487736111111111,0.1927,0.5735777777777777,38.09491216684978,129.65359814906793,113.90164058958939,129.65359814906796,131.65239592578632,104.15662100530855,128.27871110909825,128.56601223746833,96.14115493324881,85.58845973829297,Boring
186,0.22464453125,0.4434680555555556,0.2280296875,0.37630555555555556,0.34408984375,0.3397513888888889,0.11196953125,0.4128597222222222,0.3345765625,0.5754,0.040714062499999995,0.5876055555555556,0.21097812500000002,0.5665944444444444,0.189115625,0.5600069444444444,48.5507398295845,150.87038148689092,170.10341036557733,150.87038148689092,155.39830867161973,174.87972029001128,125.93902980132081,137.01424757564237,85.89492077669055,87.70513777973488,Boring
187,0.21751953125,0.42809166666666665,0.21791015625000001,0.3916291666666667,0.32521093749999996,0.38655833333333334,0.11060937500000001,0.39670000000000005,0.359503125,0.5863569444444445,0.03212109375,0.5828472222222222,0.2689921875,0.5791597222222222,0.16987265625,0.5601652777777778,26.257760928913935,137.3935181367738,150.4026072280664,137.39351813677382,167.4998056745141,178.9089084407662,126.85498362248191,147.19733494023401,106.96834667670106,87.43894070221727,Boring
188,0.21843906249999998,0.45643611111111115,0.204628125,0.3812375,0.306128125,0.3660333333333333,0.10312734374999999,0.3964402777777778,0.352734375,0.5141458333333333,0.025008593750000002,0.5731875,0.2874203125,0.5517777777777777,0.166103125,0.5611583333333333,56.955913942276474,130.38037892643203,122.1930489716989,130.38129143784394,161.84251180700326,161.91784266470822,128.15822077966985,145.79650961026246,119.22306850521552,107.95725624474298,Boring
189,0.20820625,0.44781805555555554,0.22774140625,0.3873888888888889,0.34399765625,0.3770027777777778,0.11148515625,0.39777500000000005,0.32173359375,0.6500222222222223,0.0435171875,0.5825055555555555,0.1639,0.5891666666666666,0.198984375,0.5626833333333333,50.18249800478247,148.9957762757052,198.62898449118651,148.99577627570523,158.9321302852258,150.11364373399962,123.18863126899173,136.6719651502033,81.75110578382584,77.76309874092749,Boring
190,0.210828125,0.45590833333333336,0.2031421875,0.38948611111111114,0.3082640625,0.3817722222222222,0.0980203125,0.3972,0.34089609374999996,0.5817541666666667,0.03117421875,0.5824638888888889,0.21340390625,0.5554916666666667,0.162684375,0.5434430555555555,48.825415717636254,134.67057604391536,149.92299866931694,134.67057604391536,158.47371728144705,168.37569622877206,122.6781374693271,141.82991874454186,106.17684618462226,83.39055124279936,Boring
191,0.22215625,0.4566722222222222,0.2245359375,0.3758611111111111,0.3378140625,0.3644763888888889,0.11125703125,0.38724583333333334,0.32929375,0.5464569444444445,0.046974218750000005,0.5547263888888889,0.24995078125,0.5464194444444445,0.185525,0.5807208333333334,58.26367626574894,145.22751400819334,131.47909914507326,145.22851241405732,145.9839406236179,177.0032350652692,124.30771919123208,145.68944217363716,85.24193148366749,89.9847676128122,Boring
194,0.23299296875,0.4286416666666667,0.25574921875,0.37474999999999997,0.3254015625,0.33206250000000004,0.18609765625000002,0.41743888888888886,0.36422109375,0.40677083333333336,0.1313578125,0.5145166666666666,0.37730390625,0.4795583333333333,0.1934984375,0.5156791666666667,48.518404631644685,94.30405213987363,73.22814227467467,94.30343266286755,98.96886027938285,143.10506710055378,135.07000116760761,172.37198532571827,132.73048550654087,162.27937117426893,Boring
195,0.22245625000000002,0.4482041666666667,0.2556359375,0.378075,0.3256703125,0.31866944444444445,0.18560234375,0.4374791666666667,0.3751390625,0.40405555555555556,0.1599921875,0.5266611111111111,0.35924296875,0.4662208333333333,0.20767265625000003,0.5226680555555556,65.97911752213723,99.32517666734854,88.25512383992218,99.32384351201881,72.09470495119598,139.93258429948662,117.04522081372062,155.27025193347933,135.84561581814927,155.55392345372428,Boring
196,0.235915625,0.4269763888888889,0.262134375,0.3778875,0.32850234375,0.3242013888888889,0.195765625,0.43157361111111114,0.3650953125,0.4012513888888889,0.16428281250000001,0.5149736111111112,0.35078671875,0.4794305555555555,0.2223265625,0.4842916666666667,48.73881344472801,93.33168870753386,72.60494815782187,93.33259891377715,72.31660326646987,136.48311911910693,123.86542186093462,138.1492670578625,130.17477224110482,161.97643797905576,Boring
197,0.235915625,0.4269763888888889,0.262134375,0.3778875,0.32850234375,0.3242013888888889,0.195765625,0.43157361111111114,0.3650953125,0.4012513888888889,0.16428281250000001,0.5149736111111112,0.35078671875,0.4794305555555555,0.2223265625,0.4842916666666667,48.73881344472801,93.33168870753386,72.60494815782187,93.33259891377715,72.31660326646987,136.48311911910693,123.86542186093462,138.1492670578625,130.17477224110482,161.97643797905576,Boring
198,0.21422109374999998,0.43596527777777777,0.23795546875,0.38026805555555554,0.30999140625,0.3346958333333333,0.16591953125,0.4258402777777778,0.33656484375,0.4233111111111111,0.11764765625,0.5091222222222223,0.32766562499999996,0.5187319444444445,0.17703359375,0.5097652777777778,50.31018588715411,97.87018841301979,72.30335403700164,97.87018841301985,86.10062899305672,142.8535883834261,135.85877707097072,166.75218695498515,118.06251156517865,170.58596427418698,Boring
199,0.2244875,0.4495166666666667,0.2568109375,0.3844180555555556,0.3238578125,0.33124166666666666,0.1897640625,0.43759583333333335,0.38316796875,0.4186125,0.1630921875,0.5247597222222222,0.3917703125,0.5042444444444444,0.21253359375,0.5120055555555556,62.519585067401074,93.97322368100393,98.59351671382859,93.97363111000875,71.44302739946004,138.56449053288299,118.54594275274862,151.45364422249676,140.35388168533981,169.87426695129872,Boring
200,0.2244875,0.4495166666666667,0.2568109375,0.3844180555555556,0.3238578125,0.33124166666666666,0.1897640625,0.43759583333333335,0.38316796875,0.4186125,0.1630921875,0.5247597222222222,0.3917703125,0.5042444444444444,0.21253359375,0.5120055555555556,62.519585067401074,93.97322368100393,98.59351671382859,93.97363111000875,71.44302739946004,138.56449053288299,118.54594275274862,151.45364422249676,140.35388168533981,169.87426695129872,Boring
201,0.22421640625,0.42408194444444447,0.26098828125,0.3670347222222222,0.3200421875,0.3279388888888889,0.201934375,0.40613055555555555,0.370140625,0.39763055555555554,0.18008203125,0.49878055555555556,0.37576718750000004,0.45055416666666664,0.22521171875,0.49255972222222216,62.469753481184796,80.66017060482824,81.42466186604642,80.66017060482825,72.33487474932133,131.1096530116472,112.74854932532183,154.41508413748576,141.95714966246058,169.2971174815807,Boring
202,0.2339484375,0.4063847222222222,0.2453046875,0.3652430555555556,0.30509609375,0.3150222222222222,0.18551328125,0.41546527777777775,0.32966953125,0.3832569444444444,0.14613125,0.5110875,0.30348125000000004,0.4300486111111111,0.20153046875,0.5125236111111111,32.99633585718265,84.6449843168513,58.335347406182436,84.6454115058814,85.32944617774102,153.86205772806542,126.21077256994928,163.64935229639838,122.62870694465184,135.14406817828504,Boring
203,0.24062109375000001,0.40140555555555557,0.2567984375,0.35702638888888893,0.30599375,0.3074013888888889,0.20760312500000003,0.40665138888888885,0.34261015625,0.33846805555555554,0.1833203125,0.5030666666666667,0.33439375,0.34015138888888885,0.21170078124999997,0.49695555555555554,38.07589864993337,72.4006477871573,51.932943157498755,72.40064778715723,76.05976784739752,147.05492386144536,114.12020324060194,175.38800915843603,154.48741942470366,96.57388001133668,Boring
204,0.24062109375000001,0.40140555555555557,0.2567984375,0.35702638888888893,0.30599375,0.3074013888888889,0.20760312500000003,0.40665138888888885,0.34261015625,0.33846805555555554,0.1833203125,0.5030666666666667,0.33439375,0.34015138888888885,0.21170078124999997,0.49695555555555554,38.07589864993337,72.4006477871573,51.932943157498755,72.40064778715723,76.05976784739752,147.05492386144536,114.12020324060194,175.38800915843603,154.48741942470366,96.57388001133668,Boring
205,0.21926796875000001,0.43707500000000005,0.257334375,0.3647875,0.3358515625,0.3220125,0.17881796875,0.4075625,0.3649015625,0.42720972222222225,0.14666328125,0.4957611111111111,0.3143671875,0.5054194444444444,0.20451796875,0.5126527777777778,71.29527217144205,105.11502655662511,84.37713209158039,105.1140704425435,75.6743812198025,136.8881006296315,122.9483562138294,156.50259726565696,116.14779435910722,131.04137390389062,Boring
206,0.220484375,0.44452916666666664,0.22856796875000002,0.3670055555555556,0.3310796875,0.3522666666666667,0.12605625,0.38174444444444444,0.34964375,0.4832472222222222,0.09125546875,0.5331958333333333,0.30045625,0.5621680555555556,0.18075703125,0.5657958333333333,56.767930189500426,131.643422809497,97.25355664447443,131.64342280949703,117.79248299445939,169.498084147641,112.22006774239811,152.14971125048953,104.14226567287884,132.06705445161356,Boring
207,0.220484375,0.44452916666666664,0.22856796875000002,0.3670055555555556,0.3310796875,0.3522666666666667,0.12605625,0.38174444444444444,0.34964375,0.4832472222222222,0.09125546875,0.5331958333333333,0.30045625,0.5621680555555556,0.18075703125,0.5657958333333333,56.767930189500426,131.643422809497,97.25355664447443,131.64342280949703,117.79248299445939,169.498084147641,112.22006774239811,152.14971125048953,104.14226567287884,132.06705445161356,Boring
208,0.21485859375,0.42523888888888894,0.21739843749999999,0.3611166666666667,0.30626328125,0.3531416666666667,0.128534375,0.3690902777777778,0.3207390625,0.48999722222222225,0.09269374999999999,0.5311263888888889,0.26398515625,0.5245958333333334,0.1865234375,0.5587208333333333,46.28232086877235,113.89183716579518,100.2629898666502,113.89078802519542,125.36172833843668,175.97206680082974,111.46599788593855,151.4695153896669,100.64970447024082,108.92756817728856,Boring
209,0.22105625,0.44074722222222223,0.21960859375,0.3749555555555556,0.31583359375,0.36319444444444443,0.12338359375,0.38671666666666665,0.33494531250000004,0.4874916666666667,0.07694921875,0.5455708333333333,0.2745953125,0.5216111111111111,0.17572421875,0.559336111111111,47.40622858865701,123.45875120055283,92.7772299920622,123.45875120055278,128.89638754053584,177.75986961561964,117.45905092079445,151.67324429937557,105.2882128193602,107.64142920830963,Boring
210,0.21386640625000003,0.4330847222222223,0.21422421875,0.39077361111111114,0.3096421875,0.39660972222222224,0.11880703125,0.3849361111111111,0.318478125,0.4894652777777778,0.0558375,0.5172861111111111,0.2785125,0.5120041666666666,0.16883203125,0.5692597222222222,30.46744262323308,122.20726258696739,67.80590561300689,122.20629756686026,124.8081987090592,179.13867219648236,130.22560224431442,154.2433990689757,99.60179464564897,107.60036727879714,Boring
211,0.21386640625000003,0.4330847222222223,0.21422421875,0.39077361111111114,0.3096421875,0.39660972222222224,0.11880703125,0.3849361111111111,0.318478125,0.4894652777777778,0.0558375,0.5172861111111111,0.2785125,0.5120041666666666,0.16883203125,0.5692597222222222,30.46744262323308,122.20726258696739,67.80590561300689,122.20629756686026,124.8081987090592,179.13867219648236,130.22560224431442,154.2433990689757,99.60179464564897,107.60036727879714,Boring
212,0.21568749999999998,0.4350333333333333,0.21818906249999998,0.37474305555555554,0.32107421875000003,0.36920694444444446,0.11530390625,0.38027916666666667,0.33410546874999997,0.47565416666666666,0.04646015625,0.5197833333333334,0.287515625,0.5064277777777778,0.153115625,0.5459152777777778,43.52693516662986,131.7533090476289,78.43607947877047,131.75330904762885,133.6186014333334,175.78130278350494,131.26091389643136,157.91099306162735,102.27811878177437,110.38222445471986,Boring
213,0.21650546875,0.4304638888888889,0.22271562500000003,0.35911944444444444,0.33058671875,0.33548333333333336,0.11484453125,0.3827569444444444,0.3365421875,0.4643888888888889,0.048965625,0.5245111111111112,0.293928125,0.4981847222222222,0.16595703125,0.5667430555555556,51.97940000615634,139.11979711385433,93.1245266994684,139.11991944362248,132.39169760222885,171.20347111287734,129.56370081533083,153.71625370978197,94.69537935982876,114.04167597981963,Boring
214,0.21474218750000001,0.4347916666666667,0.22482265625000003,0.37253749999999997,0.3351453125,0.3652986111111111,0.1145,0.37977777777777777,0.3291078125,0.5142902777777778,0.04999453125,0.5207986111111111,0.2552609375,0.5274680555555555,0.15856874999999998,0.5526847222222222,46.643206772262175,141.30915155431367,107.55200165501337,141.30918844151645,130.86888749431625,163.94071022767287,129.11758053888084,155.6246351316715,85.87954036532716,95.73195764818888,Boring
215,0.21474218750000001,0.4347916666666667,0.22482265625000003,0.37253749999999997,0.3351453125,0.3652986111111111,0.1145,0.37977777777777777,0.3291078125,0.5142902777777778,0.04999453125,0.5207986111111111,0.2552609375,0.5274680555555555,0.15856874999999998,0.5526847222222222,46.643206772262175,141.30915155431367,107.55200165501337,141.30918844151645,130.86888749431625,163.94071022767287,129.11758053888084,155.6246351316715,85.87954036532716,95.73195764818888,Boring
216,0.21153671875,0.422225,0.20464140625,0.3753680555555555,0.29072734375,0.38337777777777776,0.1185546875,0.36735972222222224,0.2935140625,0.5104583333333333,0.07296875,0.5245527777777778,0.26756171875,0.584275,0.16549921875,0.5576027777777778,34.87238800254439,110.34081017012699,91.56750238485266,110.34175654302406,127.33502480072006,165.33931169723232,117.27359521415583,156.31361653827864,92.23251442388252,147.99345397477936,Boring
217,0.21354921875000002,0.4327180555555556,0.21724921875,0.37982222222222217,0.31135546875000003,0.3877875,0.12314218750000001,0.3718569444444445,0.310240625,0.5212694444444445,0.07713203125,0.5344902777777778,0.2459890625,0.5515722222222222,0.16782890625,0.5756027777777778,38.37833921628192,120.59244653376929,96.1175934883932,120.59344540231031,131.07195987319332,172.91146291215424,116.69994042362472,158.69856599636068,89.1493328300882,104.85776434089105,Boring
218,0.21354921875000002,0.4327180555555556,0.21724921875,0.37982222222222217,0.31135546875000003,0.3877875,0.12314218750000001,0.3718569444444445,0.310240625,0.5212694444444445,0.07713203125,0.5344902777777778,0.2459890625,0.5515722222222222,0.16782890625,0.5756027777777778,38.37833921628192,120.59244653376929,96.1175934883932,120.59344540231031,131.07195987319332,172.91146291215424,116.69994042362472,158.69856599636068,89.1493328300882,104.85776434089105,Boring
219,0.23209296875000002,0.4341527777777777,0.249921875,0.36428055555555555,0.337171875,0.3267819444444444,0.162671875,0.4017791666666667,0.36558671875000004,0.4819319444444444,0.11222265625000001,0.5114666666666666,0.30755,0.5901444444444445,0.1841546875,0.5528638888888889,55.24212980144772,114.89720797739169,117.47990000421349,114.89720797739167,102.01461292383554,155.59973638356485,129.27162418786554,165.8137744073399,108.03472774424792,136.3647516701719,Boring
220,0.22386093749999997,0.4409986111111111,0.22662343749999997,0.37078194444444446,0.3305765625,0.3627638888888889,0.1226703125,0.37879999999999997,0.34545234375,0.5031625,0.08111015625,0.5343722222222222,0.279209375,0.5761125,0.1764578125,0.5607152777777777,50.679507022069565,133.18517608577915,102.86467445143643,133.18517608577912,124.0024554313341,175.9991202105524,115.40408705421915,152.27172060697444,100.66738706352663,121.77624953766332,Boring
221,0.2206296875,0.43720555555555557,0.21599921875,0.37801805555555557,0.3134015625,0.3738958333333333,0.118596875,0.3821402777777778,0.31610390625,0.49812083333333335,0.07524453125,0.5478625,0.26070625000000003,0.5449027777777777,0.17174375,0.5554694444444445,43.02519673400693,124.7103229448148,89.50886014803228,124.71032294481478,131.5922242421641,172.08195539503467,114.94127026976875,151.4047897388968,92.21470211891265,115.40852570993651,Boring
222,0.2206296875,0.43720555555555557,0.21599921875,0.37801805555555557,0.3134015625,0.3738958333333333,0.118596875,0.3821402777777778,0.31610390625,0.49812083333333335,0.07524453125,0.5478625,0.26070625000000003,0.5449027777777777,0.17174375,0.5554694444444445,43.02519673400693,124.7103229448148,89.50886014803228,124.71032294481478,131.5922242421641,172.08195539503467,114.94127026976875,151.4047897388968,92.21470211891265,115.40852570993651,Boring
223,0.21786640625000003,0.4349513888888889,0.2309140625,0.3799736111111111,0.3130984375,0.35713055555555556,0.14872968749999999,0.4028166666666667,0.33398515624999997,0.4655625,0.09792109375,0.5299625,0.29615625,0.5180944444444445,0.18385234374999998,0.5685416666666667,42.96296611036067,106.4739509222796,82.52176237817508,106.47395092227957,112.29442662038038,157.12449170067043,125.39058183755527,159.35507501875037,108.90349607332791,127.9943922828575,Boring
224,0.21657109375,0.442,0.22189140625,0.38659166666666667,0.299190625,0.35957083333333334,0.1445921875,0.4136138888888889,0.31985859375,0.4637513888888889,0.11291015625,0.49691388888888893,0.318784375,0.5944513888888889,0.187365625,0.5553222222222222,40.47106788806048,100.83756380436805,79.53846317977232,100.83775674319617,72.39935348468244,170.31284722933498,124.0647409459945,151.78168704085832,109.42704847764765,179.16288265079567,Boring
225,0.21393984375000002,0.4272763888888889,0.222721875,0.37178472222222225,0.31047421875,0.36581388888888894,0.13496875,0.3777555555555555,0.32644843749999997,0.49451249999999997,0.09613671875,0.5247097222222222,0.25725390625,0.5355027777777778,0.18408671875,0.5460958333333333,41.505206866127054,112.40523889036487,94.89210387592843,112.40623815874278,116.9004203328628,164.2861296683416,115.16275010132225,152.58349781327865,102.44347261534416,108.42912647558963,Boring
226,0.21393984375000002,0.4272763888888889,0.222721875,0.37178472222222225,0.31047421875,0.36581388888888894,0.13496875,0.3777555555555555,0.32644843749999997,0.49451249999999997,0.09613671875,0.5247097222222222,0.25725390625,0.5355027777777778,0.18408671875,0.5460958333333333,41.505206866127054,112.40523889036487,94.89210387592843,112.40623815874278,116.9004203328628,164.2861296683416,115.16275010132225,152.58349781327865,102.44347261534416,108.42912647558963,Boring
227,0.22904921875,0.4327333333333333,0.26319765624999997,0.364625,0.33840703125,0.3141055555555556,0.18798828125,0.4151444444444444,0.371425,0.3901763888888889,0.1576015625,0.5006902777777777,0.33813593750000004,0.4731638888888889,0.20684921875,0.5216555555555555,65.69086347430668,102.91061995732026,69.18109286503068,102.91061995732022,72.84585557188551,138.28779891008173,122.27175927834004,162.52557821184575,127.65489014212025,144.5063395365154,Boring
228,0.22022890624999997,0.4412625,0.22923828125,0.36698749999999997,0.32474375,0.3517458333333333,0.13373203125,0.3822277777777778,0.339865625,0.48664861111111113,0.09470625,0.5251083333333333,0.26612421875000003,0.5508680555555555,0.16813671875,0.5520486111111111,54.70725279156322,122.73857455991576,99.03984872767123,122.73948115011733,114.36066668658412,167.8310711139317,115.90003134095394,160.1926448875536,101.2702230059767,116.09868120419755,Boring
229,0.22022890624999997,0.4412625,0.22923828125,0.36698749999999997,0.32474375,0.3517458333333333,0.13373203125,0.3822277777777778,0.339865625,0.48664861111111113,0.09470625,0.5251083333333333,0.26612421875000003,0.5508680555555555,0.16813671875,0.5520486111111111,54.70725279156322,122.73857455991576,99.03984872767123,122.73948115011733,114.36066668658412,167.8310711139317,115.90003134095394,160.1926448875536,101.2702230059767,116.09868120419755,Boring
230,0.22080468749999999,0.43649444444444446,0.245640625,0.3626083333333333,0.32156015625,0.3295611111111111,0.16972109375,0.39565416666666664,0.33354140625,0.4489430555555555,0.12002968750000001,0.5016333333333333,0.26895234375,0.5114277777777778,0.194625,0.5346416666666667,61.97282714222423,100.04760749263319,87.31239843802253,100.04736967057157,99.33805439004732,149.138353394156,129.81332519169374,162.33104263956005,100.11620448072411,118.55386096785325,Boring
231,0.21616718750000002,0.4426763888888888,0.24702578125,0.37348194444444444,0.32916328125,0.33763611111111114,0.16488828125,0.40932638888888884,0.3543921875,0.45985416666666673,0.12794921875,0.4952833333333333,0.28435625,0.5211486111111111,0.1894640625,0.5316236111111111,63.57832493074976,108.25748462346613,93.73531809302193,108.25724622398262,77.88347607162895,141.5914158085742,127.3791283931629,160.34089993947126,110.15204711153449,116.21064987086487,Boring
232,0.22392109375000002,0.44000694444444444,0.22558046874999998,0.3576680555555556,0.32942890625,0.33460555555555554,0.12173203125000001,0.38073194444444447,0.34750703125000004,0.46587222222222224,0.09080625,0.5069083333333333,0.31979140625,0.5449263888888889,0.18223984375,0.5549194444444444,59.32203664743818,133.95912623259377,97.30353407764798,133.95925019198933,99.09666812764189,177.94811069645542,113.54432702450094,148.3026069158883,103.75747022680108,148.0658819645701,Boring
233,0.22392109375000002,0.44000694444444444,0.22558046874999998,0.3576680555555556,0.32942890625,0.33460555555555554,0.12173203125000001,0.38073194444444447,0.34750703125000004,0.46587222222222224,0.09080625,0.5069083333333333,0.31979140625,0.5449263888888889,0.18223984375,0.5549194444444444,59.32203664743818,133.95912623259377,97.30353407764798,133.95925019198933,99.09666812764189,177.94811069645542,113.54432702450094,148.3026069158883,103.75747022680108,148.0658819645701,Boring
234,0.218203125,0.44853055555555554,0.2364859375,0.3420138888888889,0.34528515625,0.3022486111111111,0.12768593749999999,0.38178055555555557,0.40140624999999996,0.409575,0.07330390625,0.4973277777777778,0.43285625000000005,0.49032916666666665,0.1831765625,0.5459708333333333,80.18301857625467,142.17565660126206,105.50683793006024,142.17683749471993,108.47421129927612,163.0308168530538,129.91945794383227,149.00140298945914,132.9105971237898,145.30274558816183,Boring
235,0.21863671875000001,0.4532583333333333,0.24125078125,0.3741541666666667,0.3253265625,0.3354513888888889,0.15717578125,0.41285694444444443,0.37737109375,0.43723194444444446,0.1111421875,0.5188152777777778,0.3901296875,0.5099861111111111,0.18229453125,0.5419791666666667,63.88851963381212,111.16623878228499,99.03573200113182,111.16527070987591,96.3954564748775,153.05914818771328,127.68090031048803,160.92259675328876,132.27240475921298,162.68453454798575,Boring
236,0.21863671875000001,0.4532583333333333,0.24125078125,0.3741541666666667,0.3253265625,0.3354513888888889,0.15717578125,0.41285694444444443,0.37737109375,0.43723194444444446,0.1111421875,0.5188152777777778,0.3901296875,0.5099861111111111,0.18229453125,0.5419791666666667,63.88851963381212,111.16623878228499,99.03573200113182,111.16527070987591,96.3954564748775,153.05914818771328,127.68090031048803,160.92259675328876,132.27240475921298,162.68453454798575,Boring
237,0.2169953125,0.4408833333333333,0.24416406249999997,0.36754444444444445,0.3240703125,0.3321,0.16425859375000001,0.4029875,0.3461484375,0.4397819444444444,0.12257265625,0.4914680555555556,0.29381328125,0.507375,0.18305546875,0.5223902777777778,63.226834429694435,105.41569522609053,82.52080683682144,105.41448288541757,83.0995222609613,146.63164040627078,129.94840724860342,164.36492271526714,110.02676581901815,125.99812047126622,Boring
238,0.21694921875,0.44490833333333335,0.24434921874999999,0.3756319444444444,0.32226640624999997,0.3331555555555556,0.16643203125,0.4181097222222222,0.3606890625,0.45355833333333334,0.13487031249999998,0.5183555555555556,0.34288828125,0.5260347222222223,0.20306796875000002,0.525675,60.97507544070776,104.31773887982808,99.66908678722808,104.31803205582437,82.71395607755684,144.88735226199637,119.2366661496692,148.80518052944936,119.56712358552375,156.41216419847208,Boring
239,0.21437499999999998,0.44554027777777777,0.24444921874999997,0.37519722222222224,0.32333828124999997,0.32908611111111113,0.165559375,0.42130694444444444,0.36185234374999997,0.4613166666666667,0.13985390625,0.5259125,0.31788515624999997,0.5351152777777778,0.19979765625,0.5396666666666666,63.61590708305588,106.29579711352656,107.21229052678616,106.29643475676876,82.18945957359736,142.76281404557946,113.59888123293238,152.78490628757103,117.37527914146561,133.35457279950882,Boring
240,0.21437499999999998,0.44554027777777777,0.24444921874999997,0.37519722222222224,0.32333828124999997,0.32908611111111113,0.165559375,0.42130694444444444,0.36185234374999997,0.4613166666666667,0.13985390625,0.5259125,0.31788515624999997,0.5351152777777778,0.19979765625,0.5396666666666666,63.61590708305588,106.29579711352656,107.21229052678616,106.29643475676876,82.18945957359736,142.76281404557946,113.59888123293238,152.78490628757103,117.37527914146561,133.35457279950882,Boring
241,0.20337578125000003,0.4428486111111111,0.22626249999999998,0.35396527777777775,0.3125,0.3247777777777778,0.140025,0.38315138888888894,0.35530859375,0.43244999999999995,0.11375312500000001,0.5236236111111111,0.3497390625,0.5092,0.18843671875,0.5332930555555555,70.38241997118314,112.36662173884201,94.9339907567358,112.36643472140601,106.58396682428365,155.40344655637952,108.39143063935535,150.17749486726552,125.2531808006347,172.6489694913548,Boring
242,0.22828828125,0.4523319444444444,0.2313875,0.35596944444444445,0.33842656249999997,0.32972361111111115,0.12434843749999999,0.38221527777777775,0.35396875,0.4776986111111111,0.09255156249999999,0.5211125,0.31614609374999997,0.5789222222222222,0.18508906249999998,0.5632222222222222,69.49431811306587,138.30703781442216,108.38343508119678,138.30703781442216,107.9707832517668,176.72756009626855,112.14512288541722,149.18096070278838,100.5767245455074,146.40492014390912,Boring
243,0.22828828125,0.4523319444444444,0.2313875,0.35596944444444445,0.33842656249999997,0.32972361111111115,0.12434843749999999,0.38221527777777775,0.35396875,0.4776986111111111,0.09255156249999999,0.5211125,0.31614609374999997,0.5789222222222222,0.18508906249999998,0.5632222222222222,69.49431811306587,138.30703781442216,108.38343508119678,138.30703781442216,107.9707832517668,176.72756009626855,112.14512288541722,149.18096070278838,100.5767245455074,146.40492014390912,Boring
244,0.2191984375,0.4458930555555556,0.22966484375000001,0.3544555555555556,0.34302890625,0.34445555555555557,0.11630078125000001,0.3644555555555556,0.33457109375,0.5335263888888889,0.0429203125,0.5373541666666667,0.26416796875,0.5534791666666666,0.16898437500000002,0.55995,67.18427519888863,145.28451822544616,136.56079758481204,145.28451822544616,155.94644753247826,168.4977286922963,127.03501047373622,154.40131614777243,85.45304596881815,99.05769043394726,Boring
245,0.21954296874999998,0.45290694444444446,0.22751484375,0.3716611111111111,0.33973828125,0.3842541666666667,0.11529140625,0.3590694444444444,0.34173828125,0.6185263888888889,0.02459609375,0.5662361111111112,0.189790625,0.6158625,0.1632171875,0.5531305555555556,59.38030502616168,143.931872095794,168.69542547443305,143.93180910417266,189.01215225482198,170.10509562672496,127.89332833897987,156.2964065115651,90.86951276489478,89.43499384069241,Boring
246,0.213371875,0.44069444444444444,0.2366,0.3657972222222223,0.35615312499999996,0.36368055555555556,0.117046875,0.36791388888888893,0.33365,0.6019888888888889,0.026399218749999998,0.5332305555555555,0.194053125,0.5864472222222222,0.15874296875,0.5401777777777778,61.579260307346985,153.03558854070508,173.98291048261032,153.03558854070516,166.22392615084024,151.1299364126531,134.26902530001718,156.7174429914733,80.47043637229118,86.4165588845501,Boring
247,0.213371875,0.44069444444444444,0.2366,0.3657972222222223,0.35615312499999996,0.36368055555555556,0.117046875,0.36791388888888893,0.33365,0.6019888888888889,0.026399218749999998,0.5332305555555555,0.194053125,0.5864472222222222,0.15874296875,0.5401777777777778,61.579260307346985,153.03558854070508,173.98291048261032,153.03558854070516,166.22392615084024,151.1299364126531,134.26902530001718,156.7174429914733,80.47043637229118,86.4165588845501,Boring
248,0.222346875,0.4548111111111111,0.23771874999999998,0.37152083333333336,0.3503703125,0.3582375,0.12506796874999998,0.3848041666666667,0.35444765624999997,0.5078680555555556,0.03426875,0.5187486111111111,0.29762343750000003,0.5590444444444445,0.15179921875,0.5571875000000001,63.11438771785716,144.5108291167136,107.86033894346897,144.5098313091535,151.02469774510394,161.8351890596696,140.31465127121996,164.58766142681554,92.7734335241829,116.8664281512539,Boring
249,0.2176734375,0.44111388888888886,0.23541249999999997,0.3711083333333333,0.3509796875,0.3618597222222222,0.1198453125,0.38035833333333335,0.34265859375,0.5299458333333333,0.03913125,0.5255305555555556,0.272940625,0.5389888888888889,0.1641125,0.5656263888888888,55.282236315112996,148.0758040903375,121.48978675180888,148.07584906391722,146.96614974884523,155.74938238069893,134.66643679229102,156.9854323468291,84.97042655706908,94.17298447607953,Boring
250,0.2252890625,0.4471527777777778,0.227725,0.3763444444444445,0.33754609375,0.38185,0.11790468750000001,0.37083888888888894,0.342890625,0.5663930555555555,0.026589843749999998,0.5401027777777778,0.2705421875,0.5390402777777777,0.1590578125,0.55645,51.077257639775425,140.62687985232415,133.04699140529257,140.62588024968946,168.8606898866637,176.50021575810854,133.80339719941531,158.48745492980137,92.9473296639211,77.9940881964807,Boring
251,0.2252890625,0.4471527777777778,0.227725,0.3763444444444445,0.33754609375,0.38185,0.11790468750000001,0.37083888888888894,0.342890625,0.5663930555555555,0.026589843749999998,0.5401027777777778,0.2705421875,0.5390402777777777,0.1590578125,0.55645,51.077257639775425,140.62687985232415,133.04699140529257,140.62588024968946,168.8606898866637,176.50021575810854,133.80339719941531,158.48745492980137,92.9473296639211,77.9940881964807,Boring
252,0.220865625,0.4458097222222222,0.22282968749999998,0.3932236111111111,0.33148828125,0.40225694444444443,0.11417109375000001,0.3841902777777778,0.33190859375000004,0.5448625,0.03559453125,0.5291972222222222,0.25456875,0.5520541666666666,0.1680203125,0.5652847222222223,37.94537178629301,139.23499166876124,102.67740949205916,139.23499166876115,144.97012833339147,176.20119214770952,133.930421171773,152.13772921880937,90.30021472669354,92.99416567703956,Boring
253,0.22091406249999998,0.4583319444444445,0.23095,0.38457916666666664,0.3420125,0.3842902777777778,0.11988828124999999,0.38486666666666663,0.36738828125,0.4949486111111111,0.033878124999999995,0.5306986111111112,0.35330703125,0.5326972222222222,0.1668515625,0.5515402777777777,54.63370864219272,142.16015216649146,86.0404651138056,142.15915070793017,152.1356587063007,166.40073985144687,136.35667599094822,153.3927582377828,112.1794335737489,146.44929175136414,Boring
254,0.22091406249999998,0.4583319444444445,0.23095,0.38457916666666664,0.3420125,0.3842902777777778,0.11988828124999999,0.38486666666666663,0.36738828125,0.4949486111111111,0.033878124999999995,0.5306986111111112,0.35330703125,0.5326972222222222,0.1668515625,0.5515402777777777,54.63370864219272,142.16015216649146,86.0404651138056,142.15915070793017,152.1356587063007,166.40073985144687,136.35667599094822,153.3927582377828,112.1794335737489,146.44929175136414,Boring
255,0.22415390624999998,0.4392152777777778,0.21749140625000002,0.37740416666666665,0.32261093750000003,0.3693222222222222,0.11237109375000001,0.3854875,0.34497734375,0.5201625,0.03409296875,0.5283263888888888,0.29096328125,0.5280097222222222,0.16748046875,0.5537722222222222,45.31371536301124,134.67876807425884,112.31502867381553,134.67981035032682,143.58317015583685,169.15229622329284,134.2528042593897,149.7928350296704,104.76760658112993,94.67186491979116,Boring
256,0.22071562500000003,0.4378444444444444,0.22781406249999997,0.3738,0.338253125,0.3651486111111111,0.11737421875000001,0.3824513888888889,0.3516,0.48110277777777777,0.043067968750000005,0.5122222222222222,0.31441718750000003,0.5254888888888889,0.16580703125000001,0.5492458333333333,46.99863763982948,141.49917132266185,85.21703013482694,141.5001703532543,133.3281356991089,168.85312310019233,135.50959436441832,152.69627165491198,101.56481663606587,123.88022302064034,Boring
257,0.21633671875,0.44404583333333336,0.2254359375,0.3854291666666667,0.33408046874999997,0.3859527777777778,0.11679140625,0.3849041666666666,0.34007421875,0.5352527777777778,0.0402109375,0.5188611111111111,0.27058671875,0.5545625000000001,0.1665375,0.5547972222222223,43.781619716497474,139.06551101549226,107.76942794689037,139.0655137300402,137.51697397048846,164.5721399547552,135.46372530636035,152.50085622052362,94.08228346299857,98.88411766053032,Boring
258,0.21633671875,0.44404583333333336,0.2254359375,0.3854291666666667,0.33408046874999997,0.3859527777777778,0.11679140625,0.3849041666666666,0.34007421875,0.5352527777777778,0.0402109375,0.5188611111111111,0.27058671875,0.5545625000000001,0.1665375,0.5547972222222223,43.781619716497474,139.06551101549226,107.76942794689037,139.0655137300402,137.51697397048846,164.5721399547552,135.46372530636035,152.50085622052362,94.08228346299857,98.88411766053032,Boring
259,0.21671562500000002,0.44327500000000003,0.23546171875000002,0.3618972222222222,0.35164609375,0.34175694444444443,0.1192765625,0.38203750000000003,0.35280390625,0.5074083333333334,0.04150390625,0.5273125000000001,0.308584375,0.546275,0.1686078125,0.5474930555555555,63.31494680563196,149.42130924670684,119.27820708327235,149.4223045264662,144.39787050022588,157.72958054484656,133.58323938744573,152.074097341617,90.71190313953029,116.30817028646659,Boring
260,0.21837265625,0.45463333333333333,0.23182031250000001,0.37656805555555556,0.34910703125000003,0.36315972222222226,0.1145328125,0.38997777777777776,0.3470125,0.5249958333333333,0.0330390625,0.5294222222222222,0.2866046875,0.5449305555555556,0.15611640625,0.5552430555555555,58.78362202178426,150.43708267910543,116.55283885431534,150.4381447937989,144.7796717222415,162.97315962608585,136.09477613049683,155.90009892325557,88.68194086245995,100.51591341502876,Boring
261,0.21620859375,0.4488847222222222,0.22575937499999998,0.3746888888888889,0.33687109375,0.37061666666666665,0.114646875,0.37876111111111116,0.32203046875,0.5584486111111111,0.034584375,0.5340111111111111,0.22569765625,0.5618527777777778,0.1640734375,0.5608097222222223,54.80195129737625,142.253219130535,136.56659597793308,142.2542189181045,151.64735012521646,167.1102343017216,132.51462477920236,154.2347798637645,82.00440470109905,91.13873992024358,Boring
262,0.21620859375,0.4488847222222222,0.22575937499999998,0.3746888888888889,0.33687109375,0.37061666666666665,0.114646875,0.37876111111111116,0.32203046875,0.5584486111111111,0.034584375,0.5340111111111111,0.22569765625,0.5618527777777778,0.1640734375,0.5608097222222223,54.80195129737625,142.253219130535,136.56659597793308,142.2542189181045,151.64735012521646,167.1102343017216,132.51462477920236,154.2347798637645,82.00440470109905,91.13873992024358,Boring
263,0.22695625000000003,0.4568111111111111,0.22407265625,0.38126805555555554,0.33139140624999996,0.3683666666666667,0.11675312499999999,0.39416805555555556,0.357953125,0.4748916666666667,0.05267421875,0.5139013888888889,0.33269609375,0.5440291666666667,0.18116640625,0.5579,54.51609268830629,137.68170882510137,83.8958592839957,137.6826390835097,118.9927044192206,176.11783212146122,133.57427724923753,145.03143957262057,113.90694603985925,146.9982680057992,Boring
264,0.22257968749999998,0.45317638888888884,0.20953203125000003,0.3920736111111111,0.31285625,0.3796083333333333,0.1062078125,0.40453888888888884,0.3435703125,0.46039027777777775,0.03914765625,0.5477513888888889,0.32229140625,0.4880083333333333,0.15771640625,0.5523694444444445,47.057363260174235,132.55917791688358,70.20345550612163,132.5591779168836,134.16512713071157,159.21223914554807,129.77588056450458,148.2246409688021,124.0558616911982,126.13217492820498,Boring
265,0.22257968749999998,0.45317638888888884,0.20953203125000003,0.3920736111111111,0.31285625,0.3796083333333333,0.1062078125,0.40453888888888884,0.3435703125,0.46039027777777775,0.03914765625,0.5477513888888889,0.32229140625,0.4880083333333333,0.15771640625,0.5523694444444445,47.057363260174235,132.55917791688358,70.20345550612163,132.5591779168836,134.16512713071157,159.21223914554807,129.77588056450458,148.2246409688021,124.0558616911982,126.13217492820498,Boring
266,0.20416249999999997,0.45009027777777777,0.20336484375000002,0.3993263888888889,0.30798828125,0.37371527777777774,0.09874140625,0.42493749999999997,0.34221015625,0.49146388888888887,0.03648828125,0.5820041666666667,0.30441250000000003,0.5003319444444444,0.15967734375,0.5682597222222222,36.56425769792135,135.18159757896044,95.42677431937012,135.18159757896044,138.34173484527366,178.39989652842868,125.16926770805135,142.91607314490807,117.32470032970475,97.51806645679581,Boring
267,0.20737968750000002,0.4564236111111111,0.1908125,0.4172111111111111,0.29702109375,0.40398194444444446,0.0846046875,0.43044166666666667,0.33463828125,0.5232097222222223,0.02025078125,0.5666416666666667,0.282690625,0.5292236111111112,0.14272578125,0.547086111111111,35.31000885018299,136.28027162432574,98.42568179088218,136.27934396672154,128.06974359699484,143.089536105261,130.0299989257809,138.46472314957188,119.28811788331949,93.72581975643098,Boring
268,0.20796015625000003,0.4336430555555556,0.193321875,0.43417083333333334,0.2987109375,0.40237222222222224,0.0879328125,0.46596944444444444,0.348128125,0.5103555555555556,0.025535156250000003,0.5769402777777778,0.2938578125,0.5367194444444444,0.15188984375,0.5546888888888889,18.740852942168903,136.82708587483694,100.22883826524178,136.8270858748369,112.97303820823798,88.83815915576832,134.9892414415578,127.96436826803028,129.13101585689853,105.28331049751094,Boring
269,0.20796015625000003,0.4336430555555556,0.193321875,0.43417083333333334,0.2987109375,0.40237222222222224,0.0879328125,0.46596944444444444,0.348128125,0.5103555555555556,0.025535156250000003,0.5769402777777778,0.2938578125,0.5367194444444444,0.15188984375,0.5546888888888889,18.740852942168903,136.82708587483694,100.22883826524178,136.8270858748369,112.97303820823798,88.83815915576832,134.9892414415578,127.96436826803028,129.13101585689853,105.28331049751094,Boring
270,0.20058671874999998,0.42439027777777777,0.18570781249999999,0.42554166666666665,0.28933046875,0.4001888888888889,0.0820859375,0.45089305555555553,0.3534046875,0.5101819444444444,0.02564140625,0.5715125,0.28893359375,0.5225541666666667,0.15304062499999999,0.5597722222222222,19.06303401874947,133.88719985495254,114.01012345401612,133.8860728567389,112.9696672430259,87.50757487351781,129.7577770536549,130.7991152205896,136.00215632383762,96.16097507470113,Boring
271,0.20285546875,0.43738194444444445,0.18560390625,0.43714027777777775,0.283528125,0.3990777777777778,0.0876796875,0.47520138888888885,0.3382703125,0.5122361111111111,0.02646484375,0.5742930555555555,0.2816796875,0.5250583333333333,0.1537703125,0.57495,22.082685525089527,128.30394255049217,107.46077226597619,128.30372895983967,105.97055129138472,90.45146541564375,137.68063047934575,130.3300746423988,130.69648506498226,97.26321421737961,Boring
272,0.20285546875,0.43738194444444445,0.18560390625,0.43714027777777775,0.283528125,0.3990777777777778,0.0876796875,0.47520138888888885,0.3382703125,0.5122361111111111,0.02646484375,0.5742930555555555,0.2816796875,0.5250583333333333,0.1537703125,0.57495,22.082685525089527,128.30394255049217,107.46077226597619,128.30372895983967,105.97055129138472,90.45146541564375,137.68063047934575,130.3300746423988,130.69648506498226,97.26321421737961,Boring
273,0.20224375,0.4426694444444444,0.1936,0.4016486111111111,0.2969546875,0.36354305555555555,0.09024453125000001,0.43975555555555557,0.35303203125,0.4805027777777778,0.026476562500000002,0.565925,0.2887515625,0.49389861111111116,0.1570703125,0.5673097222222222,31.539313895517743,135.10898020487016,110.65133240047317,135.11016243791582,122.12527622486672,159.46372866149935,131.94020493388717,137.03480846504755,130.44330566172457,96.6858765788549,Boring
274,0.20487734375,0.4375625,0.20496328125000002,0.39984305555555555,0.29516484374999996,0.34431944444444446,0.11476171875,0.4553680555555556,0.34810625,0.4225208333333333,0.03427578125,0.5493291666666666,0.30877578125,0.4610319444444444,0.17768515625,0.5654277777777778,27.158222769540735,122.1831015034403,88.10418974146464,122.18342869636618,123.24903889280436,179.76793205385752,146.7080838325592,134.53421423800023,140.27727735731497,118.84516593062261,Boring
275,0.21288203125,0.43502222222222225,0.2066609375,0.3922805555555556,0.29187734375,0.3424027777777778,0.12144453125000002,0.4421569444444445,0.33795625,0.4615805555555556,0.035546875,0.5597541666666667,0.30937890625,0.5259055555555555,0.1805390625,0.5603083333333334,31.787551730197773,114.83668261056656,104.12382640395043,114.83636989212086,138.7724450350285,165.49249200648785,142.4006963244324,138.35739030550837,124.50308168270294,141.69816630767838,Boring
276,0.21288203125,0.43502222222222225,0.2066609375,0.3922805555555556,0.29187734375,0.3424027777777778,0.12144453125000002,0.4421569444444445,0.33795625,0.4615805555555556,0.035546875,0.5597541666666667,0.30937890625,0.5259055555555555,0.1805390625,0.5603083333333334,31.787551730197773,114.83668261056656,104.12382640395043,114.83636989212086,138.7724450350285,165.49249200648785,142.4006963244324,138.35739030550837,124.50308168270294,141.69816630767838,Boring
277,0.20684609375,0.4396777777777778,0.2040703125,0.41031111111111107,0.29396171875,0.3585625,0.1141796875,0.4620597222222222,0.3346203125,0.47086666666666666,0.028833593749999997,0.5638194444444444,0.30086484375,0.5028347222222223,0.17341015625,0.5779375,21.44044180981353,120.94323793416483,96.15951190599918,120.94228657090949,131.53739520759868,170.4612348457333,146.1510675467977,137.73844774260812,122.76640861005961,118.04488002174189,Boring
278,0.1989625,0.4400986111111111,0.19430078125,0.4268222222222222,0.2920296875,0.3917888888888889,0.096571875,0.4618541666666667,0.33357109375,0.5307083333333333,0.0266609375,0.5825388888888889,0.2582265625,0.5119847222222222,0.16107421875,0.572775,11.268521198453648,127.61077080325154,113.27739586078062,127.6105731434508,124.73226384941465,148.0264157387797,135.84226157551257,134.04766257779184,117.99569447426484,82.04247477308287,Boring
279,0.20017734375,0.43147499999999994,0.1964765625,0.419975,0.29326015625,0.37551527777777777,0.09969375,0.4644347222222222,0.33507578125,0.49446527777777777,0.03968828125,0.5878652777777778,0.28789921875,0.49947083333333336,0.15798671875,0.5658638888888889,9.539264594296524,127.95195117699456,100.99363005655357,127.95098297785758,117.46144962922943,150.22606405062285,130.83562292472033,134.38454924486567,122.00369940353646,93.4155157333726,Boring
280,0.20017734375,0.43147499999999994,0.1964765625,0.419975,0.29326015625,0.37551527777777777,0.09969375,0.4644347222222222,0.33507578125,0.49446527777777777,0.03968828125,0.5878652777777778,0.28789921875,0.49947083333333336,0.15798671875,0.5658638888888889,9.539264594296524,127.95195117699456,100.99363005655357,127.95098297785758,117.46144962922943,150.22606405062285,130.83562292472033,134.38454924486567,122.00369940353646,93.4155157333726,Boring
281,0.194646875,0.43311111111111106,0.1896421875,0.42572916666666666,0.28751953124999996,0.3828361111111111,0.09176562499999999,0.4686222222222222,0.3433609375,0.49297916666666663,0.019425,0.5800944444444445,0.28860312499999996,0.5017847222222223,0.1388765625,0.5788819444444445,8.323824902050742,129.03328941788627,106.7610759499922,129.03231848261893,122.53851156269198,129.68218586926986,139.08203626488037,142.77986328359125,132.02881837940154,95.16863095644722,Boring
282,0.19380703125,0.44550555555555554,0.17909921875,0.44224722222222224,0.27668203125,0.40481249999999996,0.0815171875,0.4796819444444444,0.32471328125,0.5239458333333333,0.026035156250000004,0.5962180555555555,0.26572265625,0.523025,0.1538078125,0.5778652777777777,18.971610158339217,127.78095728628739,105.53346661604553,127.77997978556735,109.92557084227491,97.10328984908828,130.2441631687052,127.37887040594774,125.63108458811729,89.49692581417054,Boring
283,0.19380703125,0.44550555555555554,0.17909921875,0.44224722222222224,0.27668203125,0.40481249999999996,0.0815171875,0.4796819444444444,0.32471328125,0.5239458333333333,0.026035156250000004,0.5962180555555555,0.26572265625,0.523025,0.1538078125,0.5778652777777777,18.971610158339217,127.78095728628739,105.53346661604553,127.77997978556735,109.92557084227491,97.10328984908828,130.2441631687052,127.37887040594774,125.63108458811729,89.49692581417054,Boring
284,0.20110859374999998,0.4489694444444444,0.20051718749999997,0.42144166666666666,0.29253828125000003,0.37745,0.108496875,0.4654347222222222,0.329384375,0.46757777777777776,0.03860703125,0.5724861111111111,0.2775109375,0.4945041666666667,0.154140625,0.5689180555555555,19.834451063742595,121.97138863274455,80.22044772375682,121.97068262906457,118.08376946049783,177.81272284146502,139.25213415802293,141.89892120299953,126.0093620538376,106.27683752458874,Boring
285,0.204009375,0.4415555555555556,0.20900546874999998,0.41122083333333337,0.3077140625,0.37070277777777777,0.11029609375,0.45174027777777775,0.34065390624999997,0.4605319444444445,0.053040624999999994,0.5574583333333334,0.2876171875,0.4882125,0.1733125,0.5702277777777778,22.75797236135065,129.6712317285527,77.20643041871577,129.67243107152728,105.66353229946462,163.6800774875474,133.91483716910477,136.6048230922714,123.10036936101523,106.36097765483593,Boring
286,0.19699296875,0.4490694444444444,0.1959828125,0.41274583333333337,0.29146953125,0.3669291666666667,0.10049609374999999,0.4585638888888889,0.34138828125,0.45245416666666666,0.0439421875,0.5778569444444445,0.29374609375,0.47694583333333335,0.152940625,0.5687722222222222,26.184943345365447,126.59648444170953,88.73865504953291,126.59674502134722,112.32733951269388,177.16961072812143,130.12421476490607,139.76924188475454,136.0583587919239,106.1281399333282,Boring
287,0.19699296875,0.4490694444444444,0.1959828125,0.41274583333333337,0.29146953125,0.3669291666666667,0.10049609374999999,0.4585638888888889,0.34138828125,0.45245416666666666,0.0439421875,0.5778569444444445,0.29374609375,0.47694583333333335,0.152940625,0.5687722222222222,26.184943345365447,126.59648444170953,88.73865504953291,126.59674502134722,112.32733951269388,177.16961072812143,130.12421476490607,139.76924188475454,136.0583587919239,106.1281399333282,Boring
288,0.20749218749999998,0.44585972222222225,0.21430937499999997,0.40345138888888893,0.3135421875,0.3496625,0.11507656250000001,0.45723888888888886,0.34595859375,0.4290083333333334,0.06290390625,0.5513111111111111,0.31127109375,0.5117999999999999,0.1812484375,0.5754555555555555,31.756388837523694,132.79092705452436,70.60730620835214,132.79063541153795,95.11743155174032,164.05113448139386,134.59492853111954,135.14035777900165,125.99104011836351,143.31973089651902,Boring
289,0.20602734374999998,0.4324194444444444,0.20781796875,0.4149611111111111,0.30523125,0.3693736111111111,0.11040468750000001,0.46055,0.337471875,0.47507916666666666,0.06865625,0.6125944444444444,0.28210078125,0.5002763888888889,0.175565625,0.5710777777777778,12.777251817194493,128.9367909093444,86.57641415535757,128.93704547956727,121.81846587443135,169.66627582549492,116.01899695810023,133.65526241526246,118.46785378869316,104.35781916418291,Boring
290,0.20602734374999998,0.4324194444444444,0.20781796875,0.4149611111111111,0.30523125,0.3693736111111111,0.11040468750000001,0.46055,0.337471875,0.47507916666666666,0.06865625,0.6125944444444444,0.28210078125,0.5002763888888889,0.175565625,0.5710777777777778,12.777251817194493,128.9367909093444,86.57641415535757,128.93704547956727,121.81846587443135,169.66627582549492,116.01899695810023,133.65526241526246,118.46785378869316,104.35781916418291,Boring
291,0.20229375,0.43041388888888893,0.20720156250000002,0.41420555555555555,0.303521875,0.36824305555555553,0.11088125,0.46016666666666667,0.3368171875,0.4527055555555555,0.0728859375,0.6061388888888889,0.28441484375,0.4713513888888889,0.1740171875,0.5721180555555556,13.253392924078002,127.65410588382964,74.2597797801744,127.6538466478782,115.80706349787134,151.7062713731639,114.83187985611836,134.92581535490478,125.02292918196657,101.31814574510977,Boring
292,0.20907109375,0.4503430555555556,0.21589687500000002,0.3901027777777778,0.31841484375,0.33006944444444447,0.113378125,0.4501361111111111,0.3652828125,0.4763777777777778,0.037994531250000005,0.5647291666666667,0.31117734375,0.4897763888888889,0.16778359375000002,0.5596652777777777,44.24423463006225,138.15856797535216,121.2264700673908,138.15951777564948,126.95636309378116,168.61082943495487,139.46708946609263,138.55356232437967,119.66099166602424,97.9300907979978,Boring
295,0.20189062500000002,0.43459027777777776,0.1955984375,0.3931736111111111,0.28691484375,0.3526638888888889,0.10428124999999999,0.43368333333333337,0.33713906250000003,0.4548013888888889,0.03157265625,0.5498444444444444,0.28869609375,0.4867944444444445,0.1499828125,0.5563097222222222,30.88849811823164,120.46915420139709,97.67703358517807,120.47012445000631,125.12572471318595,164.88576880696235,138.05509408303033,146.47317599321852,131.15960374400564,110.37954394544236,Boring
296,0.20532499999999998,0.44663611111111107,0.1919984375,0.4202402777777777,0.284553125,0.38631805555555554,0.09944375,0.45416111111111107,0.3339875,0.45269722222222225,0.0263625,0.5394402777777778,0.2949421875,0.4856402777777778,0.14750546874999998,0.5667,25.537529030820476,120.96145119830531,79.29705558846433,120.9612492867034,111.89532044281387,138.09033317497716,146.71965378230763,142.79309145845858,142.93588158626304,115.38849307250959,Boring
297,0.21119218750000002,0.4464680555555555,0.21497656250000002,0.39372500000000005,0.3063234375,0.33016388888888887,0.1236296875,0.4572847222222222,0.3842,0.3717402777777778,0.09325390624999999,0.572286111111111,0.44052265625000003,0.43422361111111113,0.19057109375,0.5643333333333334,38.28269793261699,125.56100299057825,104.0798027909354,125.5606385178094,91.47533963861517,172.73074392301606,115.15341787295027,131.97187720749164,163.2847263938517,121.96528894767643,Boring
298,0.21119218750000002,0.4464680555555555,0.21497656250000002,0.39372500000000005,0.3063234375,0.33016388888888887,0.1236296875,0.4572847222222222,0.3842,0.3717402777777778,0.09325390624999999,0.572286111111111,0.44052265625000003,0.43422361111111113,0.19057109375,0.5643333333333334,38.28269793261699,125.56100299057825,104.0798027909354,125.5606385178094,91.47533963861517,172.73074392301606,115.15341787295027,131.97187720749164,163.2847263938517,121.96528894767643,Boring
299,0.21070234375000002,0.44240277777777776,0.19259453124999998,0.41874861111111117,0.28514140625,0.3697972222222222,0.10004765625,0.46770000000000006,0.3452921875,0.47120138888888885,0.05675,0.6523875,0.31695390625000003,0.48714999999999997,0.15784765625,0.5328222222222222,28.762382463905862,123.59199660576732,106.1062117408778,123.59199660576729,144.06192372032243,126.30813372671878,112.62528000884154,122.36483269482308,136.52061428182432,107.56630578437424,Boring
300,0.20106640625,0.46199722222222217,0.193934375,0.42136111111111113,0.28769374999999997,0.37275555555555556,0.10017421875000002,0.46996666666666664,0.3483171875,0.4711930555555556,0.029946093750000003,0.5811499999999999,0.3127109375,0.4756736111111111,0.15718515625,0.5658847222222222,30.649130574944525,125.01040020734276,105.09384010968483,125.01136022378124,120.36982332794214,162.6711788005381,138.31380739995248,133.42192635241432,137.59263692712602,94.04880682205938,Boring
301,0.20106640625,0.46199722222222217,0.193934375,0.42136111111111113,0.28769374999999997,0.37275555555555556,0.10017421875000002,0.46996666666666664,0.3483171875,0.4711930555555556,0.029946093750000003,0.5811499999999999,0.3127109375,0.4756736111111111,0.15718515625,0.5658847222222222,30.649130574944525,125.01040020734276,105.09384010968483,125.01136022378124,120.36982332794214,162.6711788005381,138.31380739995248,133.42192635241432,137.59263692712602,94.04880682205938,Boring
302,0.2141734375,0.46686944444444445,0.1930734375,0.4544138888888889,0.275425,0.41028611111111113,0.110721875,0.49854305555555556,0.30013046875,0.49063055555555557,0.06816093749999999,0.639725,0.26243828125,0.5080513888888889,0.16161796875,0.5919444444444444,28.457988122845244,110.09417824753496,65.92727230061928,110.09446684098162,115.32900019075856,108.36873451035393,118.18827130953976,135.9095864737807,118.66351990424808,104.57314830908956,Boring
303,0.20205156249999998,0.46899722222222223,0.20705234374999998,0.43041111111111113,0.291446875,0.3816805555555556,0.1226578125,0.4791430555555556,0.3193171875,0.4821888888888889,0.07802265625,0.6210472222222222,0.28120546874999997,0.5249833333333334,0.17881640625,0.5944138888888889,28.509863644009226,113.58005115776277,80.68130038614893,113.58036007162504,117.06021070372289,167.0254172759615,119.2134834293321,139.10375664139715,116.24174438860159,122.27705834762511,Boring
304,0.20718359375,0.47115,0.2108453125,0.4319541666666667,0.30313124999999996,0.3935208333333333,0.11856015625,0.47038749999999996,0.32533203125,0.5013527777777778,0.047878125,0.5677430555555555,0.26716796875000004,0.5416138888888888,0.16577031250000002,0.5847180555555556,28.607565607719934,121.32391132831151,82.67611632146253,121.32293768698482,114.45004563127095,170.5702746758842,142.23245714310139,143.71789879746058,110.10335858150835,111.27404740311299,Boring
305,0.20718359375,0.47115,0.2108453125,0.4319541666666667,0.30313124999999996,0.3935208333333333,0.11856015625,0.47038749999999996,0.32533203125,0.5013527777777778,0.047878125,0.5677430555555555,0.26716796875000004,0.5416138888888888,0.16577031250000002,0.5847180555555556,28.607565607719934,121.32391132831151,82.67611632146253,121.32293768698482,114.45004563127095,170.5702746758842,142.23245714310139,143.71789879746058,110.10335858150835,111.27404740311299,Boring
306,0.2042109375,0.46416111111111114,0.20926406250000001,0.43594166666666667,0.2986734375,0.3986263888888889,0.11985546875,0.47325694444444444,0.32853671875,0.48637361111111116,0.0411375,0.5750888888888889,0.31646484375,0.5312625,0.1607953125,0.5915527777777778,21.32266746915127,117.55536918831059,73.8417924281365,117.55439565579844,124.61160396207087,162.34172844579354,143.95785392015352,148.397940292207,121.17547176744395,154.44781368254237,Boring
307,0.20003359375000002,0.46551944444444443,0.1678140625,0.45879583333333335,0.25318828125000004,0.4192416666666666,0.08243984374999999,0.49835138888888886,0.28662031250000003,0.4980597222222222,0.059804687499999995,0.6596375,0.26114921875,0.5188722222222223,0.16610156250000002,0.5967263888888888,41.52415395887074,112.9289745016752,71.07524076638786,112.92922669087926,119.68576609187915,96.69492398820175,104.00907460007411,123.48163959315451,127.01903159269305,114.68447094249655,Boring
308,0.20003359375000002,0.46551944444444443,0.1678140625,0.45879583333333335,0.25318828125000004,0.4192416666666666,0.08243984374999999,0.49835138888888886,0.28662031250000003,0.4980597222222222,0.059804687499999995,0.6596375,0.26114921875,0.5188722222222223,0.16610156250000002,0.5967263888888888,41.52415395887074,112.9289745016752,71.07524076638786,112.92922669087926,119.68576609187915,96.69492398820175,104.00907460007411,123.48163959315451,127.01903159269305,114.68447094249655,Boring
309,0.20621796875,0.47328611111111113,0.21299843749999997,0.41837500000000005,0.31145625,0.35362638888888887,0.114540625,0.48312222222222223,0.34450625,0.3971388888888889,0.0485453125,0.5599833333333333,0.31274453125,0.4968458333333333,0.16180703125,0.5966305555555556,40.477405265159966,134.37218401514505,52.641567767307265,134.37183707905461,100.98699062750606,167.61873724854064,146.77067816127595,143.48779696021242,143.47752599048528,150.4765849373922,Boring
310,0.20959921874999998,0.4541208333333333,0.21475703125,0.42210138888888893,0.29950546875,0.37040555555555554,0.130009375,0.47379722222222226,0.33862421875000004,0.4336527777777778,0.08709687499999999,0.5789861111111111,0.32635703125000004,0.4877680555555555,0.1666609375,0.5608166666666666,23.980686395514187,114.68600317824317,67.68245435857067,114.68505730913684,93.55761262452137,164.01981613764875,125.95173068113212,143.1749015021436,137.7150360188551,158.05067782327768,Boring
311,0.21337265625000001,0.4558208333333333,0.20993984375000002,0.43669583333333334,0.29921328125,0.3877513888888889,0.12066718750000001,0.4856388888888889,0.32404140625,0.49346388888888887,0.07880078125,0.61015,0.2653625,0.5401236111111112,0.1682390625,0.6025847222222223,14.454069876681777,119.58047708551759,82.48125343979686,119.57922679964109,104.44397936214416,162.30214333031074,120.86977003866055,144.1265125721717,112.66234560225584,114.09816973335006,Boring
312,0.21337265625000001,0.4558208333333333,0.20993984375000002,0.43669583333333334,0.29921328125,0.3877513888888889,0.12066718750000001,0.4856388888888889,0.32404140625,0.49346388888888887,0.07880078125,0.61015,0.2653625,0.5401236111111112,0.1682390625,0.6025847222222223,14.454069876681777,119.58047708551759,82.48125343979686,119.57922679964109,104.44397936214416,162.30214333031074,120.86977003866055,144.1265125721717,112.66234560225584,114.09816973335006,Boring
313,0.2058625,0.4647888888888889,0.2053390625,0.44513888888888886,0.2981125,0.37812083333333335,0.11256640625,0.5121583333333334,0.32225703125,0.47428888888888887,0.07696640625,0.6288888888888889,0.26447734375,0.5352805555555555,0.17166874999999998,0.5977638888888889,14.163855548543296,128.1792280714781,75.82502954829623,128.1786780903907,95.60425063772009,177.28869706813924,118.4656318645836,129.17112915113194,114.05309858344378,120.70054591468302,Boring
314,0.20775390625,0.4557583333333334,0.196121875,0.4296430555555556,0.28440468750000003,0.3651958333333333,0.10783984375,0.4940888888888889,0.32513828125,0.4256930555555556,0.07260859374999999,0.6256291666666667,0.29069140625,0.48244305555555556,0.1831515625,0.588975,23.984059914868464,122.15808449709748,67.93949282265805,122.15677959900549,104.89730166691605,141.6263492723412,115.46160729544319,125.32521181885895,140.12391923396413,132.82123208027593,Boring
315,0.20405703125,0.4635152777777778,0.21801796874999999,0.41570277777777775,0.3013859375,0.3644152777777778,0.13464921875,0.46698888888888895,0.34426640625,0.4409305555555556,0.09607656249999999,0.5692333333333334,0.33599921875,0.48003055555555557,0.16805078125,0.5775555555555555,38.78682153773368,112.91962119135894,77.7663233668662,112.92023919563756,88.63976864252297,152.5661967932356,123.84908561123599,151.76168551294282,134.89372123865425,159.39936004038233,Boring
316,0.20405703125,0.4635152777777778,0.21801796874999999,0.41570277777777775,0.3013859375,0.3644152777777778,0.13464921875,0.46698888888888895,0.34426640625,0.4409305555555556,0.09607656249999999,0.5692333333333334,0.33599921875,0.48003055555555557,0.16805078125,0.5775555555555555,38.78682153773368,112.91962119135894,77.7663233668662,112.92023919563756,88.63976864252297,152.5661967932356,123.84908561123599,151.76168551294282,134.89372123865425,159.39936004038233,Boring
317,0.21071875,0.45638055555555557,0.2098609375,0.39868472222222223,0.3048953125,0.34750694444444447,0.1148265625,0.4498611111111111,0.34168203125,0.4341166666666667,0.036384375000000004,0.5513069444444444,0.28919921875,0.5024819444444444,0.1734015625,0.5738875,41.555508479622766,127.10246984224972,78.13981347559002,127.10217993803252,124.16260514744364,178.48592663936506,143.9657394260592,139.98296987781936,127.05628934802357,126.23116535377459,Boring
318,0.21315546875,0.45132222222222224,0.1784015625,0.4326111111111111,0.263740625,0.38989444444444443,0.09306171875,0.47532777777777774,0.29858359375,0.4419138888888889,0.03534453125,0.5767333333333333,0.27758203125,0.5022722222222222,0.16311796875,0.5759402777777778,46.48021093971065,113.48126846312569,58.23978809199085,113.482231036405,103.86872016155777,106.84860354807572,135.33778725712483,128.93280809097854,139.97664089710506,148.26013174433885,Boring
319,0.21315546875,0.45132222222222224,0.1784015625,0.4326111111111111,0.263740625,0.38989444444444443,0.09306171875,0.47532777777777774,0.29858359375,0.4419138888888889,0.03534453125,0.5767333333333333,0.27758203125,0.5022722222222222,0.16311796875,0.5759402777777778,46.48021093971065,113.48126846312569,58.23978809199085,113.482231036405,103.86872016155777,106.84860354807572,135.33778725712483,128.93280809097854,139.97664089710506,148.26013174433885,Boring
320,0.215653125,0.45855416666666665,0.1850203125,0.42370972222222225,0.2850734375,0.36720416666666666,0.08496796875,0.4802152777777778,0.3074875,0.44512083333333335,0.049625,0.5842402777777778,0.25334218750000004,0.5037430555555555,0.18352578125000002,0.5823999999999999,46.549241067927184,134.3748506231728,63.01052372421612,134.37389755826834,87.50015728557294,122.6126080539301,121.13231697310388,120.2507326037627,117.08557484880752,121.34180432996872,Boring
321,0.20995468750000001,0.4585055555555556,0.20837578125,0.4122527777777778,0.30062890625,0.3611638888888889,0.11612265625,0.4633402777777778,0.346840625,0.4557972222222222,0.04706015625,0.5710555555555555,0.27726640625,0.506311111111111,0.18423125,0.5778986111111111,33.363267900492026,123.68061170611989,90.22945914167943,123.68031429859806,117.59820587491971,176.5271476337566,138.73890792604536,133.41419328067184,130.9622735708267,112.21507027255592,Boring
322,0.21708515625000002,0.4438986111111112,0.21481875,0.38779722222222224,0.30027734375000004,0.3294361111111111,0.12936015625,0.4461583333333333,0.35366484374999996,0.42418472222222225,0.07760859375,0.5858708333333333,0.354771875,0.4994972222222222,0.1886671875,0.5720138888888889,40.49704001529004,117.18018675953714,96.5590019469961,117.18018675953715,120.44481812431783,175.89210612677547,123.3655035866632,140.04561403272626,135.0490908759302,178.50309549618265,Boring
323,0.21708515625000002,0.4438986111111112,0.21481875,0.38779722222222224,0.30027734375000004,0.3294361111111111,0.12936015625,0.4461583333333333,0.35366484374999996,0.42418472222222225,0.07760859375,0.5858708333333333,0.354771875,0.4994972222222222,0.1886671875,0.5720138888888889,40.49704001529004,117.18018675953714,96.5590019469961,117.18018675953715,120.44481812431783,175.89210612677547,123.3655035866632,140.04561403272626,135.0490908759302,178.50309549618265,Boring
324,0.2182109375,0.4484902777777778,0.203328125,0.40650972222222226,0.28810703125,0.35994583333333335,0.11854843749999999,0.4530722222222222,0.33211640625,0.44197222222222227,0.0367375,0.5566361111111111,0.30070078125,0.4878416666666666,0.17978359375,0.5689027777777778,35.728330159692604,113.57786740822351,81.61654063362403,113.57852767578913,128.55328809485974,147.77873318840602,144.5466708589003,136.7762554485794,133.64619846834708,129.39616338294744,Boring
325,0.21033828125,0.44645,0.19856093749999998,0.41954722222222224,0.28772031249999996,0.37161527777777775,0.10940078125,0.46748055555555557,0.3316875,0.45193194444444446,0.036396875,0.5584444444444444,0.2892828125,0.4664180555555556,0.17114453125,0.5682138888888889,24.544908331464608,119.22791827839652,80.69257009167576,119.22916492620419,114.11148960994241,142.10761397585554,144.97404431354772,132.5427339290878,134.22174998247127,100.87730490452724,Boring
326,0.215746875,0.4570625,0.2103578125,0.4171194444444445,0.30033828125,0.37160000000000004,0.120378125,0.4626402777777778,0.32565234374999996,0.4614027777777778,0.05529453125,0.5714791666666666,0.27296171875,0.5180430555555555,0.17893046875000002,0.5875930555555555,29.574693320472452,119.74729934741745,72.3225177105996,119.74661122971285,114.37208026874389,166.51210345117585,136.75124072199847,140.20370117438722,116.61677814337862,121.15986872825385,Boring
327,0.215746875,0.4570625,0.2103578125,0.4171194444444445,0.30033828125,0.37160000000000004,0.120378125,0.4626402777777778,0.32565234374999996,0.4614027777777778,0.05529453125,0.5714791666666666,0.27296171875,0.5180430555555555,0.17893046875000002,0.5875930555555555,29.574693320472452,119.74729934741745,72.3225177105996,119.74661122971285,114.37208026874389,166.51210345117585,136.75124072199847,140.20370117438722,116.61677814337862,121.15986872825385,Boring
328,0.21244375,0.44567500000000004,0.19620703125,0.39724583333333335,0.288553125,0.34363472222222224,0.1038609375,0.45085694444444446,0.34670234375,0.42761805555555554,0.02977265625,0.5648,0.30496015625,0.4822152777777778,0.16896953125,0.5798930555555556,40.59285959377586,124.34592558262615,95.89761615911,124.34592558262615,125.39416019097538,149.20375327577256,139.13727270246594,138.10710252655807,140.9094739824068,126.34299518470249,Boring
329,0.21387109375,0.4636986111111111,0.1992078125,0.4173041666666667,0.29298046875,0.3734958333333333,0.105434375,0.4611125,0.34142421875,0.48286666666666667,0.028681250000000002,0.5662472222222222,0.28451484374999997,0.5028138888888889,0.166309375,0.5771486111111112,38.31582671690642,124.10422476692725,100.23014553017474,124.10519193007195,124.02386602988958,150.669290248853,142.3857491927143,136.995563785513,128.21806865104614,101.15344408127174,Boring
330,0.21387109375,0.4636986111111111,0.1992078125,0.4173041666666667,0.29298046875,0.3734958333333333,0.105434375,0.4611125,0.34142421875,0.48286666666666667,0.028681250000000002,0.5662472222222222,0.28451484374999997,0.5028138888888889,0.166309375,0.5771486111111112,38.31582671690642,124.10422476692725,100.23014553017474,124.10519193007195,124.02386602988958,150.669290248853,142.3857491927143,136.995563785513,128.21806865104614,101.15344408127174,Boring
331,0.21615703125,0.4573541666666667,0.171884375,0.3983069444444445,0.26789843750000003,0.3312986111111111,0.07586953125,0.4653138888888889,0.33408515625,0.3998708333333333,0.03395546875,0.5713833333333334,0.3099296875,0.4731236111111111,0.17052109375,0.5828152777777778,70.84360067783115,132.02876550206778,98.0556135313017,132.02933093066858,93.331127712034,126.87782353661818,125.08807886552133,124.92633048702095,149.76749510105338,149.61984245656555,Boring
332,0.21407812499999998,0.43812638888888894,0.19147734375,0.3822527777777778,0.2713,0.336525,0.1116546875,0.42797916666666663,0.32851718750000003,0.3814583333333333,0.0338140625,0.5526180555555555,0.3193703125,0.4643569444444444,0.1678859375,0.5784611111111111,49.55057499161843,107.34668930619145,80.0653267525962,107.34638260323447,134.0917599854667,144.2797819841988,137.99131770610015,146.40351282187402,156.16713564815916,168.90196319825395,Boring
333,0.21456953125,0.45081249999999995,0.2094953125,0.38085833333333335,0.3025546875,0.32766805555555556,0.1164359375,0.43405000000000005,0.35735234375,0.4257263888888889,0.03383671875,0.5602236111111111,0.30723671874999997,0.4891041666666666,0.17336875000000002,0.5877444444444444,50.78404979912489,125.12106803012831,99.52086356638998,125.12137411329847,139.3951668961302,172.65206033506345,139.32946855062156,146.6335106810176,134.8123298501839,125.4263346196531,Boring
334,0.21456953125,0.45081249999999995,0.2094953125,0.38085833333333335,0.3025546875,0.32766805555555556,0.1164359375,0.43405000000000005,0.35735234375,0.4257263888888889,0.03383671875,0.5602236111111111,0.30723671874999997,0.4891041666666666,0.17336875000000002,0.5877444444444444,50.78404979912489,125.12106803012831,99.52086356638998,125.12137411329847,139.3951668961302,172.65206033506345,139.32946855062156,146.6335106810176,134.8123298501839,125.4263346196531,Boring
335,0.21552656250000002,0.451575,0.194753125,0.3892152777777778,0.2810875,0.3412277777777778,0.10841796875000001,0.4372041666666666,0.327734375,0.4209847222222222,0.040471875000000004,0.5561027777777778,0.2894421875,0.49007083333333334,0.17157578125,0.5785583333333334,52.18187713181658,115.78337387120828,82.8412692382245,115.7846267213398,122.03488554507685,149.36521534071213,135.45283765018917,141.53915303152758,136.11659143520475,135.42235987637102,Boring
336,0.21316875,0.4574972222222223,0.173990625,0.3974541666666666,0.2694328125,0.3341166666666667,0.07854765625,0.4607902777777778,0.331265625,0.4251819444444444,0.03810625,0.5856555555555556,0.29376718749999997,0.4823430555555555,0.178378125,0.5749194444444444,66.20982755603585,130.40001980444634,102.77704415383812,130.4006069502746,103.74085325463639,130.76358259965315,119.93278819551885,122.74372370367125,140.36059605972667,130.6115168720025,Boring
337,0.2130765625,0.4500138888888889,0.20883359375000002,0.41128472222222223,0.2902015625,0.3756041666666667,0.12746484375,0.4469666666666666,0.318971875,0.4903263888888889,0.07238359375,0.5910791666666667,0.281153125,0.5429555555555555,0.17608984375,0.587726388888889,28.408959607842018,107.27258224262154,90.4373500054043,107.27379262895482,125.44783432566705,168.9788064458281,124.19550369457822,148.44476180815883,114.02900243966128,128.05326527664164,Boring
338,0.2130765625,0.4500138888888889,0.20883359375000002,0.41128472222222223,0.2902015625,0.3756041666666667,0.12746484375,0.4469666666666666,0.318971875,0.4903263888888889,0.07238359375,0.5910791666666667,0.281153125,0.5429555555555555,0.17608984375,0.587726388888889,28.408959607842018,107.27258224262154,90.4373500054043,107.27379262895482,125.44783432566705,168.9788064458281,124.19550369457822,148.44476180815883,114.02900243966128,128.05326527664164,Boring
339,0.2120171875,0.4643652777777778,0.1720390625,0.4108625,0.265884375,0.34498055555555557,0.07819453125,0.4767444444444444,0.33276249999999996,0.32876805555555555,0.0208859375,0.5665611111111111,0.3600265625,0.4384152777777778,0.15491875,0.5889013888888889,64.05090216382591,129.1486512085976,86.39620214453872,129.14772110261953,97.79011324771027,126.97223251451624,138.6013764270948,129.4295503448808,172.23501318890547,156.15222293950634,Boring
340,0.21585937500000002,0.4565180555555555,0.20636875,0.42065277777777776,0.2913234375,0.37673472222222226,0.12141484375,0.4645694444444445,0.3189484375,0.4772791666666667,0.07889609375,0.5956541666666666,0.267725,0.5251597222222222,0.18158984375,0.5823180555555556,28.537715973777573,113.246237045652,80.56631593910696,113.24499759812791,108.94835903766516,154.80614284957966,119.9695328970656,137.74400973702149,116.03327774796178,117.7349809788988,Boring
341,0.21585937500000002,0.4565180555555555,0.20636875,0.42065277777777776,0.2913234375,0.37673472222222226,0.12141484375,0.4645694444444445,0.3189484375,0.4772791666666667,0.07889609375,0.5956541666666666,0.267725,0.5251597222222222,0.18158984375,0.5823180555555556,28.537715973777573,113.246237045652,80.56631593910696,113.24499759812791,108.94835903766516,154.80614284957966,119.9695328970656,137.74400973702149,116.03327774796178,117.7349809788988,Boring
342,0.21220859375,0.4436819444444445,0.221246875,0.40670138888888885,0.30613359375,0.3643208333333333,0.13636015625,0.4490833333333333,0.33120546875,0.4868430555555555,0.09531640625,0.5763597222222222,0.28888671875,0.5425972222222223,0.17847890625,0.5694319444444444,29.030770520260088,112.85837683131896,93.87203587863641,112.8586472096844,105.63019273389594,156.51504829608044,119.82534670245491,148.11119968329115,109.99082422076036,126.54152652252182,Boring
343,0.21429375,0.46019027777777777,0.20325312499999998,0.42587083333333337,0.29521406250000004,0.36543888888888887,0.1112921875,0.4863041666666667,0.32948046875000003,0.44080833333333336,0.064596875,0.6186402777777777,0.31401015625,0.4958930555555556,0.1770515625,0.5844472222222222,28.46572542550074,125.49442705156278,69.77525404468264,125.4947737716595,112.4771640111894,150.23414751697254,122.09987661707459,130.01370073533806,128.94719911628238,153.46789603118916,Boring
344,0.21518281250000001,0.46726527777777777,0.19319843750000001,0.38898750000000004,0.28543359375,0.3220388888888889,0.1009625,0.45593472222222226,0.35844609374999997,0.3690597222222222,0.03025390625,0.5862833333333334,0.34300703125,0.4554708333333334,0.17945546875,0.5908208333333334,62.994517221739194,127.52226836909703,99.39911951823312,127.5228161859673,130.38223517795666,153.46748937288805,133.960847490143,134.02780867745307,160.08677499355457,162.37831293598316,Boring
345,0.21518281250000001,0.46726527777777777,0.19319843750000001,0.38898750000000004,0.28543359375,0.3220388888888889,0.1009625,0.45593472222222226,0.35844609374999997,0.3690597222222222,0.03025390625,0.5862833333333334,0.34300703125,0.4554708333333334,0.17945546875,0.5908208333333334,62.994517221739194,127.52226836909703,99.39911951823312,127.5228161859673,130.38223517795666,153.46748937288805,133.960847490143,134.02780867745307,160.08677499355457,162.37831293598316,Boring
346,0.21715546875,0.44854166666666667,0.19908203124999999,0.41241666666666665,0.28342734375,0.3569222222222222,0.11473671875,0.4679111111111111,0.32689140625,0.439425,0.061662499999999995,0.6310125,0.317334375,0.5029097222222223,0.18066796875,0.6008069444444445,34.809510999150795,115.11852752706663,81.38635979081512,115.11852752706663,135.66751163782726,138.3492375659133,120.04938491840794,138.58843719891826,133.1239495625716,165.01718123620796,Boring
347,0.20560546875000002,0.4354916666666666,0.15673984375,0.4815361111111111,0.2343265625,0.43228750000000005,0.079153125,0.5307861111111111,0.26749999999999996,0.5047555555555555,0.07710234375,0.6856277777777777,0.251440625,0.5272833333333333,0.18438046875,0.5946458333333333,70.79058841399754,105.4514836405823,67.27154504692155,105.45181990368872,111.51689926195041,62.0752946705017,91.34881183842158,108.84818746081477,129.13893241504377,128.2757005874456,Boring
348,0.21983046874999998,0.46170694444444443,0.2012765625,0.3960222222222223,0.29755703125,0.34221805555555557,0.10499687499999999,0.44982777777777777,0.33695390625,0.39092638888888886,0.024353906249999998,0.5595541666666667,0.316278125,0.4857875,0.16804687499999998,0.5766958333333333,52.92110023421654,129.18421436847458,61.423839704140924,129.18356026987337,129.98639058763038,153.33569143457336,142.57091627735076,138.5391590153437,145.18343453897015,158.81956221195375,Boring
349,0.21983046874999998,0.46170694444444443,0.2012765625,0.3960222222222223,0.29755703125,0.34221805555555557,0.10499687499999999,0.44982777777777777,0.33695390625,0.39092638888888886,0.024353906249999998,0.5595541666666667,0.316278125,0.4857875,0.16804687499999998,0.5766958333333333,52.92110023421654,129.18421436847458,61.423839704140924,129.18356026987337,129.98639058763038,153.33569143457336,142.57091627735076,138.5391590153437,145.18343453897015,158.81956221195375,Boring
350,0.21483828124999998,0.4506486111111111,0.20410546875,0.4383402777777778,0.2835375,0.4080972222222222,0.12467265624999999,0.4685847222222222,0.3094734375,0.4954236111111111,0.0809453125,0.5998875,0.27093124999999996,0.5262527777777778,0.18703671875,0.5783916666666666,16.348323706117377,103.97860142356215,71.10114506110291,103.97978867068349,109.86439953415301,122.82493181854043,120.62755398028003,134.72413770392112,117.83405394055083,114.22455806869613,Boring
351,0.2137515625,0.43546944444444446,0.19504140625,0.42196805555555555,0.26775000000000004,0.3600916666666667,0.12233203125,0.4838444444444444,0.34334921875,0.36235416666666664,0.08854453125,0.5974777777777778,0.3958875,0.44274444444444444,0.17735859375000002,0.5889652777777777,25.846710467678463,103.18070599680934,96.78071052642669,103.18160797836015,92.54321887637151,112.09244074454317,117.86096437097702,137.05887704389482,179.03555954463647,130.7184735047772,Boring
352,0.21692968750000002,0.46152638888888886,0.20384765625,0.4447861111111111,0.30100703125,0.38029861111111113,0.10668828125,0.5092736111111111,0.34026484375,0.42673194444444446,0.07249375,0.61415,0.315475,0.4934680555555556,0.17753359375,0.6040916666666667,20.63176759271973,132.74879380619618,60.355290770569574,132.74879380619623,87.27907241716078,125.74622472746593,120.09818503663219,126.97388169635308,146.36364379588733,146.5602404591577,Boring
353,0.21692968750000002,0.46152638888888886,0.20384765625,0.4447861111111111,0.30100703125,0.38029861111111113,0.10668828125,0.5092736111111111,0.34026484375,0.42673194444444446,0.07249375,0.61415,0.315475,0.4934680555555556,0.17753359375,0.6040916666666667,20.63176759271973,132.74879380619618,60.355290770569574,132.74879380619623,87.27907241716078,125.74622472746593,120.09818503663219,126.97388169635308,146.36364379588733,146.5602404591577,Boring
354,0.2049390625,0.47681250000000003,0.22684218750000001,0.4139083333333333,0.31232890625,0.3655083333333333,0.14135625000000002,0.4623083333333334,0.35952578125,0.4545583333333333,0.07917109375,0.5524249999999999,0.34652812499999996,0.5119958333333333,0.153521875,0.6035222222222222,53.26623674524041,114.83804262090155,88.09353665281009,114.83708977503741,102.69184906797616,148.24169581267924,140.81458351879053,171.29246107343485,133.2962786355417,158.0852159120126,Boring
355,0.20297734374999998,0.46780555555555553,0.19682578125,0.4403972222222222,0.2877109375,0.3860152777777778,0.10594140625,0.49477916666666666,0.32496328124999996,0.40796111111111116,0.0491171875,0.5979694444444444,0.32187265625,0.4951597222222222,0.16463671875000002,0.5952833333333333,21.246896996973433,122.74559427531399,50.23285866840549,122.74464651869752,103.97319093881846,158.24766482904633,134.39133902143135,133.92524508287482,161.66604457744728,176.39452016274953,Boring
356,0.21167109375,0.46032500000000004,0.20305625,0.38612361111111115,0.29842890624999996,0.3229722222222222,0.10768437500000001,0.44927500000000004,0.35256640625,0.3658180555555556,0.04319453125,0.5496472222222222,0.33334140625,0.48714305555555554,0.18043828125,0.5869958333333334,54.55112605620531,130.26981189055277,75.85246480504117,130.26887478212126,109.71176342124849,168.33783368016066,138.79859947381274,136.79738988962202,156.0024614069557,164.26724203186893,Boring
357,0.21167109375,0.46032500000000004,0.20305625,0.38612361111111115,0.29842890624999996,0.3229722222222222,0.10768437500000001,0.44927500000000004,0.35256640625,0.3658180555555556,0.04319453125,0.5496472222222222,0.33334140625,0.48714305555555554,0.18043828125,0.5869958333333334,54.55112605620531,130.26981189055277,75.85246480504117,130.26887478212126,109.71176342124849,168.33783368016066,138.79859947381274,136.79738988962202,156.0024614069557,164.26724203186893,Boring
358,0.209778125,0.455425,0.22273125,0.42758611111111117,0.30376171875,0.39034722222222223,0.1417,0.4648236111111111,0.34178046875,0.48027361111111116,0.05168906250000001,0.5687638888888888,0.3326484375,0.5302305555555555,0.16448359375,0.588575,26.012657226819385,107.12849436541148,80.99604252678029,107.12921226724296,137.3857429466391,140.4031208479428,146.99435010279282,161.8765873612291,126.92861101483744,161.9971710911293,Boring
359,0.20840546875000002,0.4647847222222222,0.2356328125,0.4137805555555556,0.3164359375,0.3639263888888889,0.15482890625,0.4636361111111111,0.38124453125,0.45922083333333336,0.11839375,0.5673916666666666,0.38276328125000003,0.5227125,0.17151875,0.5857805555555555,50.62776836875191,109.4796885682454,107.65286140646704,109.4809611622039,88.06643733568426,136.4982151618173,121.97614282373351,166.34639935372235,140.4058824177116,177.56494888815618,Boring
360,0.1961390625,0.4819819444444444,0.23311328125,0.4086916666666666,0.30963828125,0.34586527777777776,0.1565890625,0.47151805555555554,0.3846671875,0.3994986111111111,0.13776015625,0.5566972222222222,0.38515703125,0.4737902777777778,0.18626015625,0.5854708333333333,70.88308888585486,107.8925369476499,103.50990689301197,107.89162908214891,65.89464653520801,138.1119820973505,111.45377712765796,155.16063545316442,158.09518589626052,179.32842010584406,Boring
361,0.1961390625,0.4819819444444444,0.23311328125,0.4086916666666666,0.30963828125,0.34586527777777776,0.1565890625,0.47151805555555554,0.3846671875,0.3994986111111111,0.13776015625,0.5566972222222222,0.38515703125,0.4737902777777778,0.18626015625,0.5854708333333333,70.88308888585486,107.8925369476499,103.50990689301197,107.89162908214891,65.89464653520801,138.1119820973505,111.45377712765796,155.16063545316442,158.09518589626052,179.32842010584406,Boring
362,0.21070546874999999,0.4472625,0.21410703125000002,0.3926875,0.294853125,0.3632708333333333,0.1333609375,0.42210277777777777,0.31756015625,0.47790000000000005,0.065290625,0.5651416666666667,0.27934140625000003,0.5394694444444444,0.172103125,0.5803777777777778,39.534488133780094,105.50283609932005,87.5012589280863,105.50263535097122,134.90057466148912,173.67709301386571,130.23191885245112,156.48323604977887,109.40033516271215,132.1820317165529,Boring
363,0.2120796875,0.44349305555555557,0.19159375,0.40424305555555556,0.2630109375,0.36970277777777777,0.12017734375,0.4387833333333333,0.30245078125,0.44807777777777774,0.058115625000000004,0.5887902777777777,0.28207265625,0.4997611111111111,0.18048203125,0.5781958333333334,38.551535429863215,94.73640565801513,75.71577239254712,94.7354407283779,134.0732439601578,137.14225580083604,126.33493707671732,142.43968451463257,131.81622229742376,144.97120857278367,Boring
364,0.2120796875,0.44349305555555557,0.19159375,0.40424305555555556,0.2630109375,0.36970277777777777,0.12017734375,0.4387833333333333,0.30245078125,0.44807777777777774,0.058115625000000004,0.5887902777777777,0.28207265625,0.4997611111111111,0.18048203125,0.5781958333333334,38.551535429863215,94.73640565801513,75.71577239254712,94.7354407283779,134.0732439601578,137.14225580083604,126.33493707671732,142.43968451463257,131.81622229742376,144.97120857278367,Boring
365,0.20713984375,0.46660694444444445,0.21887656249999998,0.4259958333333333,0.3043453125,0.3884694444444444,0.1334078125,0.4635208333333333,0.3258453125,0.5125111111111111,0.09251406250000001,0.5843930555555555,0.26221328125,0.5529111111111111,0.17625390624999998,0.5831347222222223,32.8735171376596,112.68711710306555,93.45387364898257,112.68687733715934,101.55671873391732,152.8066949086072,121.02529287921436,147.51077423906133,107.1261681707617,109.65324473933873,Boring
366,0.20541796875,0.4677305555555556,0.21298359375000003,0.4228944444444444,0.290353125,0.37404444444444446,0.13561328125,0.4717458333333333,0.325740625,0.44793611111111115,0.0957734375,0.5877361111111111,0.31946953125,0.4996069444444444,0.1793171875,0.5770736111111111,33.7032250682335,105.09331412130835,69.87260135417887,105.09459113103777,97.8514751753902,163.3017327538799,121.40921960578707,143.58537804972323,130.41095869269023,167.82438668238757,Boring
367,0.21541328124999998,0.45309722222222226,0.22693046875,0.385075,0.30569453125,0.3168986111111111,0.1481671875,0.4532527777777778,0.37310703125,0.32117083333333335,0.11664296874999999,0.5491277777777778,0.38533671875,0.40727083333333336,0.178034375,0.5483680555555556,51.14660438386893,112.13296880489698,86.34280931264631,112.13250747664567,79.95838980995055,163.24796502702912,120.30812016397036,150.82796588902147,177.95838100849963,165.8281362134174,Boring
368,0.21541328124999998,0.45309722222222226,0.22693046875,0.385075,0.30569453125,0.3168986111111111,0.1481671875,0.4532527777777778,0.37310703125,0.32117083333333335,0.11664296874999999,0.5491277777777778,0.38533671875,0.40727083333333336,0.178034375,0.5483680555555556,51.14660438386893,112.13296880489698,86.34280931264631,112.13250747664567,79.95838980995055,163.24796502702912,120.30812016397036,150.82796588902147,177.95838100849963,165.8281362134174,Boring
369,0.19785390625,0.4723541666666667,0.22866484374999999,0.39141666666666663,0.3082359375,0.32030000000000003,0.14909375,0.46253333333333335,0.38669296875,0.35557500000000003,0.1150171875,0.5570861111111111,0.38306796875,0.43265833333333337,0.17777343750000002,0.5522597222222222,70.36569809928702,113.99770092857135,103.58686706817618,113.99770092857133,80.85260668648844,145.911557511507,122.64794064211873,150.39303513308244,165.80720227920796,175.2209801032844,Boring
370,0.21991171875,0.4700416666666667,0.21758125,0.39553472222222225,0.31371171875,0.3159861111111111,0.12144999999999999,0.47508333333333336,0.3830484375,0.3154402777777778,0.08753203125,0.5422083333333333,0.41616171875,0.4350527777777778,0.181003125,0.5710166666666667,53.727872784989344,135.7239471648242,88.7518701211417,135.72485376304522,64.9665385025245,176.8172713528969,131.9334588985163,132.1804708766521,179.7462891215211,153.79560044549777,Boring
371,0.21991171875,0.4700416666666667,0.21758125,0.39553472222222225,0.31371171875,0.3159861111111111,0.12144999999999999,0.47508333333333336,0.3830484375,0.3154402777777778,0.08753203125,0.5422083333333333,0.41616171875,0.4350527777777778,0.181003125,0.5710166666666667,53.727872784989344,135.7239471648242,88.7518701211417,135.72485376304522,64.9665385025245,176.8172713528969,131.9334588985163,132.1804708766521,179.7462891215211,153.79560044549777,Boring
372,0.20352031249999997,0.4606347222222222,0.21556718749999998,0.3932527777777778,0.299221875,0.3233402777777778,0.13191250000000002,0.4631652777777778,0.38254062499999997,0.35465555555555556,0.11180156249999999,0.5590236111111111,0.41780390624999997,0.4384541666666667,0.18632578125000002,0.5579972222222221,50.906597067570715,118.3195320012719,109.00533525016101,118.31953200127185,73.66230303214803,162.36766995404682,110.45426627537215,134.43091586430234,168.062587094321,143.1996022583241,Boring
373,0.19946953125,0.45405416666666665,0.22343046875,0.412225,0.29887578124999997,0.3807888888888889,0.1479859375,0.4436597222222222,0.323046875,0.5177875000000001,0.11510390625,0.5619236111111111,0.2536234375,0.5671125,0.177753125,0.582125,42.98467853782318,99.18700951233482,103.37733814526278,99.18580770452996,94.9842430143021,134.47877519822086,116.30283840295711,159.083860436466,107.41449713487046,111.78428761724385,Boring
374,0.20540390625,0.46021388888888887,0.23176953125000002,0.3923083333333333,0.3051609375,0.3254652777777778,0.15837812499999998,0.45915000000000006,0.36245390624999996,0.39947361111111107,0.11376796874999999,0.5595680555555556,0.37338593750000004,0.47523333333333334,0.18321875,0.5678180555555555,59.408376244432084,105.55150216837274,90.64998632652956,105.55104621461604,92.13011886457109,145.3843859357996,128.30054214560406,157.88389314762404,143.99744138727746,165.6121107873009,Boring
375,0.20540390625,0.46021388888888887,0.23176953125000002,0.3923083333333333,0.3051609375,0.3254652777777778,0.15837812499999998,0.45915000000000006,0.36245390624999996,0.39947361111111107,0.11376796874999999,0.5595680555555556,0.37338593750000004,0.47523333333333334,0.18321875,0.5678180555555555,59.408376244432084,105.55150216837274,90.64998632652956,105.55104621461604,92.13011886457109,145.3843859357996,128.30054214560406,157.88389314762404,143.99744138727746,165.6121107873009,Boring
376,0.21658046875,0.4589402777777778,0.21635546875,0.39189166666666664,0.3001328125,0.3160527777777778,0.132578125,0.46772916666666664,0.38366796875000003,0.2827486111111111,0.10766484375,0.5675805555555555,0.408425,0.39594583333333333,0.1868859375,0.5649472222222223,48.27585907055413,120.33678590107017,109.58078328794699,120.33633214453565,78.64802457786212,179.6581877008953,113.92025274964976,135.19836250144093,167.35997901445108,158.75329417495752,Boring
377,0.2042703125,0.46872777777777774,0.2278984375,0.40434305555555555,0.30885078125,0.3284486111111111,0.1469453125,0.4802361111111111,0.385775,0.3776305555555556,0.11594921875,0.5792680555555555,0.3984578125,0.4535208333333334,0.17049375,0.5568916666666667,55.350437983813606,117.14462811840758,104.63699771113463,117.14504619914575,81.59793768227235,146.8789697073981,119.0927966420958,151.3597277188895,160.21950594649005,163.45316238031162,Boring
378,0.21955156250000002,0.4643361111111111,0.2035234375,0.42589166666666667,0.29371718750000003,0.3440430555555556,0.11332968750000001,0.5077402777777777,0.36303984375,0.3585986111111111,0.08821640625,0.5829402777777778,0.40461015624999996,0.4247902777777778,0.17716796875000002,0.5880819444444444,34.4541529572271,129.61907060691343,89.34973804662211,129.61907060691337,62.967243555677435,143.4547133236056,120.69737532811345,125.2953157503661,173.26416428922494,131.84949140745906,Boring
379,0.21955156250000002,0.4643361111111111,0.2035234375,0.42589166666666667,0.29371718750000003,0.3440430555555556,0.11332968750000001,0.5077402777777777,0.36303984375,0.3585986111111111,0.08821640625,0.5829402777777778,0.40461015624999996,0.4247902777777778,0.17716796875000002,0.5880819444444444,34.4541529572271,129.61907060691343,89.34973804662211,129.61907060691337,62.967243555677435,143.4547133236056,120.69737532811345,125.2953157503661,173.26416428922494,131.84949140745906,Boring
380,0.21084062499999998,0.4586680555555555,0.21750859375,0.4226958333333333,0.30491015625,0.3675347222222222,0.13010703125,0.4778569444444445,0.34173515625,0.45884444444444444,0.09300625,0.5888930555555555,0.3291890625,0.5094847222222222,0.1727546875,0.5857861111111111,27.27006096436162,118.71458432728477,80.89465090474151,118.71458432728474,92.98692401085216,161.761052673271,120.71088182024644,144.91273512645748,125.63952682163028,156.2292336389764,Boring
381,0.21281640624999998,0.4509125,0.2168015625,0.39584444444444444,0.29916171875,0.3444152777777778,0.134440625,0.44727222222222224,0.34999296874999997,0.40905138888888887,0.08215859375,0.5526305555555555,0.31376484375,0.4927722222222222,0.1725109375,0.5575222222222223,39.97578519554057,111.73510675700815,79.99443443140275,111.73571885480486,101.1575820440564,172.6689428056409,131.41834426994907,148.45496059825757,144.42518733960574,142.42929500192147,Boring
382,0.21281640624999998,0.4509125,0.2168015625,0.39584444444444444,0.29916171875,0.3444152777777778,0.134440625,0.44727222222222224,0.34999296874999997,0.40905138888888887,0.08215859375,0.5526305555555555,0.31376484375,0.4927722222222222,0.1725109375,0.5575222222222223,39.97578519554057,111.73510675700815,79.99443443140275,111.73571885480486,101.1575820440564,172.6689428056409,131.41834426994907,148.45496059825757,144.42518733960574,142.42929500192147,Boring
383,0.1991,0.469375,0.236375,0.3903402777777778,0.3101484375,0.3224222222222222,0.1626015625,0.4582597222222222,0.396671875,0.3610430555555556,0.14957499999999999,0.5374347222222222,0.40862968750000006,0.4332486111111111,0.1799859375,0.5770916666666667,74.26044686776397,106.34064463317873,114.18752886808612,106.34110448928016,59.39449732087979,140.02184761479455,106.30396190685025,165.42160632212028,165.90558540633188,163.5948280014471,Boring
384,0.18980625,0.47239444444444445,0.23853828125,0.4026986111111111,0.31923828125,0.34976944444444447,0.15783828125,0.45562638888888884,0.387259375,0.4356583333333333,0.15190234375,0.5288569444444444,0.3691671875,0.5027305555555556,0.184696875,0.5664041666666666,80.05637320038927,110.10158716839642,106.79348336392066,110.10124104659313,53.27063618918024,128.81595456798564,98.20007167950976,156.68247962048054,144.61543590171263,154.3803663450098,Boring
385,0.20563671874999997,0.4644027777777778,0.23503124999999997,0.38716388888888886,0.30581015625,0.3158638888888889,0.16425234375,0.4584638888888889,0.37565234375,0.3655486111111111,0.13470703125,0.5477847222222222,0.3751421875,0.4369097222222222,0.18776328125,0.5519388888888889,67.14413726454457,104.13069338576405,96.28971872946765,104.130693385764,74.60633917436236,145.91918759226127,120.45760159558934,155.90825733700453,158.19096633950588,179.27185422762238,Boring
386,0.20563671874999997,0.4644027777777778,0.23503124999999997,0.38716388888888886,0.30581015625,0.3158638888888889,0.16425234375,0.4584638888888889,0.37565234375,0.3655486111111111,0.13470703125,0.5477847222222222,0.3751421875,0.4369097222222222,0.18776328125,0.5519388888888889,67.14413726454457,104.13069338576405,96.28971872946765,104.130693385764,74.60633917436236,145.91918759226127,120.45760159558934,155.90825733700453,158.19096633950588,179.27185422762238,Boring
387,0.20438046875000002,0.46322916666666664,0.228746875,0.4107638888888889,0.30864453125,0.34478888888888887,0.14884921874999998,0.4767375,0.3877625,0.34642361111111114,0.11987265625000001,0.5684125,0.37511484375,0.42515972222222226,0.17630625,0.5449555555555555,48.98677725672506,112.76253085577675,101.27783948130016,112.7621096024724,75.7130116690652,140.4551517703357,119.33244276182289,144.4149014321816,179.3341223418172,164.06221313575176,Boring
388,0.20808203125000002,0.47020555555555554,0.23366953124999998,0.40625,0.316646875,0.3431638888888889,0.15069296875,0.4693361111111111,0.3806375,0.4240638888888889,0.11831875,0.5676458333333333,0.3752171875,0.48605694444444447,0.17904609375,0.5666097222222223,56.50762610480108,115.51594956974557,100.5074622503225,115.51503012162529,82.02087423333155,144.57736245863214,120.34629259096944,152.6075659569562,144.5818710334242,171.16473069272345,Boring
389,0.19676640625,0.4674319444444444,0.223728125,0.40915972222222224,0.29962578125,0.3412611111111111,0.14783125,0.4770597222222222,0.3650171875,0.38827638888888893,0.12056484375000001,0.5820902777777778,0.350225,0.4455611111111111,0.18302890624999998,0.5616375,54.326007188086244,108.7559973978447,90.28702897980416,108.75555364210143,83.28725403685729,140.56091941739257,114.77422767397753,143.50466328105537,157.98022968088338,155.34195696476107,Boring
390,0.19676640625,0.4674319444444444,0.223728125,0.40915972222222224,0.29962578125,0.3412611111111111,0.14783125,0.4770597222222222,0.3650171875,0.38827638888888893,0.12056484375000001,0.5820902777777778,0.350225,0.4455611111111111,0.18302890624999998,0.5616375,54.326007188086244,108.7559973978447,90.28702897980416,108.75555364210143,83.28725403685729,140.56091941739257,114.77422767397753,143.50466328105537,157.98022968088338,155.34195696476107,Boring
391,0.2050765625,0.46732916666666663,0.23098125,0.3810375,0.2974671875,0.29262638888888887,0.16449609375000002,0.46944722222222224,0.37102734375,0.2868638888888889,0.1512578125,0.5558916666666667,0.40327734375,0.41406388888888884,0.19402890625,0.563125,70.4243556165053,106.27528753195634,94.24836789037786,106.2738877899929,64.50543097290337,151.91172005908655,105.22980019851347,150.7310528946315,177.47691081976387,155.73730301260423,Boring
392,0.2113671875,0.4625666666666667,0.21967656249999998,0.3969916666666667,0.29840078124999997,0.34263194444444445,0.14095234375000001,0.45135,0.37536015625,0.37255416666666663,0.11948671875000001,0.5650000000000001,0.37797578125000003,0.45192638888888886,0.18876171875,0.5579027777777777,48.39717235541762,108.10110827368977,100.8363525718776,108.10074621851595,86.31773954408216,167.3047748675627,108.56089186344161,141.42152515721727,167.66347996692318,176.64717469554958,Boring
393,0.19523125,0.4449458333333333,0.18844765624999998,0.3960638888888889,0.262690625,0.36957361111111114,0.11420546875,0.4225541666666666,0.27990078125,0.4331847222222222,0.0849484375,0.5446555555555556,0.27306328125,0.4452708333333334,0.173571875,0.5527611111111111,36.25027605412129,96.92610737051193,50.822404911613496,96.9251269227954,95.55691063444864,166.14124434551326,113.072935514874,140.97322841132993,115.68674168107142,134.83586678473688,Boring
394,0.19523125,0.4449458333333333,0.18844765624999998,0.3960638888888889,0.262690625,0.36957361111111114,0.11420546875,0.4225541666666666,0.27990078125,0.4331847222222222,0.0849484375,0.5446555555555556,0.27306328125,0.4452708333333334,0.173571875,0.5527611111111111,36.25027605412129,96.92610737051193,50.822404911613496,96.9251269227954,95.55691063444864,166.14124434551326,113.072935514874,140.97322841132993,115.68674168107142,134.83586678473688,Boring
395,0.20576484375,0.4486597222222223,0.2021109375,0.41372361111111106,0.29726953125,0.3585333333333333,0.10695312500000001,0.4689138888888889,0.35760234375,0.4672236111111111,0.0367625,0.5824638888888889,0.3121890625,0.49480833333333335,0.16976171874999998,0.564025,25.585113738265907,128.12103643820555,109.94550070375777,128.1200857516104,121.47422719243784,169.46701158314318,137.69851728696557,130.424166690849,134.62008011864415,108.86381556834552,Boring
396,0.20231875000000002,0.4462583333333333,0.19854921875,0.4211458333333334,0.29586718749999996,0.3710861111111111,0.10123125,0.47120555555555554,0.34197421875,0.4720958333333333,0.059920312499999996,0.6314819444444444,0.29014921875,0.4913736111111111,0.16433906250000002,0.5787069444444444,18.713716520242546,129.67665687393392,93.66014530204401,129.67665687393395,126.93703984653179,165.05852452977712,114.61814506254794,133.77696496459433,129.0588734597623,101.8179474872707,Boring
397,0.20231875000000002,0.4462583333333333,0.19854921875,0.4211458333333334,0.29586718749999996,0.3710861111111111,0.10123125,0.47120555555555554,0.34197421875,0.4720958333333333,0.059920312499999996,0.6314819444444444,0.29014921875,0.4913736111111111,0.16433906250000002,0.5787069444444444,18.713716520242546,129.67665687393392,93.66014530204401,129.67665687393395,126.93703984653179,165.05852452977712,114.61814506254794,133.77696496459433,129.0588734597623,101.8179474872707,Boring
398,0.20125156249999998,0.4419583333333333,0.20468671875000002,0.4352180555555556,0.31005078125,0.4235638888888889,0.0993234375,0.4468722222222222,0.33881484375,0.6092624999999999,0.034978906250000004,0.5841513888888888,0.226171875,0.5740513888888888,0.17072734375,0.5766458333333333,6.54868063047817,135.12678060621437,138.67969329718028,135.12578253612446,128.65798693435244,137.82224232970052,129.80334734426685,135.63234385745548,105.39603994590588,80.02750178069218,Boring
399,0.19841796875,0.4343597222222222,0.2149796875,0.4213263888888889,0.3273171875,0.3959736111111111,0.10264296875000001,0.4466791666666666,0.35698203125,0.6192236111111111,0.049677343750000005,0.5956444444444444,0.23057109374999998,0.5685041666666666,0.16615,0.5595333333333333,23.183120087684454,144.94601677866146,165.16399256799286,144.9450247404166,126.8855099725733,113.8771703279189,122.29702425801322,134.9880152052673,103.29111243861341,77.28199165863458,Boring
400,0.20289687500000003,0.4284833333333333,0.20269921875,0.4152027777777778,0.30368359375,0.3607680555555555,0.10171484374999999,0.4696388888888889,0.36796796875000004,0.5148083333333333,0.07044687499999999,0.6797986111111111,0.28685703125,0.5361625,0.1668890625,0.584875,9.565346465235809,135.0712362014948,138.0994675478512,135.07152637029017,156.51859235886323,178.48437032821798,104.81552023107322,134.84401432755627,126.57192390944563,98.42370891340262,Boring
401,0.20289687500000003,0.4284833333333333,0.20269921875,0.4152027777777778,0.30368359375,0.3607680555555555,0.10171484374999999,0.4696388888888889,0.36796796875000004,0.5148083333333333,0.07044687499999999,0.6797986111111111,0.28685703125,0.5361625,0.1668890625,0.584875,9.565346465235809,135.0712362014948,138.0994675478512,135.07152637029017,156.51859235886323,178.48437032821798,104.81552023107322,134.84401432755627,126.57192390944563,98.42370891340262,Boring
402,0.20047500000000001,0.43426944444444443,0.20689921875,0.4081222222222222,0.311590625,0.3521486111111111,0.10220859374999999,0.4640972222222222,0.33787500000000004,0.4706416666666667,0.06163203125,0.6379722222222222,0.281409375,0.4912125,0.1727453125,0.5744027777777778,20.543514913470844,139.93395094114936,91.7091487311926,139.93328131649025,135.53631227091876,156.40479752406037,112.5322614645944,131.33613038391834,111.5218142695223,101.58088109304882,Boring
403,0.19800703125000002,0.4297708333333333,0.20469374999999998,0.3999902777777778,0.30653593749999997,0.35315694444444445,0.10285156250000001,0.44682361111111113,0.35610703125,0.5089180555555556,0.0420375,0.6469763888888889,0.25317500000000004,0.5095958333333334,0.16398593749999998,0.5613916666666666,23.087135920247878,134.64860401801425,128.85341790189347,134.64860401801423,163.78970988435137,158.23960559879106,118.3760026275162,136.50991979024894,119.50027650854447,90.21221689481021,Boring
404,0.19800703125000002,0.4297708333333333,0.20469374999999998,0.3999902777777778,0.30653593749999997,0.35315694444444445,0.10285156250000001,0.44682361111111113,0.35610703125,0.5089180555555556,0.0420375,0.6469763888888889,0.25317500000000004,0.5095958333333334,0.16398593749999998,0.5613916666666666,23.087135920247878,134.64860401801425,128.85341790189347,134.64860401801423,163.78970988435137,158.23960559879106,118.3760026275162,136.50991979024894,119.50027650854447,90.21221689481021,Boring
405,0.19569921875000001,0.4448861111111111,0.213365625,0.4138819444444444,0.3211078125,0.3719875,0.10562421875000001,0.4557763888888889,0.36050312500000004,0.5413986111111111,0.06413515625,0.6418805555555556,0.274296875,0.5354541666666667,0.15981640625,0.5629472222222223,31.775212005586983,141.17023410053548,131.98835574398223,141.1692571950423,144.1350313456101,134.63023977687462,111.61982032590599,138.0459108611254,112.46065123631209,87.77873679585421,Boring
406,0.20495234375,0.4318083333333333,0.192065625,0.4117958333333333,0.2847796875,0.3748847222222222,0.09935078124999999,0.4487069444444445,0.30190234375,0.5066708333333333,0.036334375,0.5919319444444444,0.23809999999999998,0.4951361111111111,0.174228125,0.5683666666666667,21.902152999191653,121.61333007528408,97.38433079813203,121.61430590600763,130.92113582229567,131.1384295019947,128.032163056904,131.9529439183822,103.00621469027793,84.19335548053661,Boring
407,0.20052656249999998,0.44579444444444444,0.16935703124999998,0.3971597222222222,0.25441484375,0.35695277777777773,0.08429921875,0.4373666666666667,0.27158046874999997,0.4694305555555556,0.06130390625,0.6144847222222222,0.23345234375,0.5083791666666667,0.18295937499999998,0.5727986111111112,53.084469461415914,112.6569681688621,83.91172170799503,112.65696816886205,130.87775204747365,131.27294072546385,102.99681526729974,127.67353577307705,105.17966179684588,119.88187072469647,Boring
408,0.20052656249999998,0.44579444444444444,0.16935703124999998,0.3971597222222222,0.25441484375,0.35695277777777773,0.08429921875,0.4373666666666667,0.27158046874999997,0.4694305555555556,0.06130390625,0.6144847222222222,0.23345234375,0.5083791666666667,0.18295937499999998,0.5727986111111112,53.084469461415914,112.6569681688621,83.91172170799503,112.65696816886205,130.87775204747365,131.27294072546385,102.99681526729974,127.67353577307705,105.17966179684588,119.88187072469647,Boring
409,0.2212703125,0.4300986111111111,0.2207953125,0.37953611111111113,0.3026796875,0.34049305555555553,0.1389109375,0.41857777777777777,0.35554140625,0.43478472222222225,0.09195234375,0.559025,0.36032578125,0.48470555555555556,0.19018593749999999,0.5531666666666666,36.41007675081169,108.51628294868934,95.85057990956551,108.51602390430638,117.63719791375517,179.0431919889639,120.72728459712685,145.89065220948837,134.90405133201384,170.3307461210362,Boring
410,0.22674296875,0.4498263888888889,0.246484375,0.3876819444444444,0.300853125,0.3291222222222222,0.19211640624999998,0.44624166666666665,0.32981015625,0.39362222222222226,0.150353125,0.5458861111111111,0.32046640625,0.42363888888888884,0.19868203125,0.5307499999999999,51.38626175350765,81.36808362619828,59.4179082852973,81.3672283539264,89.46984064476702,150.54457966769095,126.69007524777177,172.1361079373054,128.59429899364832,151.04002212391407,Boring
413,0.21238593749999998,0.4631111111111111,0.216815625,0.397925,0.32656718749999997,0.42601527777777776,0.10706484375,0.36983472222222225,0.32188046875,0.6489347222222223,0.02310234375,0.5780000000000001,0.1558828125,0.6103027777777777,0.18756953125,0.5543916666666666,47.27524993059267,141.93041586989025,160.61407162823562,141.92942607507436,184.42870011199452,173.11159636836385,125.64273412357554,142.20728787860315,87.85948176693384,82.54191771741884,Boring
414,0.21475781249999998,0.45004583333333337,0.224009375,0.3881847222222222,0.337421875,0.4187472222222222,0.11059765625,0.3576236111111111,0.32317109374999997,0.6782458333333333,0.028481250000000003,0.5721152777777778,0.15331640625,0.6123722222222222,0.18723359374999998,0.5550416666666667,46.0873579628948,146.82632001449872,187.72731820915143,146.82518144037832,186.80942759132904,165.11102603048585,124.23951237649169,145.38976155762128,84.42391251903565,77.69369021479422,Boring
415,0.214628125,0.4635930555555555,0.21836015625,0.3962819444444444,0.32654765625,0.4228763888888889,0.11017265624999999,0.3696875,0.325959375,0.6753986111111111,0.0286265625,0.5351847222222222,0.17308359375,0.6197152777777778,0.178128125,0.5423861111111111,48.69886061295479,139.79755471395057,181.81755928677512,139.79755471395055,158.40961020405297,174.3706530070573,131.21743258946097,145.02564200237072,89.76270803833212,78.42122577112272,Boring
0,0.30348125000000004,0.2902472222222222,0.29373125,0.47756250000000006,0.41451093749999995,0.4779819444444444,0.17295078125000002,0.47714166666666663,0.4668671875,0.7569583333333333,0.0830015625,0.6874513888888889,0.47061796874999995,1.0007374999999998,0.08641640625,0.9117416666666666,135.44319137188108,154.59829497119296,211.74770134525667,154.59929692595628,190.22353470062532,5.286844031406785,127.24766839558575,160.50715120413435,108.45077863145127,178.43318767567894,Bowing
1,0.29235859375,0.2825388888888889,0.28864921875,0.47028055555555554,0.40505234375,0.47405277777777777,0.172246875,0.4665069444444444,0.44825390625,0.7509013888888889,0.07375859375,0.6533263888888888,0.43383671875,0.9521611111111111,0.05296015625,0.8126791666666667,135.25736127841617,149.02075248769881,206.85917036718484,149.0197708829268,184.35108983946907,2.011692819884341,133.14374534660854,148.50834333497045,105.50497013922437,172.74241220265472,Bowing
2,0.2974296875,0.27781944444444445,0.28557265625,0.46744166666666664,0.40013984375,0.47006944444444443,0.17100546875,0.46481388888888886,0.4531703125,0.6909569444444444,0.0742203125,0.6479416666666666,0.44718046874999995,0.9477902777777778,0.0751125,0.8129472222222223,137.3689779862979,146.65820461194792,172.918946798782,146.658204611948,180.9210964177478,6.3431856673193465,133.21563602791747,153.90960635073776,113.11314137320926,177.6258096187016,Bowing
3,0.29405546875,0.27340555555555557,0.282834375,0.46258333333333335,0.39533515625,0.45902916666666665,0.17033437499999998,0.4661361111111111,0.457365625,0.7125458333333333,0.072565625,0.6681444444444444,0.45803984375000006,0.91615,0.0552421875,0.8841125000000001,136.96318860555198,144.02373582850848,199.05308896121159,144.0227182218139,191.87381179306365,6.0195381168337585,130.70921483858845,153.91726865230285,113.50840146514922,179.662705504811,Bowing
4,0.28812109375,0.2758847222222222,0.28821093750000004,0.4580236111111111,0.40013750000000003,0.45240972222222225,0.176284375,0.4636388888888889,0.461146875,0.6592527777777778,0.08392265625,0.6529888888888888,0.46506875000000003,0.9011458333333334,0.05778046875,0.8714902777777778,131.14005042320213,143.32300764357413,168.15948320864925,143.32303584909164,180.45246452459438,0.050244112818768734,130.9308431159337,152.68160946350727,117.67091169757579,178.34898801642981,Bowing
5,0.28507890625,0.2693652777777778,0.2878953125,0.45862499999999995,0.40047499999999997,0.4629194444444445,0.175315625,0.45433194444444447,0.46926015625,0.6769111111111111,0.07797890625000001,0.6479347222222221,0.4737046875,0.9459916666666667,0.050284375000000006,0.8478194444444443,136.31467754427618,144.13516874101197,177.45624672295986,144.13514729239358,186.95883107518614,1.5154301313951837,131.79049143943982,150.53826053314276,119.74564219813222,178.31802717565935,Bowing
6,0.29512734375,0.2669152777777778,0.28706718750000004,0.46376249999999997,0.40366562500000003,0.46386666666666665,0.17046875,0.4636569444444445,0.485596875,0.7475083333333333,0.0712109375,0.6741875,0.47468671875,0.9452638888888889,0.059634374999999996,0.9050319444444445,142.10500831779294,149.24601884472494,229.57517650652042,149.24601935060113,197.7847446695523,4.163407703675089,129.9683994447788,155.94303175336003,117.1813871003509,174.39835520555906,Bowing
7,0.29512499999999997,0.2740763888888889,0.28302031250000004,0.4606680555555555,0.39682109374999996,0.45121527777777776,0.16921953125,0.4701222222222222,0.49925078125000005,0.6915069444444444,0.07257812500000001,0.6855694444444445,0.48437421875000003,0.8820097222222223,0.06255,0.901988888888889,135.23650303080154,145.8239138858918,217.07669658441003,145.8239605620421,198.4055752366853,6.5788042539057665,128.57037485796832,156.29349197189688,127.15548468080448,172.09622970709387,Bowing
8,0.29251015625,0.28116250000000004,0.28479921875,0.45645,0.397790625,0.45118611111111107,0.17180703125000002,0.46171527777777777,0.48541796875000004,0.6750513888888888,0.07315468750000001,0.6622111111111111,0.46814375,0.8850319444444443,0.06293984375,0.8686902777777777,126.59235264817539,144.67864991421507,196.36827151553786,144.679675770303,191.7923853389388,4.471706570409446,131.1775223809321,154.56603558788925,124.83303902959544,171.67946270421746,Bowing
9,0.2861625,0.2906986111111111,0.28660546875000004,0.45488888888888884,0.395053125,0.4540916666666667,0.1781578125,0.4556861111111111,0.465128125,0.6383013888888889,0.08192265625,0.6521291666666666,0.46169843750000006,0.8452125,0.07234140624999999,0.8372194444444444,118.21835973316495,138.81418675697378,160.11356774802064,138.8141867569738,187.559455858669,0.27480360589107783,131.05301549772065,153.75403020817689,124.06979407849033,178.31210594468516,Bowing
10,0.29364375,0.28647083333333334,0.2866890625,0.45340555555555556,0.397196875,0.4517,0.17618125,0.45511111111111113,0.4926828125,0.6503944444444444,0.074803125,0.662625,0.46480156250000004,0.7740944444444444,0.08394609374999999,0.8053416666666666,120.52220896166814,141.45533034848845,188.16051892998172,141.45533034848845,197.8940216277389,4.235832906163929,130.97462419315002,154.91158810480857,130.50861752625752,158.1639932242645,Bowing
11,0.3005765625,0.29336805555555556,0.27976718749999996,0.45050694444444445,0.38868125,0.43961944444444445,0.17085234375,0.46139583333333334,0.46084453124999997,0.6135055555555555,0.07498984375,0.6623694444444445,0.4605359375,0.8107319444444444,0.06786171875,0.8914138888888888,116.23311101403078,139.63021886755033,155.58461159446324,139.63127343471444,189.72256327859375,13.247632760970168,130.29738072616175,156.93651215977832,126.41928856689164,179.84062467316457,Bowing
12,0.3049828125,0.2914638888888889,0.28173750000000003,0.44464166666666666,0.3874890625,0.43635277777777776,0.1759859375,0.45292916666666666,0.45818828125,0.6096097222222222,0.0762453125,0.6567208333333333,0.44977812500000003,0.8248458333333334,0.06746015625,0.8727875,114.23109672939324,135.493498249916,154.11249154432616,135.4934542072052,194.49630105480156,15.098069632784531,131.0261360234848,155.32011270238434,125.95862903350307,176.02632867367674,Bowing
13,0.30489140625,0.2934333333333333,0.27890859375,0.4502805555555556,0.38713203125,0.44040416666666665,0.17068515625,0.46015694444444444,0.45852031249999997,0.6348180555555556,0.0755,0.6601347222222222,0.4741953125,0.8486166666666667,0.07367734375,0.8457708333333334,117.72544102274583,138.7083955534055,167.1633829910127,138.70839555340547,188.61507581580008,16.40975494118304,130.2373750777821,155.904345246192,123.13631911199458,172.57389086250427,Bowing
14,0.30418828124999997,0.29618333333333335,0.279284375,0.4429097222222222,0.3866796875,0.4312347222222222,0.1718890625,0.4545847222222222,0.4646109375,0.6164277777777778,0.07404609375,0.6538694444444444,0.48453437499999996,0.8331500000000001,0.07407343749999999,0.8489097222222223,110.34757169054512,137.72277223465989,166.52252227551685,137.72277223465983,190.45406886175996,16.790803136080488,131.11565516082416,156.2028711128201,126.80046384807444,170.7180702954824,Bowing
15,0.30002890625,0.3022680555555556,0.2795171875,0.44253888888888887,0.387065625,0.4346513888888889,0.17196875,0.45042499999999996,0.47174062499999997,0.6144916666666667,0.07526015625,0.6584708333333333,0.5008273437499999,0.8326111111111112,0.073009375,0.8576930555555555,104.35188091261219,137.7790887072491,168.85928070733925,137.77904749271565,194.32232043180218,14.572250033801117,129.5698873709719,156.6370808642776,129.93064732437267,166.66306931130666,Bowing
16,0.29755078125,0.2927680555555556,0.2828046875,0.42707500000000004,0.39242890625000004,0.40957361111111107,0.17317968749999998,0.44457638888888895,0.4983015625,0.5901902777777778,0.07475234375,0.6560263888888889,0.49910156250000004,0.6195541666666666,0.06573046875,0.8399555555555556,98.52587998084566,140.88366463859467,187.8198584415397,140.88466063060238,197.61315671027572,11.044657122937092,129.60889359825248,154.2132658616905,136.18065309305655,177.2270804938293,Bowing
17,0.2956875,0.2832138888888889,0.2862515625,0.42985,0.39712421875000004,0.41118472222222224,0.175378125,0.4485152777777778,0.496915625,0.5633611111111111,0.073465625,0.6551805555555555,0.54978984375,0.6393472222222222,0.08922578125,0.8364722222222222,106.26660890420851,142.55189093800197,168.2873934018826,142.55288648427992,197.88335732193352,6.526199338684715,131.2401558975776,158.45661897725293,139.37761918497858,128.951202081065,Bowing
18,0.2827484375,0.28015972222222224,0.279540625,0.4247194444444444,0.390596875,0.39515277777777774,0.16848359375,0.4542861111111111,0.558403125,0.47710555555555556,0.078946875,0.685875,0.59920703125,0.5715694444444444,0.07084921875,0.9454708333333334,104.16395789811368,143.737156114903,222.7494361384558,143.738145086821,202.3322168736358,2.259106151017796,124.50163917699986,160.5378837944989,164.6390759946212,142.47878536395845,Bowing
19,0.28279453125,0.28179583333333336,0.27764765625,0.42512361111111113,0.38771328125000004,0.396375,0.16758125,0.4538736111111111,0.55783203125,0.47962083333333333,0.08351171874999999,0.6755694444444444,0.6285960937499999,0.6003847222222222,0.078590625,0.9323680555555555,103.40607409625413,142.39645380767038,225.85034308807232,142.39758855050883,192.50600126229833,3.652787505351457,123.98600350890139,161.70446349502393,164.61024636528424,133.8292542176028,Bowing
20,0.28216328125,0.2699472222222222,0.279875,0.4156277777777778,0.3918015625,0.3900152777777777,0.1679484375,0.44124027777777775,0.56376171875,0.4606611111111111,0.087190625,0.6777722222222222,0.47995937499999997,0.41547361111111114,0.0689421875,0.9672250000000001,104.93088744978765,144.4479741533262,225.9097609799099,144.44797415332624,199.2196494048717,1.599539880088538,121.25678677698176,161.4981304012551,166.98793220789952,73.12699994098341,Bowing
21,0.2852953125,0.2761375,0.28019765625000004,0.4039611111111111,0.394184375,0.3711666666666667,0.16621015625,0.43675555555555556,0.56408828125,0.46849305555555554,0.0990515625,0.6809486111111112,0.5131554687500001,0.43687916666666665,0.08200234375,0.9729083333333334,92.26401635524002,147.8012582930199,228.4879671973997,147.80224544979012,195.70886063231782,4.055397933161076,116.05534807863701,164.39938213736065,162.140126041637,70.75373183995373,Bowing
22,0.28053671874999997,0.24302500000000002,0.2834609375,0.3766305555555555,0.39674921875,0.35316111111111115,0.1701734375,0.4001,0.53063046875,0.44805694444444444,0.10933828125,0.6362152777777778,0.5367015625,0.41105972222222226,0.10154921875,0.9031013888888888,96.26879278873291,145.99024791060532,184.4865768802706,145.98925463197625,186.9882380525577,2.22826282936088,114.60990422874923,166.36667065007765,158.2626632114149,16.26334325721253,Bowing
23,0.2839140625,0.1466888888888889,0.278103125,0.3083916666666667,0.39648515624999997,0.2786208333333333,0.15972187499999999,0.33816250000000003,0.57514765625,0.4098236111111111,0.09450078125,0.6543625000000001,0.475259375,0.267225,0.08003125,0.9413305555555556,116.66335037191415,153.0375674989641,247.43085195666282,153.0365773565261,242.48774852556986,3.6554346515992333,110.13767884055018,166.7819548050642,157.55555304906682,51.23503736215331,Bowing
24,0.30711484375000003,0.11542777777777778,0.2776984375,0.2770722222222222,0.40418203124999996,0.24504861111111112,0.15121484375,0.30909583333333335,0.520559375,0.3420902777777778,0.098803125,0.6162236111111111,0.561925,0.4158833333333333,0.0955171875,0.9059611111111111,122.32327605570413,163.5326005724852,164.53507914423608,163.53260057248525,231.084458570887,17.927631398193405,106.87674181279553,170.58059959898884,154.8714197221495,135.09884253480348,Bowing
25,0.27743515625000004,0.07388194444444444,0.28755156249999997,0.22849166666666668,0.40755234375000005,0.19946805555555555,0.16755078125,0.2575138888888889,0.54891796875,0.31273472222222226,0.09843046875,0.5399097222222222,0.58260078125,0.41720694444444445,0.09833906249999999,0.8266694444444445,112.06960498725782,155.01597275764848,198.47646562753982,155.01583795535214,221.74017295248962,6.635018335717746,113.51558581003636,167.80122440263017,155.7392429255642,150.17987149799055,Bowing
26,0.27821250000000003,0.04595416666666667,0.29327187499999996,0.21366249999999998,0.4222046875,0.18700694444444446,0.16433906250000002,0.24031944444444445,0.5359164062499999,0.38626805555555555,0.10138906249999999,0.5526805555555556,0.55653515625,0.532075,0.099971875,0.7855638888888888,122.27888892200482,166.14618268260037,204.37260243241994,166.1462981983047,238.89851773504165,9.069918934039938,109.7113218025532,168.1473444466046,135.41293147641022,165.88840049916894,Bowing
27,0.26725625000000003,0.05261944444444445,0.2916953125,0.1645763888888889,0.41710156249999997,0.13174027777777778,0.16628984375,0.1974125,0.5231609374999999,0.3309638888888889,0.10031953125,0.46645138888888893,0.515975,0.5446722222222222,0.09764921875,0.8066680555555557,86.46603035296579,162.25170126688963,197.49686584095454,162.25071193988643,211.31313406411826,21.209779348269578,113.55355105723827,168.67409328684647,133.42331072911512,176.57905900273084,Bowing
28,0.26588671875,0.028851388888888888,0.28889296875000003,0.15037777777777778,0.41317343749999996,0.11405555555555556,0.1646125,0.1866986111111111,0.55421640625,0.29783055555555554,0.09795781249999999,0.48974166666666663,0.65063984375,0.5819083333333334,0.137690625,0.7977277777777778,92.32150185628484,161.21431495062708,223.83239119707412,161.2141527348018,234.27862387550425,18.600784163453632,111.35670989102012,175.52124163004743,143.76150618947239,148.89219667996147,Bowing
29,0.270171875,0.026452777777777776,0.29596015625,0.1503013888888889,0.4266609375,0.12787361111111112,0.16526015624999998,0.17272916666666666,0.53589609375,0.34967916666666665,0.0856640625,0.4726708333333333,0.6045125,0.6192652777777777,0.0657640625,0.9004319444444445,95.08449569724814,168.0745195233352,212.25928022350402,168.07352414940314,238.7844288327863,20.313363275088612,115.2566397500142,166.33812207975004,131.2028877958355,155.65377615574718,Bowing
30,0.26472109375,0.04572916666666666,0.29939609375,0.15735694444444445,0.42775078125,0.13197777777777778,0.1710421875,0.1827375,0.51864140625,0.37933888888888895,0.09683046875,0.4642833333333333,0.5278632812499999,0.6453361111111111,0.08183046875,0.8190500000000001,91.8128413676431,165.30705056046457,212.7312990605755,165.30616723219975,223.86569734999597,28.90889012484683,115.10771607650454,166.00440099320178,123.1537149740967,176.4730994394323,Bowing
31,0.2637859375,0.05044305555555556,0.2819359375,0.17905833333333332,0.40638593749999996,0.1557361111111111,0.1574859375,0.20237916666666667,0.5134203125,0.3640027777777778,0.08508203125,0.4736361111111111,0.510825,0.6402513888888889,0.06799921875,0.8710986111111112,95.47272612112843,160.1786093084841,203.1149879255591,160.17850447859723,216.17832766954228,14.083547946365725,115.385483447983,166.6181583062102,132.41645795446524,179.04313805468536,Bowing
32,0.26811093750000003,0.04710555555555555,0.28193359375,0.17135416666666667,0.404746875,0.1359388888888889,0.1591203125,0.20676805555555555,0.5357296875,0.2714833333333333,0.083703125,0.4770847222222222,0.56773515625,0.4519152777777778,0.07672109375,0.8490305555555556,91.1918578053984,159.2556228269508,193.99330768869322,159.25546271635392,217.25301272939808,11.18745207004263,116.38105992818008,167.1517372582311,149.79675462551927,162.49750521598017,Bowing
33,0.2678890625,0.0538125,0.28050234375,0.16644027777777778,0.39844609375,0.13995833333333332,0.162559375,0.19292083333333332,0.52573203125,0.26482638888888893,0.08209999999999999,0.46444583333333334,0.6061156249999999,0.47032222222222225,0.0591171875,0.86055,82.68357448127168,152.1673010636648,186.08543871297397,152.16618364472444,220.96605202609746,11.260057482570472,117.78018196502676,164.5998794191391,151.10943014979355,145.18480431930615,Bowing
34,0.26828359375,0.054281944444444445,0.28116171875,0.17284166666666667,0.4037171875,0.14705555555555555,0.15860703125,0.1986263888888889,0.5077359375,0.27291666666666664,0.0779453125,0.49606388888888886,0.6093578125,0.48610000000000003,0.0704515625,0.8786972222222222,86.94000244421436,157.96584123474292,161.05685063355736,157.96473063630376,237.7442050481988,10.92955940331128,115.7393399575459,167.02286941198687,145.76015172828534,139.72056407653795,Bowing
35,0.27047187500000003,0.05911527777777778,0.27849921875,0.17821527777777776,0.3970453125,0.15,0.15995390625,0.20643055555555556,0.5231914062499999,0.3060833333333333,0.08814609375,0.4810180555555556,0.571771875,0.5555319444444444,0.0734046875,0.8687444444444444,86.36539312131913,153.0928585728283,196.72533260614907,153.09186741626738,218.02444726452126,6.8327350419825805,114.93416341016894,166.92133796932532,145.16232989120516,160.90288135496777,Bowing
37,0.26942343750000003,0.04945277777777778,0.2813875,0.18654444444444446,0.40467734375,0.1594986111111111,0.15809765625,0.21359027777777778,0.52360546875,0.37480694444444446,0.08199921875,0.5014472222222222,0.54720859375,0.6666680555555555,0.08018046875,0.8269847222222222,99.88690120331094,159.00789115638253,217.2675412204962,159.00789115638253,229.00522458013918,8.81899181292526,115.17243991676744,167.2746647703532,134.47899106409855,171.8186014045296,Bowing
38,0.26747265625,0.06171527777777778,0.28013828125,0.18313194444444442,0.39781640625,0.15636527777777778,0.16246093749999999,0.20989861111111113,0.5024460937499999,0.31531805555555553,0.07469218749999999,0.4976208333333333,0.6034390625,0.5413708333333334,0.06969375,0.8603819444444445,88.91054686593709,151.8558670845483,176.16486707627033,151.8548751703415,235.6617065541196,10.506121300706111,118.47121882249824,165.77335936791889,139.48457004484317,141.541541578917,Bowing
39,0.27960703124999997,0.052663888888888885,0.2764703125,0.19097916666666667,0.39459374999999997,0.1695222222222222,0.158346875,0.21243611111111113,0.51903984375,0.3351791666666667,0.08228359375,0.4892944444444444,0.6009187500000001,0.5627541666666667,0.0762546875,0.8615847222222223,99.66790252633993,151.9852190346153,198.99666130365102,151.98521903461534,221.84409517722122,2.3087153695850535,116.03188594080686,167.32942679885514,143.1750759814537,147.39603056290485,Bowing
40,0.27551875,0.06088611111111111,0.28050546875000004,0.19931527777777777,0.409115625,0.17191805555555556,0.15189453125000002,0.2267138888888889,0.53401953125,0.39022638888888894,0.0693265625,0.5405583333333334,0.464915625,0.6240319444444444,0.0626671875,0.9023111111111111,99.87318083449632,165.7986390686003,224.20266780972966,165.79975094372128,249.461979052921,3.664330974211886,115.06585948605807,166.78661729085115,135.48700212640043,152.2806530014762,Bowing
41,0.27172578125,0.05681111111111112,0.285590625,0.19271944444444447,0.412809375,0.17978194444444445,0.15837265625000002,0.20565694444444446,0.51899375,0.4329527777777778,0.0793203125,0.48754027777777775,0.46323671875,0.6163763888888889,0.06755234375,0.8571305555555556,99.45029575119422,163.10620719334992,227.37689228459433,163.10520882546942,226.7817164257295,10.279545156122683,116.49929255985504,166.08053371605385,126.709382393283,151.6128519171588,Bowing
42,0.27263515625,0.059380555555555554,0.28639921875,0.2054875,0.41003749999999994,0.19649305555555555,0.16276015625,0.21448333333333333,0.5066296875,0.44902916666666665,0.08086640625,0.48168888888888883,0.46994765625,0.6513416666666667,0.07082734375000001,0.8132486111111111,106.66209604634629,158.3894460657022,219.87962461310508,158.39048611895856,219.09179245238738,9.507448806788252,118.58407851209199,164.73272550050143,124.21490917043866,162.13402648982188,Bowing
43,0.27503125,0.07936388888888889,0.28650703125,0.22880694444444447,0.40903437499999995,0.2308347222222222,0.1639796875,0.22677916666666667,0.5024578125,0.5388666666666666,0.0724625,0.5045041666666666,0.48130234375000003,0.8093541666666667,0.0737125,0.8472791666666667,108.59701433280752,156.84179552976303,251.96736656360878,156.84179552976303,231.74781467793824,7.773744066798498,120.36268079589132,165.4997586220387,118.33286693903068,172.08410635100614,Bowing
44,0.2759921875,0.09209861111111112,0.2875890625,0.22441944444444445,0.40986874999999995,0.22339305555555555,0.16531015625,0.22544444444444445,0.5008015625,0.5174208333333333,0.08075546875,0.4739777777777778,0.4950984375,0.7832013888888889,0.07330624999999999,0.8180680555555556,96.4204738476222,156.5197445851481,241.5873614988996,156.51873987800946,209.1284008354676,8.855945708551113,121.16664329032187,164.57064018985452,118.80227366804571,177.81536314217217,Bowing
45,0.28731249999999997,0.14002916666666668,0.28744296875,0.2347152777777778,0.41875937499999993,0.23299583333333335,0.1561265625,0.23643333333333333,0.5097070312499999,0.5111291666666666,0.073434375,0.5311680555555556,0.4985984375,0.7653222222222222,0.15523046875,0.7118125,68.17420454248074,168.0895590719423,231.63430683946623,168.08955170979547,237.14138271714617,0.14035227564937236,116.5091886093342,179.8079953338509,120.17033232604875,175.55753523309488,Bowing
46,0.2899640625,0.15579583333333333,0.2892234375,0.23903055555555555,0.417353125,0.23853472222222222,0.16109374999999998,0.23952638888888889,0.47955703125,0.48704861111111114,0.054771875000000005,0.5264833333333333,0.514328125,0.7798986111111111,0.15401875,0.7080930555555556,59.93649760371389,164.00638854934886,195.84547107605016,164.0063885493489,247.40313527722316,0.9062702380134716,123.37263551531062,178.4623734059277,113.9883022445448,168.0808743417308,Bowing
48,0.2946953125,0.188975,0.28901796874999997,0.233975,0.42148671875000004,0.23512222222222223,0.1565484375,0.23282777777777777,0.49520234375000005,0.5096375000000001,0.07716875,0.5346597222222222,0.5046546875,0.8040152777777777,0.18673046875,0.7336069444444444,33.20495880135976,169.562011889456,219.01820138289878,169.56301187759078,239.8985764797282,12.641664531212298,115.05811556342577,173.88426638892727,115.51919858538344,176.7328916920458,Bowing
49,0.31176484375,0.23370000000000002,0.294734375,0.2295625,0.42806875,0.22607916666666664,0.16139921875000002,0.23304444444444444,0.5122171875,0.5131736111111111,0.0759390625,0.5244333333333333,0.501509375,0.8109055555555555,0.16593203125,0.7535041666666668,22.001609986544203,170.6864267831511,233.0871969113705,170.6874119845983,236.6051422116603,97.78170328890222,117.5373816529624,179.11295421931203,117.52281251913924,176.34165479082,Bowing
50,0.30445937500000003,0.2323875,0.2928828125,0.23421805555555555,0.4204296875,0.22425694444444444,0.1653359375,0.24417916666666667,0.51627265625,0.4760875,0.071234375,0.5170722222222222,0.48956171875,0.7631527777777778,0.18003046875,0.7019833333333333,14.876499857157302,163.41745679088265,218.92088562994624,163.41745679088265,230.4642527356466,84.91715259537747,121.50955217965796,176.73408117231716,124.0821174067814,170.6072341701326,Bowing
51,0.3056984375,0.23116388888888886,0.292940625,0.24277083333333332,0.42124296875,0.24511666666666668,0.1646390625,0.240425,0.49358124999999997,0.4872430555555555,0.07789296875,0.5146819444444445,0.4341234375,0.7601708333333334,0.2058578125,0.6871888888888888,18.344163894819506,164.23568506874506,197.39493714378793,164.23468512162708,226.54182273920196,62.89856301753503,119.34914282589978,170.68533955228338,117.97425961739246,158.82900688091638,Bowing
52,0.31501484375,0.2250013888888889,0.29719843749999997,0.2337347222222222,0.42608671875,0.2414138888888889,0.16831015625,0.22605555555555554,0.5100625,0.5138236111111111,0.074803125,0.5033805555555556,0.5020492187500001,0.8067777777777778,0.17308125000000002,0.7460347222222222,23.656013379265747,165.06962279595842,223.65782648054144,165.06962279595842,232.79854595121512,74.58492367480657,120.93940205905712,179.06546924772695,118.72431836307382,177.2160025265098,Bowing
53,0.324221875,0.23139444444444446,0.2957984375,0.2443486111111111,0.423203125,0.24510833333333334,0.16839453124999998,0.2435875,0.49356953125,0.48430277777777775,0.07839296875,0.5196541666666666,0.48199453124999997,0.7268111111111111,0.18479453125,0.7201069444444445,37.558525703227495,163.07891737744646,194.3505934156106,163.07792074036266,229.73945814334985,75.6211440271217,120.09573229699919,176.49875684777624,117.60902903539466,175.14984807140246,Bowing
54,0.32627890625,0.23183055555555557,0.296140625,0.23707361111111114,0.42400859375,0.23996805555555553,0.16827265625,0.2341805555555556,0.52519609375,0.5235180555555555,0.08160859375,0.5308958333333333,0.5257890625,0.8364319444444445,0.20598671875000002,0.7445986111111111,38.761263575894944,163.6842671028587,241.77490096368564,163.68425437408447,240.71846236838584,84.41104502617898,117.44060135142193,172.51661671995583,122.3917288712912,179.80697861439566,Bowing
55,0.32311484375,0.21258611111111111,0.29395937499999997,0.2362263888888889,0.42224765625,0.2392736111111111,0.1656703125,0.2331777777777778,0.5123578125,0.5120458333333333,0.0853546875,0.5407597222222222,0.5221281249999999,0.8151347222222223,0.232521875,0.7159930555555556,41.01734025994373,164.2236563866485,227.7606969979676,164.22466966019445,244.1572261822287,65.48252006539539,114.90131006745703,166.17130599290195,120.42520191145829,176.7200759983052,Bowing
57,0.32565468750000004,0.20797222222222222,0.29261328125,0.20966805555555557,0.42050078125,0.20279027777777775,0.16472578124999998,0.21654583333333335,0.484840625,0.4713611111111111,0.10390078124999999,0.5165708333333333,0.53751953125,0.7706013888888888,0.25085390625000004,0.6677791666666667,42.310621479718314,163.77088483610262,210.1777573055722,163.77088483610268,229.61997530702766,88.346328699824,109.8198933537351,161.25642289061142,113.06872628740162,162.62176647581677,Bowing
58,0.31556875,0.20118194444444445,0.2915234375,0.20876527777777779,0.41951953125,0.19992916666666669,0.1635265625,0.2176,0.487625,0.48501388888888886,0.08304453125,0.5333125,0.53741875,0.7852152777777778,0.24349375,0.6660875,31.258548974640544,163.95847727092374,223.00573702485767,163.95943771860158,249.56702958924683,79.94041635924992,114.37977196989763,162.41215673912825,113.01108591760735,163.5704703063066,Bowing
59,0.3218546875,0.22483055555555553,0.29617343749999997,0.2447513888888889,0.42842812500000005,0.2499361111111111,0.16391875,0.23956527777777778,0.5023593749999999,0.5267097222222222,0.0723140625,0.5427194444444444,0.495434375,0.7957958333333333,0.24965234375,0.6529847222222223,35.86488579376772,169.32715400962724,220.60493682825864,169.32717605865867,247.7715277367438,66.42697098771929,118.24445141569576,159.76259102254878,115.40195280607973,177.38045506231285,Bowing
60,0.3239953125,0.22332361111111113,0.29329453125,0.2402527777777778,0.42619999999999997,0.24215694444444447,0.16038828125,0.2383486111111111,0.5122625000000001,0.5251013888888889,0.06966328125,0.5325916666666667,0.51411484375,0.8309791666666666,0.238446875,0.6558027777777777,41.14396590023866,170.12452439904126,231.59677027108992,170.12552436656878,241.59522637875114,72.76734606516266,118.72928418907371,161.61207231111175,118.40196008606421,179.38318207576273,Bowing
62,0.32501796875,0.2101597222222222,0.288015625,0.21514166666666665,0.41901953125,0.2006791666666667,0.1570125,0.22960555555555556,0.47974218750000003,0.4204555555555556,0.075003125,0.5282527777777778,0.45605859375,0.6355472222222223,0.21720625,0.6366430555555556,47.498635117232574,168.00800514856428,176.29735320191284,168.0070690536562,239.2808004416568,85.66901640302493,116.02083560003976,165.27013191697895,116.15968829842413,168.9244060963651,Bowing
64,0.33472109375,0.21339583333333334,0.29052812499999997,0.2235875,0.41925156250000006,0.21502361111111112,0.16180546875,0.23215,0.45951328125,0.43630555555555556,0.07890234375,0.5492583333333333,0.36829921875,0.5865569444444445,0.25403515625,0.6404152777777777,57.04096539330309,164.88133403147862,167.45051374659914,164.88029733718943,251.77314110126997,82.60873637574983,114.92772423658471,158.11905521759047,107.92444402166446,132.81732907566786,Bowing
65,0.3401734375,0.21108472222222222,0.28425781250000004,0.22078333333333333,0.40993984375,0.20687222222222224,0.15857656250000002,0.23469583333333333,0.48915390625,0.45358472222222224,0.07374531250000001,0.5511805555555556,0.48955859375,0.7262847222222222,0.24751640625000002,0.6365819444444445,71.91184515085119,161.1844979673913,204.53416811134517,161.18356204340444,252.41784052835888,84.42751207946364,115.47870567977282,158.52368407091757,119.7179881848533,179.84884109048713,Bowing
66,0.330609375,0.21217916666666667,0.2862828125,0.21898472222222223,0.41339765625,0.21068472222222223,0.1591671875,0.22728472222222224,0.45094218750000004,0.4055097222222222,0.07791953125,0.5320611111111111,0.36719921875,0.5742916666666666,0.23423750000000002,0.6269069444444444,56.94919353248122,162.81670806462094,148.27767979368977,162.81770739081176,242.83502780694553,85.06407612538646,115.35730893250549,161.53267845646684,108.91114099979117,138.58566076353435,Bowing
67,0.33516171875,0.19603333333333334,0.29472421875,0.21905555555555556,0.42580937499999993,0.20493055555555556,0.1636390625,0.2331791666666667,0.48278984375,0.4632958333333333,0.06993359375,0.5543861111111111,0.4369140625,0.6839680555555555,0.24373203124999998,0.6267152777777778,54.34943767878375,168.09692864832473,199.81008671736268,168.09686815048045,260.5219253920867,72.24247645687119,117.41260108842194,160.10908631815482,111.40891276518326,159.71648907615295,Bowing
72,0.315990625,0.18768055555555554,0.29613671875,0.23267083333333333,0.42447656250000004,0.23176527777777778,0.167796875,0.2335763888888889,0.47903828125,0.4866388888888889,0.093140625,0.5297638888888889,0.4867125,0.7217347222222222,0.2320875,0.6406652777777778,41.17192026126545,164.27629387407063,196.3492780786321,164.2762938740706,233.6865606426694,38.114941310082045,114.13724848284973,164.31736052527225,110.83559058745344,176.6787426126885,Bowing
73,0.33014375,0.21183888888888888,0.28791171875,0.2227111111111111,0.41483749999999997,0.2116763888888889,0.1609859375,0.23374722222222222,0.46712421875,0.45789305555555554,0.08557578125000001,0.5260513888888889,0.5009890625,0.7255930555555555,0.21459140625,0.6533416666666667,54.62084613954641,162.65915052649203,189.48879519644424,162.65919937402862,231.5384769449778,81.76026903523686,114.63810245841802,167.2040133742437,110.68302379715716,167.32538861080494,Bowing
74,0.33934765625,0.21130277777777778,0.29740078125,0.23598194444444445,0.428446875,0.2364875,0.16635546875,0.235475,0.5014953125,0.49669722222222223,0.06879921875,0.5349097222222222,0.4878125,0.7888236111111111,0.23889765624999998,0.6597277777777778,56.55588585638104,167.73939494644665,209.38725177288134,167.73839712182777,249.1452548875856,71.68839172916552,120.07952900692183,163.091835335647,116.52258756751701,175.24003301456355,Bowing
76,0.32207265625,0.21425416666666666,0.29255234375,0.22762777777777776,0.42418828125,0.21962638888888888,0.160915625,0.23562777777777777,0.47904296874999996,0.48977499999999996,0.07415078124999999,0.5361347222222222,0.47234453125,0.7395430555555556,0.21157421875,0.6532125,38.993581997554415,168.59245877855867,206.79211504552097,168.5934240265616,243.20344303895044,75.70360320029265,117.17118760622807,167.82953439081334,109.84879350540368,177.27034365784536,Bowing
77,0.32462109375,0.20108611111111113,0.2885,0.21564583333333331,0.41249140625,0.2100888888888889,0.16450859375,0.22120416666666667,0.47282265625,0.47713333333333335,0.08523671875,0.5313,0.5009140624999999,0.7678138888888889,0.22759609374999998,0.6466138888888889,47.408527861556735,158.75942391555853,207.20055057841904,158.75944912035942,245.24437075089003,77.22514289257103,114.44014575927238,165.23053911371318,111.8823356747872,170.25148892953624,Bowing
78,0.32738046875000004,0.18973888888888887,0.29675078125,0.21758055555555553,0.42611796875,0.21393194444444447,0.1673828125,0.22123055555555557,0.46608828124999996,0.47537083333333335,0.1022234375,0.5103694444444444,0.46850859375000004,0.7234597222222222,0.222165625,0.6437375,44.03353894476347,165.6108366895114,195.0649685104939,165.61185242910605,224.26577896772392,62.91937171935591,111.83272103741723,167.01953853031748,105.20550198759607,179.00637915198212,Bowing
81,0.32397734375,0.19731805555555554,0.28727109375,0.22321666666666667,0.41063203125000003,0.2182597222222222,0.16391093750000002,0.22817361111111112,0.47474375,0.46489166666666665,0.08162890625,0.5204194444444444,0.51463046875,0.7573597222222221,0.22552109374999998,0.6470763888888889,50.54905404653977,157.94232923760498,195.6200822870699,157.94132949294809,235.303690855031,68.35287245681558,116.58955260651346,165.34709225817355,114.80314557870106,166.3714554439393,Bowing
82,0.32404609375,0.20690416666666667,0.29066796875,0.2227763888888889,0.41788984375,0.22354861111111113,0.163446875,0.2220027777777778,0.47532890625,0.4767166666666667,0.06917265624999999,0.526313888888889,0.49738515625,0.7486333333333333,0.20603125000000003,0.6605791666666667,44.22600321078086,162.84494917558848,196.54985994652858,162.84395259879932,250.13606908440855,75.02485400298333,118.84366916730576,170.2063100316141,111.96640284288195,171.79436038945755,Bowing
83,0.32145625,0.2096888888888889,0.30033203125,0.2208625,0.43020312499999996,0.2182097222222222,0.17046171875,0.2235152777777778,0.494525,0.5032055555555556,0.0778765625,0.5340722222222222,0.53866875,0.8154541666666666,0.23293515625,0.6627069444444444,28.2104510066748,166.24597235722732,221.09809368920395,166.2449724232285,253.0647946317306,73.43051120137567,117.92368373749784,165.8084219116257,111.86233124375266,165.8920004666393,Bowing
84,0.34314765625,0.20994861111111113,0.2908578125,0.22514583333333332,0.4153171875,0.22188055555555555,0.16639921875000002,0.2284111111111111,0.48560781249999996,0.4440388888888889,0.0707890625,0.5351847222222222,0.48788125000000004,0.712051388888889,0.22559609374999998,0.6513416666666667,67.81951138868517,159.32534658678762,183.52177772678644,159.32434669566354,252.51486746328428,80.71531680603945,118.98945817187226,166.02672902395125,119.35717531495968,179.1360369731694,Bowing
85,0.32788984375,0.21515416666666667,0.29031015625,0.23372222222222222,0.4216609375,0.23210555555555556,0.15895859375000002,0.2353375,0.48406484375,0.4716166666666667,0.06794375,0.5484388888888888,0.51149140625,0.7609291666666667,0.20803984375,0.6661486111111111,49.925269803978054,168.13302928633627,190.0490669090485,168.13402234229687,253.75589547831194,74.46778007549314,117.32896310038119,168.55032061384892,114.85332225706097,170.4337377392901,Bowing
86,0.332890625,0.21050833333333333,0.29626015625,0.22634722222222223,0.42525859375,0.22689722222222225,0.16726171875,0.2257986111111111,0.4825203125,0.48489444444444446,0.06925,0.5291055555555556,0.5106835937499999,0.7750194444444445,0.22386171875,0.6475861111111111,48.25393232680628,165.11847485972004,199.6952467861967,165.11847246447022,251.85157967739653,76.32978424271279,119.87640401008508,166.58222794984172,111.53282916220354,170.2086744508892,Bowing
87,0.32475624999999997,0.18232638888888889,0.29147890625,0.22339444444444442,0.41468515625,0.22099166666666667,0.16827187500000002,0.22579722222222223,0.47068359375,0.4357930555555556,0.08596171875,0.5184194444444444,0.5429070312500001,0.7664944444444444,0.2158734375,0.6475472222222222,51.85228814623321,157.7134886938971,170.45974109155512,157.71448863373334,235.56215908545244,55.23202615628862,116.56787934669357,168.65414950625657,114.86603963219981,158.78093566097533,Bowing
88,0.3299640625,0.20725416666666668,0.29545468750000003,0.22644722222222222,0.42863281249999996,0.21571388888888887,0.1622765625,0.23718055555555556,0.4740078125,0.46744166666666664,0.07850390625,0.5551,0.46386328125,0.7112875,0.234525,0.6762972222222222,46.28315400877512,170.6430807504365,190.3225523578328,170.64308075043652,252.77298915232222,72.62795612832205,115.10071185008222,163.69579698799694,107.7681599871153,175.7701325686556,Bowing
89,0.32481796875,0.2065736111111111,0.28994921875,0.22791944444444445,0.41911171875,0.22475416666666667,0.1607875,0.23108472222222223,0.483746875,0.48158055555555557,0.074121875,0.5327944444444445,0.5377375,0.7743402777777777,0.1925390625,0.6581902777777777,47.20404204091002,165.3437069410263,202.57913642327537,165.3427070360226,243.91641188120164,70.99888681083392,117.05175429750571,172.47129401568506,114.10426592162945,161.8479056903399,Bowing
90,0.33183046875,0.1958777777777778,0.2975109375,0.22776944444444444,0.43013828125,0.21993749999999998,0.1648828125,0.2356,0.49897109375,0.5010263888888888,0.065103125,0.5247833333333334,0.5285062500000001,0.8169486111111111,0.20348984374999998,0.6467805555555556,49.56824068897339,169.8566292200572,220.73049334425906,169.85759547338472,244.26240903585636,62.403612109245294,121.52510456408302,170.5234928488475,113.52545464420633,170.563576698737,Bowing
91,0.32049453125,0.1914875,0.29527890625,0.22370833333333331,0.4237421875,0.21890416666666665,0.166815625,0.2285111111111111,0.48618046875000004,0.4937902777777778,0.07216249999999999,0.5296625,0.5378671875000001,0.7899861111111111,0.204959375,0.6477986111111111,39.74838080978897,164.46937760568073,213.4453114148915,164.4693565774488,248.38194696273726,54.29257704359646,119.19483865963525,170.81313585194567,111.98928229573876,162.76477722128328,Bowing
92,0.32837578125,0.21995555555555554,0.29571875,0.23461666666666667,0.42716171875000003,0.2296763888888889,0.1642765625,0.23955555555555555,0.49603125,0.4665375,0.06823515625,0.5241402777777777,0.46974765625000003,0.7211805555555556,0.23736875,0.6489847222222223,43.11325477158972,168.28459602114515,191.976152188234,168.28357511058528,238.94966476226745,75.82741500986349,120.96219388700757,162.3919793915038,117.33467419054114,169.60203686114147,Bowing
93,0.33204765625,0.20872361111111112,0.28856328124999997,0.22503749999999997,0.41679921875000003,0.21243055555555554,0.16032734375,0.23764444444444446,0.49827187500000003,0.4290625,0.06260703125,0.5354013888888889,0.445496875,0.6362125,0.2358984375,0.6478805555555556,56.88588679101348,164.3927860126472,187.62612251496324,164.39278601264715,248.20643615547115,78.08364139082701,120.26123923680022,161.8668472023862,123.76671650273005,155.63331269546367,Bowing
94,0.31920859375,0.20129166666666667,0.28835781250000003,0.2394722222222222,0.41639609375,0.23492916666666666,0.16031953125,0.2440152777777778,0.4875640625,0.4801916666666667,0.065109375,0.5473013888888889,0.33210625,0.6252722222222222,0.2448828125,0.6468347222222223,48.115290927105455,163.9216390901457,198.70071450802587,163.92163909014576,250.0715160049221,55.156555154923296,119.16567321492049,159.534112879987,117.28734728947452,117.69729453123621,Bowing
95,0.32100078125,0.20050138888888888,0.288459375,0.24371111111111113,0.41607109375,0.24427083333333333,0.16084765625,0.24315277777777777,0.4999921875,0.47442500000000004,0.06703125,0.5423055555555555,0.38784375,0.6245166666666666,0.22265390625,0.6312708333333333,51.98910203109877,163.34349714022903,197.48158669101278,163.34349467609664,246.60344548485122,53.243615935270626,119.14069658838332,164.19296965042957,122.95255600228913,126.97283118826671,Bowing
96,0.32562578124999997,0.21125833333333333,0.2896515625,0.23208333333333334,0.41982734375,0.22968194444444445,0.15947499999999998,0.23448611111111112,0.47798515625000004,0.49297916666666663,0.06336015625,0.5407583333333333,0.37737890625000003,0.63075,0.21772421875,0.6239930555555555,48.42671003692071,166.6339703241809,203.66617991212973,166.63498064932227,252.51326496839724,71.96351672331194,119.15737050090205,165.1117621731574,111.43896465749648,127.60673851946603,Bowing
98,0.32167578125,0.22224166666666667,0.29333515625,0.23582916666666667,0.42571171874999997,0.22552916666666667,0.16095859375,0.24612916666666665,0.49497421875000003,0.4957097222222222,0.057703906250000006,0.5379138888888889,0.35598203125,0.6121666666666666,0.21350703124999998,0.6200819444444444,37.572001077930366,169.60421109158813,213.7798101692487,169.60421109158818,248.2006421849065,74.90738508546148,122.17429626852204,165.9736709772456,114.50087102551284,115.23450633913335,Bowing
99,0.33681953125,0.22444166666666668,0.29497578125,0.224175,0.42766015625,0.21273055555555556,0.16229218750000002,0.23561944444444444,0.50352265625,0.43912222222222225,0.05746171875,0.5462736111111112,0.39850390625,0.6065083333333333,0.22816484374999998,0.6244083333333333,53.560344136310405,170.03577416532082,189.73359960744963,170.0347753402227,260.8328846790604,90.20539101091957,120.96006465777737,163.23719457753572,120.7832191963271,131.87785324160942,Bowing
103,0.33359453125,0.21899722222222223,0.2944484375,0.24575833333333333,0.42472421875000005,0.2374722222222222,0.16417265625,0.25404583333333336,0.5162992187500001,0.5068722222222222,0.05826875,0.547475,0.3903171875,0.6187208333333333,0.21921796875,0.6191319444444444,53.68395731501169,166.85969005424892,226.63445386789712,166.85972581183276,251.0185065089823,68.96639691038749,122.68553897243507,164.99505026642842,121.14481483816886,116.53733051032046,Bowing
104,0.34076953125,0.22659999999999997,0.30087734374999997,0.23253888888888888,0.43489765625,0.23024583333333332,0.16685703125,0.23483055555555557,0.4779171875,0.4731027777777778,0.0650984375,0.5334736111111111,0.37943984375,0.619375,0.2059390625,0.6387819444444445,51.24072618533037,171.55394462675582,183.32246090973146,171.55393500587505,251.39652648753918,85.21314359322824,121.20554473408859,170.24068378696555,107.47996922047835,129.87886078667347,Bowing
106,0.34841171875,0.23396944444444445,0.30167578125,0.2344,0.43846953125,0.22835555555555556,0.16488203125,0.24044305555555556,0.4704859375,0.44471805555555555,0.07745546875,0.5467624999999999,0.38999296875,0.6093958333333334,0.241828125,0.6599138888888889,59.82280321081586,175.15007599199038,161.0812289560767,175.15005114758029,247.31610407735278,89.70309363338698,116.90301616325347,161.93840602336726,104.73874706707055,139.01062328505353,Bowing
107,0.34748984374999997,0.24410833333333334,0.30054921874999996,0.24259583333333334,0.433125,0.2540486111111111,0.16797265625,0.23114305555555556,0.46448671875,0.48211527777777774,0.07769921875,0.5411375,0.3666046875,0.6142819444444445,0.23224687500000002,0.6588888888888889,60.09386804824599,169.89722871489104,169.0435674996242,169.89822753636952,251.3329602658593,91.03835085762543,117.37089231378799,165.04360939154347,103.73734384535553,127.21754179083993,Bowing
108,0.3400015625,0.2730236111111111,0.29769296875,0.24046666666666666,0.43207109375,0.24283055555555555,0.16331562500000002,0.23810138888888888,0.5045437500000001,0.48271388888888883,0.06362890624999999,0.5405152777777777,0.45688203125,0.658898611111111,0.23860625,0.6579319444444445,59.010545718540826,172.01242053991336,196.05142662322046,172.01143048646506,252.37143547755164,113.40538111561038,120.371190387396,162.31672509492688,118.24004884087935,154.3158543806673,Bowing
109,0.33501171875,0.26269444444444445,0.30522421875,0.22366666666666665,0.44643984375,0.22921805555555558,0.16400937499999999,0.21811666666666668,0.4909703125,0.5152458333333333,0.061753125,0.5337333333333334,0.39166249999999997,0.6587819444444444,0.22838515625000003,0.6617361111111111,47.36406215687162,180.80018679470436,213.68240358298104,180.79916493446535,262.243215508047,126.38988748145304,119.94108224774692,165.53413839352964,105.47074672255714,129.11173984328548,Bowing
110,0.33983281249999997,0.28699583333333334,0.30645625,0.249775,0.44721875000000005,0.25616944444444445,0.16569296875,0.24338055555555557,0.495365625,0.5373,0.052425,0.5417347222222222,0.3953078125,0.6772513888888889,0.225153125,0.6667180555555555,50.43169325929875,180.23481293024392,211.58789610939465,180.23581260393286,259.1631812468739,122.09955721034711,124.0162119737981,165.97998999892744,106.93366285769471,128.19466743420537,Bowing
111,0.33293828125,0.29270694444444445,0.30504921875,0.24125833333333332,0.44615390625,0.25627361111111113,0.16394375,0.22624444444444441,0.49560859375,0.5289902777777777,0.06629765625,0.5192513888888889,0.46384765625,0.6871875,0.223434375,0.6567541666666666,51.4444462794576,180.93726735252744,206.30759060199406,180.93820581900331,245.21007604501085,136.05929314853157,120.64477894166116,166.1977682024967,107.86848234418488,160.35745728587474,Bowing
112,0.32608671875,0.3089527777777778,0.296140625,0.24840555555555557,0.43569296875,0.2605527777777778,0.15658828125,0.23625833333333332,0.4823046875,0.5476930555555556,0.0624703125,0.5489597222222222,0.367084375,0.6343291666666666,0.24161640625,0.6591138888888889,58.049137779987745,178.8409842429861,215.1778674724703,178.8409842429861,255.34982448789737,138.67572637478685,118.15042653776415,160.32920140719804,106.09751247264018,112.9260929034767,Bowing
113,0.32999609375,0.30580555555555555,0.30893359375,0.2496138888888889,0.4501984375,0.2671486111111111,0.16766796875,0.23208055555555557,0.48648046875000006,0.5180458333333333,0.068409375,0.5308694444444444,0.42167343749999997,0.6762680555555556,0.22712421875,0.6585097222222223,48.61780912381798,181.2592104859778,186.52008952657084,181.2601384088625,249.84397728382407,146.321699266001,120.56538861093449,166.0785482631857,104.4175515792712,143.93905762862022,Bowing
114,0.32046171874999996,0.3159430555555556,0.310571875,0.24031666666666665,0.44885703125000004,0.27203333333333335,0.17228749999999998,0.2086,0.48537187499999995,0.5673013888888889,0.07652578125000001,0.479975,0.489084375,0.8463527777777778,0.20363984375,0.6458180555555555,55.90314554656117,178.47199478069388,217.67020413919766,178.47100300048743,230.6553331813509,166.91212323959027,122.10149068952713,172.73499763382793,102.39933094233865,178.6451181710263,Bowing
115,0.32522734375,0.3066305555555556,0.30696171875,0.25251527777777777,0.45362265625,0.27319305555555556,0.16030078125,0.2318375,0.49442734374999997,0.5458527777777777,0.06012890625,0.5400555555555555,0.422459375,0.7254375000000001,0.23429531250000002,0.6586138888888888,45.43940766559352,188.31543648888686,203.1441658650329,188.3154364888869,256.2957730611256,149.03386474861836,120.01861691401706,162.8690651556418,104.89853289676422,144.53246818092686,Bowing
116,0.32521015625,0.3279111111111111,0.31108046875,0.2538625,0.45939453124999996,0.2759611111111111,0.162765625,0.2317625,0.5190789062500001,0.5754777777777778,0.05679375,0.5315694444444444,0.48414062500000005,0.8427388888888889,0.22418359375,0.6396041666666666,56.29913517097754,190.50759797183943,228.78403335897374,190.50867799919246,254.94169148454318,161.26156799272175,122.14467332014259,165.0122358892591,109.50699281335052,166.916496060638,Bowing
117,0.321190625,0.31722083333333334,0.30158359375,0.2505569444444445,0.44557578124999997,0.2676027777777778,0.157590625,0.23350972222222224,0.5009750000000001,0.5174902777777778,0.072775,0.5534152777777778,0.43388515625,0.7005388888888888,0.23967343749999998,0.6604125000000001,54.16334012041725,184.71817081435168,193.388770309964,184.71923504876256,254.63497858699617,152.39601394244278,115.23623771878293,161.12841453501773,111.51075645622606,146.91253454062084,Bowing
118,0.32034765625,0.3203611111111111,0.30881953125,0.2589472222222222,0.45066015625,0.28249861111111113,0.166978125,0.23539583333333336,0.49828828124999996,0.5900875,0.07241093750000001,0.5171194444444445,0.49679375,0.8777305555555556,0.21439609375000002,0.6461416666666666,46.61513767007451,182.34615703381306,229.7017905720371,182.34715270055628,236.2130508608701,161.545617021554,120.82677203188493,168.40206131065707,105.39101838174237,179.47077681586123,Bowing
119,0.31953437500000004,0.3278847222222222,0.30974921875,0.25085972222222225,0.45102265625,0.2736152777777778,0.16847578125,0.2281027777777778,0.49701953125,0.5291722222222223,0.061259375000000005,0.5310027777777778,0.40733515625,0.6566083333333333,0.21495000000000003,0.6591777777777778,56.854774548845064,181.57071447785844,193.1909712615991,181.5708047154057,257.6749307033961,167.27345633081535,122.18111973591957,169.15013575289265,107.74345137186857,128.63460044110477,Bowing
120,0.3298359375,0.3026041666666667,0.3077828125,0.24508888888888888,0.44466328125,0.2589361111111111,0.17090234375,0.23124166666666668,0.48693359375,0.5393902777777778,0.0957625,0.5308263888888889,0.46188828125,0.7643611111111112,0.23028125,0.6331083333333334,50.11677269138547,175.49043777083696,209.05016757945924,175.49043777083696,236.1722283461796,145.71952041073612,114.0316323307418,165.2820262490738,104.99995325259587,168.80500558283805,Bowing
124,0.32861328125,0.31274722222222223,0.303715625,0.25614166666666666,0.45115546875,0.267125,0.15627578125,0.24515694444444444,0.49299687499999995,0.5661083333333333,0.057165625,0.5523694444444445,0.34159921875,0.6378305555555556,0.2191421875,0.6481486111111111,51.73668618108432,188.88861054335706,221.83025959728755,188.88865241194344,254.99030681576897,141.97650476840911,119.83559929483093,164.49960132195685,103.97109400840499,104.92118511536665,Bowing
126,0.32726328125,0.3160361111111111,0.30485703124999997,0.25451527777777777,0.44350781250000004,0.2655208333333334,0.16620625,0.24350972222222222,0.49541250000000003,0.4882763888888889,0.060555468749999994,0.5220791666666666,0.45009609375000004,0.6534791666666666,0.20848125,0.6367888888888888,52.76920906172462,177.64981144093576,173.6002168777447,177.64981144093565,241.90140385909297,147.077865870199,123.98955877522116,169.18122888568692,112.50145508805065,154.0034401842723,Bowing
127,0.32454375,0.3092625,0.30627499999999996,0.25275277777777777,0.44191562500000003,0.2567097222222222,0.17063359375,0.24879583333333335,0.492909375,0.4802916666666667,0.06703046875,0.5284611111111112,0.429928125,0.6312694444444444,0.22729375,0.6488069444444444,46.928066495435345,173.64337361673213,173.70858477634314,173.6443734821258,241.10451971085072,150.11276735197592,123.368297442989,165.86587406998024,112.07103065854454,143.43898974690003,Bowing
128,0.3244984375,0.30659305555555555,0.3013375,0.2598625,0.44197968750000005,0.2633361111111111,0.1606953125,0.2563888888888889,0.52153046875,0.5106055555555555,0.0674234375,0.5462222222222222,0.43057421875,0.6430902777777777,0.23395625,0.6631916666666666,44.843490408307886,180.03937204122886,205.09616227760088,180.0393720412288,240.41804621117774,138.61623456437778,119.77432268273171,162.24705266069145,119.7670229116413,129.32859211111773,Bowing
129,0.32737109375,0.31266527777777775,0.31229296875,0.2533166666666667,0.45036875,0.26659583333333337,0.17421640625,0.2400361111111111,0.5083992187499999,0.5047666666666667,0.06351171875,0.5385569444444445,0.42852578125,0.6525013888888889,0.23503124999999997,0.6515152777777777,46.88740087699467,176.99542335891059,186.8790762231021,176.99647591971993,257.44224794893324,155.69307966759055,123.39600153774305,165.2784101046057,113.42016893543935,136.13446784258005,Bowing
130,0.3179875,0.3001013888888889,0.302234375,0.25524722222222224,0.44075312499999997,0.2615222222222222,0.16371640625,0.2489736111111111,0.48855703124999994,0.49651944444444446,0.0679578125,0.5538319444444445,0.39670625,0.5973569444444444,0.23778828125,0.652175,38.0730077745376,177.36155372571585,179.92236360441692,177.36052857950105,251.40211225246298,148.0206182714519,119.1796509320729,161.91324977792547,109.88208768232839,121.6967916449414,Bowing
131,0.32714140625,0.31068333333333337,0.305659375,0.25279444444444443,0.4464796875,0.26153055555555554,0.1648390625,0.24405833333333335,0.49143515625,0.4931777777777778,0.063225,0.5460361111111112,0.40720703125,0.6297986111111111,0.23075390625,0.6385944444444445,49.93302923917192,180.35971445974292,176.43346237321313,180.35971445974295,253.35816571012666,146.58648937839573,120.88843873338502,163.45795067212447,109.03499614336864,132.37713070854187,Bowing
133,0.3247,0.30993472222222224,0.30811875,0.25508333333333333,0.44485859375,0.2685430555555556,0.17137968750000002,0.2416236111111111,0.481828125,0.5168208333333333,0.07330234375,0.5206180555555556,0.44526328125000003,0.7194694444444445,0.19959765625,0.6565652777777777,44.83475465528945,175.29508324536658,184.91731839122048,175.29408477470082,236.87804435405155,151.7458960335771,122.00363974910674,173.10655701328065,104.82713188676914,162.21517104017832,Bowing
134,0.32105625,0.31443055555555555,0.30691875,0.2558888888888889,0.44686328125,0.2678375,0.16697421875000001,0.24394166666666667,0.48453749999999995,0.49764861111111114,0.06679453125,0.5452319444444444,0.40488828125,0.6174361111111111,0.22749531250000002,0.6691875,45.87033590459087,179.33546846622394,172.34788372649083,179.33542049745776,251.99429346911805,156.76499872846216,120.58797326282428,165.8013527416286,106.24828996524607,130.23005952259058,Bowing
135,0.32590390625,0.30049305555555555,0.30708125000000003,0.24858194444444445,0.44534921875,0.25903333333333334,0.1688125,0.23813055555555557,0.48609296874999997,0.5208625,0.08676874999999999,0.5326694444444444,0.47338515625,0.7620944444444444,0.24211718750000003,0.6590444444444444,44.46839355092554,177.14290252222924,195.59777706558938,177.14390161955902,236.64572018103348,147.19370572687782,116.34459725944477,162.79691561207835,105.46375867312815,174.64978519539773,Bowing
136,0.32469453125,0.3061291666666667,0.30306875,0.2558902777777778,0.44353359374999995,0.26348472222222225,0.16260390625,0.24829722222222222,0.52576640625,0.5124944444444444,0.0567734375,0.5397013888888889,0.44064921874999996,0.6522375,0.232521875,0.6530319444444445,45.54834074914254,179.87812832303982,207.90159915931383,179.8780979274575,249.741626666441,142.57459995351604,122.84802511470384,162.92768563917835,120.41686294317695,132.72238328679165,Bowing
137,0.32489218750000004,0.3132583333333333,0.30898125,0.2507361111111111,0.4470828125,0.2630402777777778,0.1708796875,0.23843194444444443,0.481565625,0.49999583333333336,0.06850546874999999,0.5409486111111111,0.4154359375,0.6639875000000001,0.2364671875,0.6691069444444444,49.4086451139879,176.9918494761835,176.2250059100581,176.9918494761835,254.1914374344659,155.65719946068626,121.03175328876895,164.85103192013295,104.5049643289837,144.3636620016111,Bowing
138,0.3211984375,0.31023055555555556,0.31258046875,0.24739166666666668,0.4502359375,0.2620513888888889,0.17492421875,0.23273055555555555,0.48388359375,0.5128930555555555,0.07813281250000001,0.5293249999999999,0.42268515625,0.6801805555555556,0.22731484375000002,0.6721138888888889,46.56933000376965,176.51485950480205,185.67031533608167,176.51591751454032,246.88504157400865,166.29796593722008,120.1207915871085,168.0318086946689,103.4127825011351,146.96160488816048,Bowing
139,0.3298140625,0.3101361111111111,0.3041046875,0.2511222222222222,0.43922421875,0.2571833333333333,0.16898515625,0.2450611111111111,0.492771875,0.48143749999999996,0.06323125,0.5461472222222222,0.424221875,0.6276583333333333,0.21627265625,0.6425388888888889,53.74324668272283,173.00804809314505,175.40857746986038,173.0080480931451,255.57409639672014,142.24264361504254,121.98185732134216,168.05791602668842,113.00120954204573,140.1907354931782,Bowing
140,0.32282890625,0.3061236111111111,0.3088265625,0.2514444444444444,0.4441,0.2629625,0.17355234375,0.239925,0.4815796875,0.5042263888888889,0.08801015625,0.5199638888888889,0.40835,0.6682958333333333,0.24398046875,0.6691486111111111,43.25681553235282,173.34848239601058,180.21284298295726,173.34952909367826,229.4401586906704,155.5222821128527,118.50415394618585,163.73790869329918,105.43871156150372,141.56864118715194,Bowing
141,0.32572812500000003,0.31040972222222224,0.310371875,0.2552388888888889,0.44672421875,0.27253194444444445,0.1740203125,0.23794583333333333,0.46876093750000003,0.5247388888888889,0.072125,0.5230458333333333,0.347528125,0.6269291666666666,0.20504609375,0.6493041666666667,44.32014288108739,174.97456204260092,183.76669929560143,174.97356457762413,243.20266334890334,153.67256693731417,122.4311156398779,172.36305090127215,98.82943657750135,115.36777348589023,Bowing
143,0.325478125,0.31250694444444443,0.30619999999999997,0.25177638888888887,0.44816874999999995,0.25957916666666664,0.16423125,0.24397222222222223,0.49936328124999996,0.5217263888888889,0.061679687500000004,0.5346555555555556,0.40053906250000004,0.6411972222222222,0.2242125,0.6563944444444444,50.20824685248432,181.80682144518116,199.79765353226747,181.80685234885945,247.05040785232475,150.56255334451726,122.09555517855989,165.50342544688843,109.14602290834095,124.2164454775749,Bowing
144,0.32256796875,0.3125597222222222,0.30298828125,0.25211666666666666,0.4411875,0.2637638888888889,0.16478984375,0.24046944444444446,0.49285546875,0.4850805555555555,0.06556484375,0.5474097222222222,0.41327421875,0.6167652777777778,0.232959375,0.6402708333333333,50.21958985296476,177.09366454224164,172.52716693031272,177.09266566405282,254.89351908787322,150.06294525750909,119.88618196243235,163.13656872118898,112.54016160761716,132.94678790655658,Bowing
145,0.32478984375,0.3133472222222222,0.303671875,0.25007916666666663,0.44032031250000003,0.2582291666666667,0.16702343749999998,0.24192777777777777,0.48969765625,0.48884444444444447,0.06571328125,0.5401236111111112,0.4186875,0.6290041666666666,0.24323828125000002,0.6515555555555556,52.969338017385134,175.00840415248638,177.66512617280858,175.00843768515847,250.82392973956854,149.31524602337856,121.13150613062162,161.69727408068007,110.83894487306998,137.99099413282002,Bowing
147,0.327753125,0.2987944444444445,0.30608984375000003,0.2543013888888889,0.44834765625,0.26037777777777776,0.16383125,0.2482236111111111,0.50024765625,0.4957597222222222,0.06546640625,0.5535986111111111,0.39656171875,0.6060388888888889,0.23393125,0.6554333333333333,42.36907676596221,182.14255056136662,182.03017950054326,182.1435742951148,253.368091023712,139.12104333252768,119.79730448116432,162.98382473541758,111.40453472332653,120.8907543962883,Bowing
148,0.32933671875,0.30075694444444445,0.30255078125,0.2588888888888889,0.44455,0.25843333333333335,0.1605515625,0.25934305555555554,0.486534375,0.4977958333333333,0.061746875,0.5622041666666666,0.41437656250000005,0.6097097222222222,0.23989687499999998,0.6573986111111111,45.65359592627944,181.75929595209155,180.5253663090038,181.75929415025794,252.08098797807023,131.32264055126203,120.11278940406949,160.487278972137,107.31871362940535,131.1019345809547,Bowing
149,0.322034375,0.2861222222222222,0.30885078125,0.25408888888888886,0.45268515625,0.26509027777777777,0.16501640625,0.24308749999999998,0.48555859375,0.5540694444444445,0.05626250000000001,0.5495847222222222,0.3330453125,0.6377458333333333,0.21269140625,0.6341875,28.578203599946605,184.27831642654002,212.2771827328599,184.27831642654002,260.9153343692164,143.8085685441835,122.24397370718523,167.77246743875386,101.43300353211218,107.15103886713693,Bowing
150,0.3298,0.28578749999999997,0.30627499999999996,0.2585611111111111,0.4482375,0.2664486111111111,0.16431328125,0.25067361111111114,0.48959453125,0.5247736111111111,0.06277109374999999,0.5530986111111111,0.38173671875,0.6330819444444444,0.22135781250000003,0.669613888888889,35.930629732861654,181.8007205293753,193.38069708479182,181.7997210173877,253.58738373980674,123.06424498319484,120.83325128021005,166.39222487397478,105.88723864863321,119.45991386091515,Bowing
151,0.3276203125,0.29515,0.30635859375,0.25382777777777776,0.44619687499999994,0.2592513888888889,0.1665203125,0.24840416666666668,0.49056718750000006,0.5048138888888889,0.05596640625,0.5478555555555555,0.42092578124999996,0.6736555555555556,0.21083593750000001,0.6640708333333333,40.32167815208091,179.03559164032157,185.70289836456516,179.03559164032166,257.89593464418937,137.54995714073823,123.2782719655463,169.26775578697672,107.80826204509435,143.74843035760892,Bowing
152,0.32355,0.28326527777777777,0.30736796875,0.25401805555555557,0.44573203125000005,0.2710736111111111,0.169003125,0.2369638888888889,0.47947109374999997,0.5751361111111112,0.05867109375,0.5480944444444444,0.33812578125,0.6245069444444444,0.20295234374999999,0.6434458333333334,29.53756477775378,177.5312187644754,223.14386888507602,177.5321472015702,264.81460084557267,135.47321334111976,122.22853462079321,171.5544640859146,101.15911615802554,101.11570858388386,Bowing
153,0.3260703125,0.2890027777777778,0.30515703125,0.24973055555555557,0.44427578125,0.24485972222222224,0.16603828125,0.2546013888888889,0.5081875,0.5105847222222222,0.05262109375,0.5528888888888889,0.44648359375,0.6746861111111111,0.21556484375,0.6642583333333334,38.937276959232776,178.10653057369908,208.07809335199124,178.10653057369908,259.23031181750326,136.56822920663228,124.05713840902663,167.86999948714495,113.1509728480413,146.23870707000768,Bowing
154,0.33077265625,0.2831722222222222,0.30216015625,0.2567069444444445,0.44035390625000004,0.2579958333333333,0.16396640625,0.2554166666666667,0.5078875,0.4946083333333333,0.056204687499999996,0.5525416666666666,0.4085078125,0.6325972222222223,0.19668593750000002,0.639848611111111,41.28450558018106,176.89043424673935,191.03733292212806,176.89043949575114,254.54294161300172,117.48738494481525,122.81258651949989,171.39589251934737,116.90372629870073,127.99098739760358,Bowing
156,0.33156328125,0.29613333333333336,0.30428984375,0.25362500000000004,0.440925,0.25504583333333336,0.16765390625,0.25220555555555557,0.49225,0.4853791666666667,0.060810937499999995,0.5413680555555556,0.40826640625,0.6416722222222222,0.21515937499999999,0.6695333333333333,46.42666621673369,174.89599188660674,178.37844605220667,174.89698602320166,249.09639678245048,131.24141889049463,123.2998333072618,168.55961907230989,111.6105419627601,136.31010368584336,Bowing
157,0.3296109375,0.2993013888888889,0.30577421875,0.25547916666666665,0.44602031249999996,0.2569166666666666,0.165528125,0.25404027777777777,0.49470000000000003,0.49845972222222223,0.0586953125,0.5476569444444445,0.41305625,0.6289625,0.22277343749999998,0.6564736111111111,43.89134111644345,179.5179836395228,184.73649347381263,179.5179894077471,251.77593159791903,135.96094796997497,122.89667902539367,165.8082753870204,109.71192712721279,131.95945400137293,Bowing
158,0.327240625,0.2958013888888889,0.30795703125,0.2494361111111111,0.44681875,0.26012222222222225,0.1690953125,0.23875000000000002,0.50663515625,0.502598611111111,0.052616406250000004,0.5470069444444445,0.39123125000000003,0.6285430555555556,0.21156718749999998,0.6528847222222223,41.517167268492685,177.90944799251108,190.63426531974778,177.90944799251108,267.3729710984265,143.52121164905947,123.89148906852103,169.66725530295142,113.68030105767295,121.54478739362116,Bowing
159,0.32904218749999997,0.29662499999999997,0.30044609375000003,0.2620152777777778,0.44058046875,0.26724861111111115,0.1603125,0.25678194444444447,0.49375078125,0.49324027777777774,0.060471874999999994,0.5527152777777777,0.43474609375,0.6185958333333333,0.20091484375,0.6750291666666667,44.28020065446854,179.41157211283775,176.37385622591572,179.41057233340518,248.4582355246048,124.24668906176957,120.95442309116767,170.20823359559776,112.69797990142432,140.0774894940514,Bowing
160,0.32823984375,0.29078333333333334,0.3048984375,0.2584666666666667,0.44210703125000006,0.2668097222222222,0.16768984375,0.2501236111111111,0.4831890625,0.4879361111111111,0.059674218749999994,0.5515222222222222,0.39798046875000004,0.6070736111111111,0.20110156250000003,0.66335,37.86865396340357,175.7296991916848,167.67028581713578,175.72969919168472,257.3088915078529,127.9112107672706,122.50212100389679,171.8201345005453,108.27761269837971,128.18433792979874,Bowing
161,0.3275859375,0.29094861111111114,0.30135859374999996,0.25572361111111114,0.4394453125,0.2617333333333333,0.16327109374999998,0.24971527777777777,0.48991484375,0.5161777777777778,0.05689375,0.5460291666666667,0.42463749999999995,0.6366416666666667,0.19351796875,0.6450013888888889,42.07425679676352,176.80395620573657,194.25634919095953,176.80493143574924,253.09460342923163,127.07007935706122,122.54708432965643,172.25339508664013,109.42395211735784,136.06948850641982,Bowing
162,0.3287078125,0.2979486111111111,0.3041625,0.256075,0.4401703125,0.2622333333333333,0.1681546875,0.24991666666666668,0.49592421875000003,0.4830388888888889,0.05640078125,0.5291236111111111,0.41983125,0.6344416666666667,0.184525,0.6342305555555556,43.5436898413536,174.14645691486234,174.26303000062867,174.1464569148623,246.72764511906647,133.81920427646529,125.43428554623458,175.6694516162553,114.17497526159194,138.2196315215107,Bowing
164,0.32868203125,0.29210138888888887,0.30304296875,0.25909583333333336,0.44325859375,0.26271527777777776,0.162828125,0.2554763888888889,0.48087578124999997,0.5095527777777777,0.05971015625,0.5501722222222223,0.39765390625,0.6409333333333334,0.20033984375,0.6497486111111112,40.51849972543408,179.49491862445578,184.130082357555,179.49391872985558,249.88477513045888,125.90885422289811,121.88441930375357,170.39980995262914,105.15908013434164,131.60528335887872,Bowing
166,0.325984375,0.29299444444444445,0.305634375,0.2612555555555556,0.445575,0.267375,0.16569453125,0.2551361111111111,0.49683359375,0.5185333333333333,0.06047734375,0.5478972222222223,0.39161015625,0.6385694444444444,0.19686328125000002,0.6411402777777777,34.651294463555026,179.17818006665883,192.36875753874378,179.1771803690414,250.1394503631924,131.26058814365214,122.57557988015012,171.8309666149673,109.94201044430362,122.68768484495064,Bowing
167,0.33486796874999997,0.28424166666666667,0.30587421875,0.2539527777777778,0.44528984375,0.25185138888888886,0.16645859375,0.2560527777777778,0.49858125,0.4924597222222223,0.05782421875,0.5427569444444444,0.41671171874999996,0.6390569444444444,0.19656484375,0.64875,43.0452019161253,178.45841384759643,186.1838285485611,178.45840537223233,248.8926777408287,120.43962973397622,123.96473732240041,172.23875863989957,111.49219394120769,135.20619995834463,Bowing
168,0.33051718750000003,0.2901486111111111,0.30308125,0.2474138888888889,0.44392343749999996,0.24841944444444444,0.1622390625,0.2464083333333333,0.52836015625,0.5050416666666666,0.05798515625,0.5446513888888889,0.45098359375,0.6457166666666667,0.19451953125000002,0.6440041666666667,46.690526715812496,180.2794537932706,214.05673094999844,180.27945379327065,252.82145528020362,131.2235584627803,121.85848698168952,171.78686204760876,120.32525906125983,135.64177924231925,Bowing
169,0.32925390625,0.28989305555555556,0.306109375,0.2548694444444444,0.44571562499999995,0.26561805555555557,0.166503125,0.24412083333333331,0.5037703125,0.5247569444444444,0.056271875000000006,0.5359569444444444,0.36955859375,0.6581833333333333,0.19189609375,0.6355555555555555,38.90421203417441,178.86350252916327,200.83344467493455,178.8635025291633,253.09945890894357,130.40465302133322,123.88118711068134,173.42130396174187,111.71611643871985,119.21429473343436,Bowing
170,0.33091484375,0.2916902777777778,0.30453203125,0.24974722222222223,0.44232343749999997,0.25196805555555557,0.166740625,0.2475263888888889,0.5195234375,0.5105666666666667,0.06550859375,0.5513,0.45098203124999997,0.6431194444444445,0.19512968749999998,0.6414222222222222,45.30333874009731,176.38024812886502,210.78825948567442,176.38024812886502,254.2190492823069,131.80484157175553,120.64425515422946,172.69853677674004,117.95595741611065,137.40869940263576,Bowing
171,0.32903125,0.2864513888888889,0.30089296875,0.2588958333333333,0.437815625,0.2581819444444444,0.16397109375000002,0.25960972222222223,0.49581093750000005,0.5152458333333333,0.061308593749999994,0.55745,0.41565390625000004,0.6580986111111111,0.23324140624999998,0.6640833333333334,41.11994514830977,175.2617537199717,199.41793839070746,175.26075372427218,251.50491146098915,118.84821442937974,121.49921040597764,163.06645105868535,111.85465585750873,135.07055474381139,Bowing
172,0.333484375,0.29134166666666667,0.29893281250000003,0.2576347222222222,0.43653125,0.2577847222222222,0.161334375,0.2574861111111111,0.534725,0.4981055555555556,0.05762109375,0.5560305555555556,0.46735546875,0.6434416666666667,0.21117578125,0.6504125000000001,50.44723418583023,176.12603311265485,213.86257340871967,176.12603250229648,252.64148771134165,118.75576094371743,121.69921642134794,167.29206836125636,125.99428227888123,140.50887119460432,Bowing
173,0.32951640625,0.29000000000000004,0.30505390625,0.2529222222222222,0.44338515625,0.2581972222222222,0.166721875,0.24764722222222224,0.5047234375,0.5119569444444444,0.0578375,0.5544625000000001,0.42061875000000004,0.6543375,0.22566718749999998,0.6566708333333333,41.1475121969725,177.10472862123135,198.86211056407905,177.1057283912635,261.1981183565456,130.45026225675778,122.24815654089352,165.62993360417195,113.25420321538931,133.59901787326007,Bowing
174,0.32951953125,0.2853347222222222,0.30808749999999996,0.25149027777777777,0.44731796875,0.2586194444444444,0.16885703125,0.2443625,0.4992515625,0.5283208333333334,0.0586828125,0.5499916666666667,0.43207734374999995,0.6668847222222222,0.21433906249999998,0.6486583333333333,36.692900035292965,178.28890575131143,205.24799597072808,178.28887696376347,261.3633664804615,131.6138287208907,122.65415514057209,168.6903703413903,108.89752121807871,139.24370051540492,Bowing
175,0.3231890625,0.2869847222222222,0.31156484375,0.24734444444444442,0.45419921875,0.25975833333333337,0.16892968749999998,0.23493194444444446,0.52476953125,0.5076083333333333,0.06161484375,0.5426333333333334,0.455653125,0.6359972222222222,0.19170078125,0.6419708333333334,32.186539453628754,182.7906535575602,200.01156267576133,182.7916034668989,260.6737056053027,152.46605849349422,121.79986554320911,174.32034064571332,116.84791887794995,136.25745546094524,Bowing
176,0.32431484374999997,0.3011902777777778,0.30403828125,0.2574388888888889,0.4471078125,0.2668069444444444,0.16096953125,0.24807222222222222,0.533315625,0.5123819444444445,0.060421875,0.5382388888888888,0.4469453125,0.6549,0.20742656249999997,0.6502111111111111,40.815721444071045,183.2531736860238,208.4212808520282,183.25213755915644,245.38034518070106,140.51453682546884,121.63431780376995,168.39411872367023,121.96744327290628,132.86657647887316,Bowing
177,0.32908359374999996,0.2881708333333333,0.3090140625,0.2478625,0.449209375,0.25940972222222225,0.16881796875,0.23631388888888888,0.4987265625,0.5153027777777778,0.060459375,0.5435138888888889,0.45461328125,0.6419861111111111,0.21303125,0.6406763888888889,38.75824047863883,179.64249245654554,194.84034739498895,179.64353766835035,261.07427000185214,138.48615662828422,122.09080455010374,168.99982507994125,108.98388665710176,148.24032528880505,Bowing
179,0.33549921875,0.2899625,0.302040625,0.2538930555555555,0.43648125000000004,0.25064444444444445,0.16760078125,0.25714166666666666,0.48478359375,0.4678486111111111,0.061075000000000004,0.5353333333333333,0.44834375,0.6237416666666666,0.19415,0.6604652777777779,50.08585457991108,172.09989534279214,168.16501329943753,172.09889543515382,242.3044147616795,121.23233619490527,124.24510302752027,173.32536737344338,111.5711745570183,157.43448899332628,Bowing
180,0.3316125,0.28729444444444446,0.30603359375,0.25435833333333335,0.448009375,0.2581486111111111,0.1640578125,0.25056805555555556,0.49863437499999996,0.5063666666666666,0.05868359375,0.5533277777777778,0.45074296875000003,0.6314361111111111,0.2255078125,0.6647486111111112,40.42680888964647,181.74948935829227,190.1020938574849,181.7494893582923,256.34093861496257,125.91546262016132,121.74706373729362,165.2241547647323,109.9298557330917,145.75515734893554,Bowing
181,0.331575,0.28252222222222223,0.302828125,0.2536055555555556,0.4403890625,0.2598652777777778,0.1652671875,0.24734583333333332,0.49958515625000005,0.5186777777777778,0.05998984375000001,0.5461222222222223,0.44301796875,0.6823319444444444,0.21897187499999998,0.6463388888888889,42.277866738992394,176.13567251695494,201.16088950389934,176.13567251695497,253.8406866245047,119.50215245668049,122.0638817894384,166.54274391824887,112.12748299105654,148.4296807526049,Bowing
182,0.33469296875,0.2799819444444444,0.30628828124999996,0.2542652777777778,0.44577968749999997,0.25695277777777775,0.16679765625,0.2515777777777778,0.502615625,0.4834569444444444,0.059657031250000006,0.5423527777777778,0.42949921875,0.6359597222222223,0.23273281250000002,0.6645486111111112,40.80130414582357,178.5594848390866,178.5738709582116,178.55848489780593,250.2761510092402,116.98833086895752,123.22681153328824,164.1538838506434,114.04126159370585,139.5576076641491,Bowing
183,0.33361953125,0.2851375,0.2990453125,0.25631944444444443,0.4382890625,0.2538722222222222,0.1598015625,0.2587666666666667,0.49386171875,0.5043222222222222,0.06686015625,0.5482305555555556,0.46157812500000006,0.6302111111111112,0.23921874999999998,0.6613527777777778,48.87766387625333,178.2407093455364,193.84697228742058,178.24070934553646,239.97722104608178,115.11957803779873,119.71819915188354,160.6743376836872,111.52790960149748,155.49164042167155,Bowing
184,0.33781875,0.29475694444444445,0.304471875,0.25830277777777777,0.44107578125,0.2581263888888889,0.16786796875,0.25848055555555555,0.503303125,0.4779958333333333,0.05673203125,0.5399680555555555,0.44739140624999996,0.6317152777777777,0.22334453124999998,0.6571847222222222,50.108171638965246,174.8530461215932,177.2147607762965,174.85304685077693,247.61206504732357,121.58795090160838,125.06486997067178,166.10599970243598,116.70906279618191,147.11234022019423,Bowing
185,0.3287875,0.28979166666666667,0.2993125,0.24118055555555556,0.443765625,0.2504958333333333,0.15485859375,0.2318652777777778,0.48181484374999994,0.5500305555555556,0.055120312500000004,0.5453652777777778,0.40492343750000004,0.6680305555555556,0.2260890625,0.6746638888888888,51.46262706080987,185.02160373588808,221.09584897505422,185.02260307865092,259.32194397119576,132.85186387994742,119.49207116834077,164.04048222193683,102.72548096501558,130.8017585771879,Bowing
186,0.3288421875,0.2931930555555555,0.30388984375,0.26411527777777777,0.44501406250000003,0.2681513888888889,0.162765625,0.2600791666666667,0.48540703125,0.5386611111111111,0.0634140625,0.5571486111111111,0.37313828125000004,0.6394944444444444,0.2337109375,0.6648708333333333,38.189210740731475,180.6623733847201,201.51274028705978,180.66237338472,248.8395888921214,123.24482317085533,120.73393651745916,162.69400874817904,104.86689272428856,116.80314031061857,Bowing
187,0.32571015625,0.2877416666666667,0.31074140625,0.25023472222222226,0.45165234375,0.2586555555555555,0.16983046875000002,0.24181388888888888,0.5259609375000001,0.48739305555555557,0.05686875,0.5381222222222222,0.4590421875,0.628451388888889,0.2039984375,0.6415444444444444,33.11156331253477,180.46787504982706,190.1840916217758,180.4678750498271,257.72342975562,144.64436621938125,124.12717299770092,171.35943746306035,120.00798541045879,139.85617497717382,Bowing
188,0.33284609375,0.2944541666666667,0.30746953125,0.2504236111111111,0.44856171875,0.25675416666666667,0.16637734375,0.24409444444444442,0.49868671875,0.4834972222222222,0.059294531250000004,0.5480722222222223,0.46627421875,0.6367222222222222,0.2267984375,0.6685208333333333,45.38829285179166,180.65550909950133,175.41009271133743,180.65548387192678,258.2412415784899,134.30374379643195,122.05731115552324,165.79760330622463,111.4550653746447,159.39058706350272,Bowing
189,0.331978125,0.2945125,0.30723984375,0.2600236111111111,0.4450609375,0.2670416666666667,0.16941796874999998,0.25300555555555554,0.48252890624999994,0.5513902777777777,0.05619140625,0.5540277777777778,0.35096328125,0.6375222222222222,0.2224625,0.6472111111111112,40.240532414469875,176.4833525576846,210.2732699179807,176.48435214771877,260.7282082859467,128.10388632104,123.77039765945776,166.5465947182936,103.18402397511477,110.21629765817077,Bowing
190,0.33746640625,0.2989541666666667,0.30286875,0.24884027777777776,0.4423828125,0.25372361111111114,0.16335390624999999,0.24395694444444443,0.49359921875,0.4611388888888889,0.05726250000000001,0.5483458333333334,0.43874296875,0.6185680555555556,0.23609375,0.6665472222222222,57.12330478009828,178.61260968923776,163.0946264289538,178.61360949546932,257.8215095933619,129.17204522087673,121.78338736299462,162.98556041724353,113.7005668687404,148.22313877314005,Bowing
191,0.34465234375,0.27839722222222224,0.30920703125000004,0.25238194444444445,0.45128671875000004,0.26916666666666667,0.16712734375,0.2355972222222222,0.49235859375,0.5461416666666666,0.056954687500000004,0.532026388888889,0.407596875,0.6355569444444444,0.19190859375,0.6345416666666667,49.084491043505736,182.26309080282823,206.23517951115903,182.26309080282823,255.81020402243539,112.43327798380768,123.45432056778276,173.69834290479577,104.76842192010149,120.68413872340291,Bowing
192,0.34853671875000003,0.2724833333333333,0.30230546875000003,0.24582361111111112,0.43851171874999995,0.25155833333333333,0.1660984375,0.2400875,0.53597578125,0.47690138888888894,0.057764843749999996,0.5207680555555555,0.46650390625,0.6507763888888889,0.19362656250000002,0.6394,62.21130926929603,174.39288683028323,204.66472467183985,174.39391022911323,245.0895856396187,107.97157851132413,124.45653418717633,173.01279595803297,127.55719005703705,144.61335248334933,Bowing
193,0.35164375,0.26787222222222223,0.3134953125,0.23826111111111112,0.44832578125,0.253025,0.178665625,0.22349583333333334,0.49218906249999994,0.4960555555555556,0.06762265625,0.5278013888888888,0.45882578125,0.6490180555555556,0.21741015625000001,0.6918916666666667,53.281434853051756,172.91005982591062,183.76877141941176,172.90912319770752,261.1650210594826,113.58689172216904,122.97236371995534,171.63442201522028,107.78943960427604,158.8057773878761,Bowing
194,0.356653125,0.24596527777777777,0.31393046875,0.22412222222222222,0.44374375,0.24155833333333332,0.1841171875,0.2066861111111111,0.47532500000000005,0.49235833333333334,0.08557734375,0.49293888888888887,0.46143984375,0.7161958333333333,0.19943671875,0.6483722222222222,56.90156196450147,166.63457275427564,185.04537700791124,166.63457275427572,241.63415231502353,106.04484242729208,121.46593976472201,176.47156322101438,102.6182760383292,173.7068705154049,Bowing
195,0.35674140625,0.24456250000000002,0.31299453125,0.2278236111111111,0.4458265625,0.24099444444444443,0.18016171875,0.2146527777777778,0.48170078125,0.49226805555555553,0.07773593749999999,0.5073027777777778,0.49253749999999996,0.7531486111111112,0.210775,0.6757083333333334,57.27829187397268,170.28924779327676,186.6534635360405,170.29024624152726,248.16603774287887,102.14645670551188,121.89036054141661,173.2678825194015,104.2416502360297,175.77653794826122,Bowing
196,0.34118593750000004,0.27776944444444446,0.3122609375,0.225975,0.44485937499999995,0.2442611111111111,0.17966171875,0.2076888888888889,0.5406523437499999,0.4926138888888889,0.07439765625,0.48218333333333335,0.46001796875,0.6688430555555556,0.2191765625,0.6369083333333333,52.54968924741611,170.23589113932462,216.81532423009222,170.23688814413873,239.1951444741302,135.2066204094107,124.28414220763712,170.70504005519655,124.43892081228687,140.87407711079578,Bowing
197,0.33731875,0.3024597222222222,0.3154015625,0.23172361111111112,0.4499890625,0.24687083333333334,0.18081484375,0.216575,0.50375859375,0.5200902777777777,0.069246875,0.5044013888888889,0.42347812500000004,0.6793361111111111,0.2270578125,0.6467125,58.14543675990401,172.61686713644178,208.4102976078677,172.6159323179642,251.67475931050376,151.15251124037724,124.57098199507276,169.17987337768506,109.28322179469055,138.13236323830174,Bowing
198,0.3203625,0.3035333333333333,0.31523984375,0.23341666666666666,0.45600078125000004,0.2668402777777778,0.1744796875,0.19999305555555555,0.49706640625,0.5373194444444445,0.075421875,0.4909097222222222,0.46097734375000005,0.8114652777777778,0.1966296875,0.6458986111111111,50.90803968922788,181.77402042371185,201.71412722216556,181.77302922601032,244.84731984647084,172.59969509264107,121.18809344377746,174.95331977736927,105.10487216738458,166.8281316506967,Bowing
199,0.323328125,0.31480694444444446,0.31532890625,0.23196944444444445,0.45260468749999994,0.2500027777777778,0.17805312499999998,0.2139347222222222,0.50701015625,0.5396013888888889,0.081846875,0.49395138888888884,0.4947234375,0.8232472222222224,0.20752968749999998,0.657026388888889,60.51549033098881,176.19206175364425,219.83272604869364,176.1921354487765,236.24530319140737,170.2589036336794,121.4164591882582,173.25517453383654,108.46841116582061,175.59644607389188,Bowing
200,0.33292734375,0.33692916666666667,0.31699765625,0.26029027777777775,0.46455234375,0.28604166666666664,0.1694421875,0.23453749999999998,0.51401875,0.5910625,0.058092968749999994,0.507036111111111,0.5076328125,0.8776611111111112,0.19328125000000002,0.6328180555555556,58.8267328686542,189.77788485753544,228.56025619954139,189.77897777414654,242.50359446820573,159.71982417209938,125.99619288602203,173.9260807630388,106.08275215414844,177.73157884466698,Bowing
201,0.328928125,0.35391527777777776,0.317890625,0.2545347222222222,0.46931484375,0.2680972222222222,0.1664671875,0.24097222222222223,0.4993203125,0.5809847222222223,0.060157031250000007,0.5329736111111111,0.4614484375,0.79655,0.23095781249999997,0.6666166666666666,72.9354186935264,194.06882942399582,228.52948494669133,194.0678306907149,250.43607569597475,168.83088096686555,122.91267755896652,164.92480736476486,99.67512761242993,162.65478301017376,Bowing
202,0.33761796875,0.3496666666666667,0.32168125000000003,0.22931111111111113,0.47395,0.24736388888888888,0.16941250000000002,0.21125833333333333,0.51786015625,0.5405611111111112,0.05733437500000001,0.5117236111111111,0.49053359375000005,0.850925,0.181003125,0.6382083333333333,89.02461197331891,195.3369325550086,218.45607436965446,195.33693255500864,259.57966758781396,166.75362059574394,123.54987779576415,177.23692234789365,104.9088965683044,171.10380788755367,Bowing
203,0.34258125,0.3758722222222222,0.32776015625,0.24637916666666668,0.49042734374999997,0.2970305555555556,0.16509218750000001,0.19572777777777778,0.5196,0.6793708333333334,0.051584375,0.5168819444444444,0.536309375,1.0485291666666667,0.17983828125,0.6366180555555556,95.14548894193564,211.38367429155917,277.8060141645605,211.3846592967427,273.0878237142769,168.4987461138122,122.14248994281293,176.5972068961624,97.72473206257776,175.39941689432985,Bowing
204,0.334709375,0.34908333333333336,0.31875468749999997,0.24518333333333334,0.4769046875,0.30380694444444445,0.1606046875,0.18655972222222222,0.5033171875,0.5651361111111112,0.05741015625,0.5144680555555555,0.45367734375,0.8889388888888888,0.20859453125,0.71545,77.54543795736794,206.78567238810334,191.17017945537427,206.7856723881033,270.53258723673196,164.73075425608653,119.22597926800933,170.83655547589657,100.1861988031161,164.7549673554391,Bowing
205,0.34418906250000003,0.3343361111111111,0.31882578125,0.25020972222222226,0.48755781249999997,0.2881958333333333,0.15009375,0.212225,0.5217804687500001,0.592825,0.049582812500000004,0.5376930555555556,0.46976328125,0.892838888888889,0.21161875000000002,0.6769472222222223,68.72279291472373,217.70183055959816,223.66457679748933,217.7017049313119,267.33065908159506,151.80946759908082,118.76734726829875,166.75581511446646,101.29445894147575,162.86883240782873,Bowing
206,0.34824140625,0.3181236111111111,0.31190859375,0.2576013888888889,0.4724234375,0.29478194444444444,0.15139296875,0.22041944444444445,0.48600000000000004,0.5850416666666667,0.053570312499999995,0.5466791666666666,0.42974375,0.818813888888889,0.2210484375,0.7283625,63.73127812934558,207.19564083493648,209.70827607178504,207.19676165664364,266.19465437532733,133.1370587837927,118.05905341762261,166.299065738421,94.75340877010153,156.8380659981279,Bowing
207,0.37697578125,0.31860694444444443,0.3077390625,0.2528958333333333,0.46391406249999995,0.2844,0.1515640625,0.22139027777777778,0.5032328125000001,0.5744666666666667,0.05073046875,0.5597305555555555,0.4349609375,0.8856666666666666,0.22045234374999997,0.753125,100.46124363653874,201.18679803853925,214.82642921205016,201.1869107869595,275.6840338394663,118.09583680292691,117.91557408528209,167.02993431815406,103.54876370486299,158.6935416491576,Bowing
208,0.37054921875,0.28830833333333333,0.30407265625,0.25279444444444443,0.44496250000000004,0.27634444444444445,0.1631828125,0.22924305555555557,0.46938124999999997,0.562001388888889,0.05968125,0.5255875,0.42182421875,0.7461708333333334,0.235396875,0.6667305555555555,88.84893358954848,181.13437237862945,208.0344213465647,181.1344659914286,251.15211276833804,106.72580408503651,121.83649642915407,163.64569198134032,98.6410882585461,155.34177857248238,Bowing
209,0.3830546875,0.2698597222222222,0.30537734375,0.2660430555555555,0.45217421875,0.30773194444444446,0.15858125,0.22435555555555556,0.48191640625,0.5992583333333333,0.055132812499999996,0.5356388888888889,0.428515625,0.7768916666666666,0.20051718749999997,0.6502972222222222,99.46496786808915,190.28234352141033,213.32349870794823,190.28119829872836,260.3171810926048,91.58315879827015,120.57488583290619,170.07205957531852,100.28015072808866,151.87807896995483,Bowing
210,0.37463359375,0.301175,0.28507421875,0.2818638888888889,0.41913906250000005,0.3316375,0.151009375,0.23209027777777777,0.442075,0.5945652777777778,0.05875703125,0.5589361111111112,0.39258515625,0.6589652777777778,0.22813046875,0.661276388888889,115.47611749621653,175.30510596671172,191.57090339610554,175.30510596671164,263.29324550774186,96.91552586525347,116.64650725902756,162.28383808745997,98.81524315004098,126.2029475105549,Bowing
211,0.379003125,0.30160694444444447,0.2935171875,0.29396666666666665,0.42189921874999997,0.34113333333333334,0.16513515625,0.2468,0.49154609374999997,0.6084472222222223,0.053814843749999994,0.5418375,0.4519125,0.6916819444444445,0.20742109375,0.6577097222222222,109.5601893253202,167.80137615943437,212.10970524707255,167.80137615943443,255.79020784424097,92.8780222711008,123.85258698329815,169.6325187749713,114.85302039684603,139.75147223287954,Bowing
212,0.3894671875,0.3075,0.31478203125,0.25033333333333335,0.46506953125,0.2885666666666667,0.16449375,0.21209999999999998,0.5000859375,0.5736569444444445,0.05476328125,0.5218361111111111,0.422021875,0.7953125,0.20255625,0.6471194444444445,104.08137205571416,194.3276568273286,210.10150467333642,194.3286467430883,263.55467577904966,113.29465454574955,122.20333112293976,171.15857440591748,102.31758333904413,147.94894392941896,Bowing
213,0.38879296874999997,0.2910138888888889,0.2981890625,0.2338402777777778,0.44535703125000003,0.27245555555555556,0.15102109375,0.1952236111111111,0.46719296874999994,0.5531236111111112,0.0573890625,0.5299347222222223,0.42314687500000003,0.8318111111111111,0.2087484375,0.7419444444444445,123.06215484055197,190.41572265440686,204.0047378395904,190.41586866907917,269.148521944669,109.54248645724185,116.44185981927392,169.3685778128508,97.87466916555258,164.30597478918915,Bowing
214,0.36270078125,0.29770694444444445,0.31510078125,0.26,0.46950234375,0.2994638888888889,0.16069843749999999,0.2205361111111111,0.50291015625,0.5676166666666667,0.04687578125,0.535611111111111,0.47573984375,0.850275,0.2156546875,0.676373611111111,66.70299382336599,199.6661046647627,197.74886483618565,199.66709448729904,269.60932395783345,114.01734724996847,122.70989310298688,167.90277506254216,102.48851864019231,170.30253986300127,Bowing
215,0.35856953125,0.30937916666666665,0.31181796875,0.24376666666666666,0.47365234375,0.28594861111111114,0.1499828125,0.2015847222222222,0.49659375,0.5405194444444444,0.047046875,0.5302138888888889,0.47021015625,0.7367666666666667,0.2344421875,0.6705458333333334,76.24157032092137,209.36258391842605,185.62837581038087,209.36357334073185,270.8244492895721,128.2885799325053,119.1112565453962,162.24619174936063,99.10199273955352,166.55815585401095,Bowing
216,0.35838125,0.2946486111111111,0.318925,0.24148611111111112,0.4770359375,0.2839611111111111,0.16081328125,0.19900972222222224,0.51822421875,0.5550541666666666,0.04655390625,0.5263333333333333,0.48252109374999996,0.8154694444444445,0.17983359375000002,0.6297611111111111,63.37020392108582,204.67958532301165,202.18177170556203,204.68072351347595,277.36512115440905,127.1585015799844,121.82256856466914,175.51149856545422,105.115186463488,166.30211406830423,Bowing
217,0.354609375,0.31335833333333335,0.31001796875,0.2811166666666667,0.46341328125,0.3170125,0.15662343750000002,0.24522083333333333,0.48974765624999994,0.5956708333333333,0.05190625,0.5508444444444445,0.47246796875,0.7998791666666667,0.220703125,0.6551194444444444,61.61715447016358,198.03968223818174,203.44589261029577,198.03869079046143,257.6581996463532,112.13225093456374,121.34676281927023,164.46826945228273,99.53704902740203,171.4450352717232,Bowing
218,0.35416328125,0.31683333333333336,0.3179046875,0.26084722222222223,0.47594375,0.2940416666666667,0.15986562499999998,0.22765277777777776,0.49207265624999996,0.5851555555555555,0.04807109375,0.5243027777777778,0.47764921875,0.8482694444444445,0.16434296875,0.6411944444444445,61.47257128996639,203.69696634952612,210.61627294442374,203.6969663495262,257.0925614501516,130.97575501320887,123.82079660257641,178.89732469666384,95.62527204817599,174.43383796886823,Bowing
219,0.34743515625,0.3126263888888889,0.3111796875,0.2457013888888889,0.46617421875,0.2737527777777778,0.15618515625,0.2176486111111111,0.50807421875,0.4957486111111111,0.04712578125,0.534076388888889,0.45792109375,0.6837125000000001,0.18079296875,0.6287055555555555,66.89917970349113,199.41840752046937,168.59495245409934,199.41850880246798,267.1940134059894,136.077428317993,121.49685925055493,173.9250957961574,108.54875722086543,154.62256629333947,Bowing
220,0.35152421875,0.3110541666666667,0.32038203125,0.2584138888888889,0.47374140625,0.2818333333333333,0.16702343749999998,0.23499583333333335,0.5097203125,0.5174486111111111,0.0524328125,0.5291305555555555,0.47666250000000004,0.7590166666666666,0.17930546875,0.6362013888888889,55.0042257013041,197.02288456928042,175.7828952372784,197.02180265645728,257.6108435314787,133.55544133265278,124.70633646157827,176.88487739188326,105.18805269605414,166.32653257064624,Bowing
221,0.35452421875,0.312225,0.315346875,0.26942222222222223,0.46130703124999994,0.30096666666666666,0.1693859375,0.23787777777777777,0.49149609375000003,0.5764847222222222,0.047462500000000005,0.5305013888888889,0.44517265625,0.8236861111111111,0.1901515625,0.653086111111111,58.85975478202401,188.20443720858438,202.1015865672509,188.20542990041494,262.1930635333437,121.5729381236952,126.52816598436755,174.91912444730065,101.02287412847906,161.57499888070757,Bowing
222,0.34297421875,0.3147138888888889,0.3127703125,0.2591013888888889,0.463715625,0.29803888888888885,0.16182421875,0.22016249999999998,0.49003203125,0.6025527777777778,0.05245078125,0.5082902777777778,0.5235140625,0.9330875,0.18480234375,0.6654569444444445,55.65927238115856,195.23336119884843,221.8225455741594,195.2344944342572,250.27139730300783,136.00454974239437,124.01325894642105,174.7585247300881,98.73447774286528,169.79143234154262,Bowing
223,0.35444765624999997,0.29785555555555554,0.31199921875,0.2566805555555556,0.46146953125,0.27820416666666664,0.162528125,0.23515555555555556,0.523440625,0.5378652777777777,0.04578515625,0.5243597222222222,0.5228539062500001,0.8388847222222222,0.1959875,0.6443902777777778,61.89562886020304,191.9485990910067,203.08787325933568,191.94967656393692,256.2969123692285,118.61799518202044,125.66454854813179,171.72982694587827,112.99088111359943,179.80146650639927,Bowing
224,0.35473046875,0.2975041666666667,0.305959375,0.26100138888888885,0.44941953124999995,0.27494861111111113,0.16249843749999998,0.24705277777777776,0.53929296875,0.5089472222222222,0.04982265625,0.5402361111111111,0.51335546875,0.7964972222222222,0.1948984375,0.6436875,67.73384569770126,183.90337518653644,204.00714420088335,183.90442830176767,255.65735485019792,112.83127432330186,124.34217462533013,171.73716782215035,124.3253863108789,170.88969162845655,Bowing
225,0.35624140625,0.2994277777777778,0.30745546875,0.25989999999999996,0.45063671875000005,0.2703875,0.1642734375,0.2494111111111111,0.5406,0.5070875,0.048978906249999996,0.5414666666666667,0.5037640624999999,0.8067944444444445,0.19538046874999998,0.6420986111111111,68.62561122496467,183.42748862970353,205.68070688569694,183.4285289506515,256.89813025594407,114.50130540392104,125.0616337254422,171.98386687708663,124.0463178931146,167.67455702854755,Bowing
226,0.35470156249999996,0.29870694444444446,0.31454218749999996,0.25492916666666665,0.46453828125,0.278175,0.16454609375,0.23168333333333335,0.4886078125,0.5378791666666667,0.04720234375,0.5308194444444444,0.46367812500000005,0.8099972222222221,0.17767109375,0.6549263888888889,60.298272081378904,192.72313611499794,189.50813346661405,192.72313611499786,262.5789840866934,121.51587011244557,124.8910924389518,176.84448556673348,99.35630288676181,170.74954774168472,Bowing
227,0.36033125,0.28960416666666666,0.3137578125,0.25000694444444443,0.47391328125000004,0.2985361111111111,0.15360234374999998,0.20147777777777776,0.478390625,0.590823611111111,0.05275546875,0.5260319444444445,0.4373921875,0.8341555555555555,0.17400078125000001,0.6579319444444445,66.08062572342968,207.95543628864337,210.52502029450085,207.95543628864337,266.9617090464473,115.55914895968549,118.91620801025714,175.45756634995527,91.55992233828495,163.32527135238502,Bowing
228,0.35339375,0.29241666666666666,0.315240625,0.2522666666666667,0.4641921875,0.2755166666666667,0.16628828125,0.22901666666666667,0.5017070312499999,0.5813486111111111,0.05177421875,0.5336736111111111,0.48607187500000004,0.8606430555555555,0.1848765625,0.6423972222222223,56.75057145086735,191.39148508750338,225.37396469423882,191.39248125514231,263.8197276418123,120.62300282508275,123.75198837290549,175.4294682369573,102.30195077586201,174.31654637708272,Bowing
229,0.35661171875000003,0.30683055555555555,0.3162171875,0.2655638888888889,0.468653125,0.29941388888888887,0.16378125,0.23171388888888889,0.49148984375,0.5747555555555556,0.04357421875,0.5262597222222222,0.46913203125,0.8517124999999999,0.17701328125,0.6576819444444445,59.63396657107428,196.63425008883877,200.38944053267878,196.63425008883877,262.0102966564482,119.8835970107848,125.96195403979316,176.83911505224097,98.38771778066003,171.83301388077047,Bowing
230,0.35422031249999997,0.29580694444444444,0.318046875,0.2456111111111111,0.4758375,0.2930625,0.16025625,0.19815972222222225,0.531653125,0.5878541666666667,0.056482031249999995,0.5227972222222222,0.4733953125,0.8560249999999999,0.16220625,0.644076388888889,58.73710143512358,204.8412458685994,223.95157431016196,204.84124586859946,268.8456707518274,127.97379814363775,119.60903683708936,179.55457738541025,108.60339061892712,158.88309177380103,Bowing
231,0.3575375,0.29847361111111115,0.304965625,0.2280527777777778,0.46073593749999997,0.25985,0.14919453124999998,0.19625555555555557,0.49843281250000004,0.5677652777777777,0.053296875,0.54365,0.46623593750000003,0.8651555555555556,0.18958124999999998,0.6708125,84.25560796172563,200.69606929882804,226.88918463646522,200.69706277123242,278.6204091178534,126.99719811887917,116.13961509171624,171.3966217318468,102.2787319870195,169.10547148729685,Bowing
232,0.35816796875,0.2912722222222222,0.31883671874999997,0.25124861111111113,0.47488828125,0.2879666666666667,0.162784375,0.21453194444444443,0.51627890625,0.6188333333333333,0.043053125,0.54335,0.49143671875,0.8896958333333334,0.191096875,0.6567069444444444,58.008084134885884,201.4879139923782,244.04416521605265,201.4887741413898,282.0239183775022,119.78690280082384,122.9164100107391,173.50590268845727,102.5382807123234,170.73946428757435,Bowing
233,0.35039921875,0.3045638888888889,0.31596406250000003,0.261025,0.4694140625,0.2939722222222222,0.1625140625,0.2280763888888889,0.5097890625,0.5995111111111111,0.0415921875,0.5394444444444444,0.47263828124999996,0.8804958333333334,0.170084375,0.6385124999999999,54.08769761230367,197.84331765313684,225.976862851045,197.84343755859078,272.42570110949515,125.42081539466483,124.62166205820664,178.12192570074208,103.22031076823966,166.77266163499976,Bowing
234,0.36003984375,0.2960027777777778,0.3184828125,0.26668194444444443,0.46522890625,0.2944055555555556,0.1717359375,0.2389597222222222,0.49663203125,0.5984902777777777,0.04476171875,0.5288041666666666,0.47223750000000003,0.8927499999999999,0.189621875,0.6845083333333334,57.22909723208989,188.8926381466467,222.60026931025936,188.8935268769155,264.5103156268201,111.64691667067875,127.91159283829643,175.91792452207935,100.4032422938477,171.6160912020273,Bowing
235,0.34933984375,0.3006138888888889,0.31832265625,0.25690138888888886,0.47204609375000006,0.2871138888888889,0.16459921875,0.22668750000000001,0.5352781249999999,0.5784541666666667,0.05520546875,0.5413166666666667,0.47899843750000004,0.8249430555555555,0.18225078125,0.637073611111111,50.663581920349856,197.96477405083974,224.83805993203194,197.96488393652038,266.31545329740067,128.40494772750094,121.72093449859179,175.62733408120258,111.09891181748144,157.9071802200723,Bowing
236,0.3635078125,0.2834361111111111,0.32488515625000003,0.2658875,0.4802890625,0.3017736111111111,0.16948203125,0.23000138888888888,0.53361484375,0.6128986111111111,0.04890546875,0.5255597222222222,0.5336875,0.9409083333333332,0.1809953125,0.6554361111111111,51.026073668272794,200.58807325711066,234.1783468833103,200.58708158802253,262.87812660622797,104.3366321199329,125.95209063866311,177.24557125902928,106.94624858510512,179.9774375453794,Bowing
237,0.35771171874999996,0.3075541666666667,0.31629921875,0.2663888888888889,0.46536718749999995,0.3013111111111111,0.16723125,0.23146527777777778,0.49778984375,0.5875319444444445,0.051946875,0.5282194444444445,0.4437375,0.8554555555555555,0.19122421875,0.6631,60.73152710907241,192.4565716856662,210.21628681431898,192.45670233587606,259.66711702678106,119.21138965477675,124.63047122404222,174.35635119890588,101.38615603804591,160.2692012489826,Bowing
238,0.3580234375,0.3066388888888889,0.32345390625000003,0.26740277777777777,0.47662265625,0.3073125,0.17028515625,0.22749305555555555,0.50449140625,0.6049194444444445,0.051278124999999994,0.5284125,0.47263828124999996,0.9022236111111112,0.17426796875,0.6712277777777778,52.49796663681363,198.15058758681488,217.22597522626063,198.1505875868149,264.8519331343458,122.55548408859032,125.10998161292328,179.0858242473778,99.45169850060583,169.2159973239747,Bowing
239,0.3506265625,0.3078416666666666,0.31906875,0.25875555555555557,0.47313203125000003,0.28902083333333334,0.16500625,0.22849027777777778,0.5143359375000001,0.5882277777777778,0.0551828125,0.5280388888888888,0.48359609375,0.8588055555555556,0.1925609375,0.6655222222222222,53.672452897179944,198.40131572648406,221.79104382729253,198.40032177645278,257.4427219810263,131.18371586593597,123.09575592597236,173.60451552011057,103.75648879105647,168.58157380174313,Bowing
240,0.346746875,0.3209625,0.32093359375,0.24799305555555556,0.47882187500000006,0.2735361111111111,0.16304609375,0.22245138888888888,0.5006101562499999,0.5683277777777778,0.048909375,0.5553930555555555,0.431246875,0.7760319444444446,0.18945859375000002,0.6482777777777777,62.06407273938762,202.9320730934369,214.07442355638847,202.93098658410943,280.72846052546936,147.8343284923221,121.36002086360999,173.70745963180119,97.48560647979791,149.30269412644301,Bowing
241,0.33587109375,0.31848333333333334,0.32076328125,0.25614027777777776,0.46971562499999997,0.2966625,0.1718109375,0.21561805555555555,0.51087265625,0.5960666666666666,0.052891406249999995,0.5259041666666667,0.43630312499999996,0.7808611111111111,0.16944765625,0.6712652777777778,48.875362024234676,192.8784416595074,221.9147219136216,192.8784416595074,270.33360117639836,156.69288992615498,124.26844219345394,179.47170745729585,103.73272361141922,144.34505510147844,Bowing
242,0.34472421875000003,0.3277013888888889,0.31188359375,0.25209444444444445,0.45631953125,0.26405138888888885,0.16744765625,0.2401361111111111,0.5274617187499999,0.4954555555555556,0.05187890625,0.5425888888888889,0.44878984375000003,0.7019888888888889,0.22876875000000002,0.6769583333333333,68.77799259210752,185.0783341317941,189.87236019231443,185.078380649929,263.2579038509575,142.32484588094954,124.1881878104716,165.9872486152927,118.65901105250252,145.8947631915889,Bowing
243,0.3378703125,0.33692083333333334,0.3124796875,0.25479722222222223,0.46202265625,0.2636486111111111,0.1629359375,0.24594444444444447,0.49951953125,0.5125777777777778,0.048257812500000004,0.5494055555555556,0.46252734375,0.6931208333333334,0.2037453125,0.6937958333333334,67.47213232883632,191.52106242917515,185.54420081748714,191.52209515353573,263.22133463684133,151.2047943635043,123.8941226420034,170.798266808758,104.99156897327298,159.9855441146507,Bowing
245,0.32303125,0.3393083333333333,0.29897968750000004,0.2497777777777778,0.44159140625,0.24248750000000002,0.15636875,0.25706805555555556,0.48738203125,0.4581972222222222,0.061121875000000006,0.5520013888888888,0.41855703125000004,0.6138236111111111,0.20021874999999997,0.7074499999999999,71.43617598948028,182.6184515595288,166.00263029542634,182.61745197269622,244.86094617149544,154.4716198724771,119.86109057343789,170.18010223645427,110.67574082349854,141.825095453661,Bowing
246,0.31873203125,0.3262069444444444,0.29860000000000003,0.24208749999999998,0.4439375,0.23593055555555556,0.15326171875,0.24824444444444443,0.49460234375,0.4533736111111111,0.0591703125,0.5553666666666667,0.4365984375,0.6550152777777778,0.198790625,0.7274236111111111,65.8200707763217,186.08481000070907,169.45905901426454,186.0858097169153,251.79885494775388,156.95171556397352,118.57484764035642,170.4124168070352,112.50066813053317,152.9151337925472,Bowing
247,0.31354296875,0.34297083333333334,0.2970171875,0.26414861111111115,0.44548125,0.27021805555555556,0.148553125,0.2580777777777778,0.520990625,0.4832847222222222,0.05627734375,0.5599444444444445,0.45098671875,0.6134277777777778,0.196321875,0.6768833333333333,60.565988087374556,190.08423936770768,181.31636321082553,190.0842623601439,247.36429634245926,159.5582195585556,118.52134009286789,168.53741003317344,122.2122538492488,136.28068060408344,Bowing
248,0.31318984375,0.33237916666666667,0.2920890625,0.2601819444444444,0.43316015625000004,0.25278055555555556,0.15101718749999998,0.26758333333333334,0.5215460937499999,0.4086611111111111,0.06013984375,0.5459486111111111,0.46447578125,0.6005319444444445,0.18035078124999998,0.676751388888889,58.5799829720016,180.64961744216345,159.36051177126652,180.6506170069729,231.73350913926973,152.5443468527297,120.1303428955232,172.73679090813954,135.2288076720833,152.1308055187435,Bowing
249,0.31318984375,0.33237916666666667,0.2920890625,0.2601819444444444,0.43316015625000004,0.25278055555555556,0.15101718749999998,0.26758333333333334,0.5215460937499999,0.4086611111111111,0.06013984375,0.5459486111111111,0.46447578125,0.6005319444444445,0.18035078124999998,0.676751388888889,58.5799829720016,180.64961744216345,159.36051177126652,180.6506170069729,231.73350913926973,152.5443468527297,120.1303428955232,172.73679090813954,135.2288076720833,152.1308055187435,Bowing
250,0.309353125,0.3430666666666667,0.291496875,0.2692888888888889,0.4384625,0.25642777777777775,0.14453203125,0.2821513888888889,0.50569609375,0.4425305555555556,0.0565296875,0.5737097222222223,0.4441671875,0.6331,0.2088859375,0.6989277777777778,57.82846302643708,188.3437736056066,159.24994039873303,188.3428239832885,238.2345305219208,156.71918821018141,118.21776418921867,164.6501524713703,122.71101478278712,150.14465977072385,Bowing
251,0.30570234375,0.3396736111111111,0.28624062499999997,0.25905972222222223,0.42699375,0.24432361111111112,0.1454875,0.27379583333333335,0.48979375,0.44369305555555555,0.05359609375,0.5720361111111111,0.44128125,0.6438694444444445,0.20847421875,0.7000875,63.16194807793693,180.4761452270078,164.52064178090237,180.47614522700778,244.83660047059954,156.7715125380463,118.71192937090785,165.28228777695605,119.24829154647614,156.69158100898642,Bowing
252,0.3218140625,0.3421875,0.29180625,0.25875555555555557,0.44189921875,0.24014583333333334,0.14171328125,0.2773638888888889,0.4925265625,0.4287722222222222,0.051331249999999995,0.5616111111111112,0.46302656249999996,0.6058222222222223,0.188003125,0.7066736111111112,71.30114403710505,192.5856779773615,150.47942228092185,192.58560840571656,235.09326167502124,147.404743706743,119.47859185583393,169.1487764264609,115.5084114902769,163.50004606594095,Bowing
253,0.32016171875,0.3479569444444444,0.29346015625,0.2629902777777778,0.4495671875,0.23779444444444442,0.13735312500000002,0.2881875,0.497209375,0.45585555555555557,0.056040625,0.5732597222222222,0.45615390624999996,0.6616833333333333,0.19598125,0.7207416666666666,70.07594922653563,200.63880325101624,168.43117389604575,200.63889366969707,230.13263546051004,150.80864371724098,116.8888357354616,166.45232915732953,111.22669205021104,160.47525367181166,Bowing
254,0.3202453125,0.3489513888888889,0.29521796875,0.2624791666666667,0.44869140625000004,0.23776527777777778,0.14174453125,0.2871944444444444,0.49706015625,0.42869999999999997,0.04936875,0.5685125,0.45205703125,0.6147236111111111,0.18821328125,0.7201055555555556,70.01820352594028,197.2502404358484,150.77108964586012,197.2503306486456,234.5357786820595,152.77255707153955,120.27488351033323,169.1963094285823,114.24477809826418,156.72829151452365,Bowing
255,0.32168359375,0.33897361111111113,0.29132734375,0.2560555555555556,0.44153046875,0.23926805555555555,0.14112421875,0.27284444444444444,0.485565625,0.4504847222222222,0.054665624999999995,0.5495916666666667,0.4371484375,0.6437277777777778,0.18257734375,0.7130916666666667,71.23200219704623,192.639568025367,162.18545866075664,192.6396307720714,227.92747849480546,146.94217610654786,119.04759673130322,170.49717361274296,110.33657213611653,155.99068475053718,Bowing
256,0.3101703125,0.33290555555555557,0.28133125,0.26298194444444445,0.42812031250000004,0.24138194444444444,0.1345421875,0.28458333333333335,0.5008265625,0.40737361111111114,0.055410156249999995,0.569486111111111,0.4532359375,0.6088916666666666,0.18746484375,0.7076402777777777,62.428057962746195,188.53253513385962,151.47443445017382,188.5326176262346,228.77451436075648,143.75035621676227,116.27921811648584,167.4618915808815,127.90742885401029,157.22533541269468,Bowing
257,0.31463828125000004,0.3473361111111111,0.2806953125,0.26371944444444445,0.427046875,0.23649444444444445,0.13434375,0.29094444444444445,0.4938359375,0.4014625,0.05764609375,0.5732305555555556,0.46729843750000005,0.6014777777777778,0.18812265625,0.7137569444444444,74.24394537603723,188.3527735500595,146.343827437306,188.35277355005954,225.71414320994597,144.18340958674938,115.7817270967741,167.25847701263902,125.74453334990251,166.7281721183072,Bowing
258,0.312621875,0.34550416666666667,0.28128125000000004,0.2654375,0.42861953125,0.24563194444444442,0.13394375,0.28524305555555557,0.5170851562500001,0.40820694444444444,0.049312499999999995,0.5741805555555556,0.46842656250000003,0.6021249999999999,0.18766875,0.706438888888889,70.23236689732163,189.131349196795,162.86199867372375,189.1303520432403,234.54960415443045,145.16677566511464,117.5068976814337,167.2235750029222,134.050174794137,155.95900968342463,Bowing
259,0.31661015625,0.3440708333333333,0.27688671875000004,0.26805416666666665,0.42118359375000003,0.23585555555555557,0.1325890625,0.3002513888888889,0.48942734374999997,0.39216805555555556,0.05369453125,0.57685,0.47022265625,0.5896361111111111,0.1851015625,0.7224541666666667,74.70547195487089,186.14924520126317,142.4666590083448,186.15011287936414,223.29149340268202,137.10792906927048,116.88854264833263,167.53163586585626,127.81688963642536,170.19069958058844,Bowing
260,0.31018124999999996,0.3478513888888889,0.2922359375,0.26293055555555556,0.44135078125,0.24744305555555554,0.143121875,0.27841944444444444,0.50478125,0.435725,0.056458593749999994,0.5551138888888889,0.46581328125,0.6437972222222222,0.18778515625,0.7103750000000001,65.31529184654998,191.1924592916781,158.01678850679127,191.19151932028785,228.0216030138373,159.40997079177956,119.10978570492352,169.58425472311552,120.91811333586693,161.5851322101017,Bowing
262,0.31775859375,0.3516236111111111,0.29019218750000003,0.26435416666666667,0.44079453125,0.254375,0.13958984375,0.2743333333333334,0.47289375,0.45634027777777775,0.0546953125,0.5594138888888889,0.43227109375,0.6523263888888889,0.20651953125000003,0.6990583333333333,72.06346356511042,192.90485392026812,151.10811955020813,192.90485392026818,232.247559274581,150.6832181326457,117.89705299930178,164.34985905429133,105.77763596874367,159.7718854144019,Bowing
263,0.31229296875,0.34466250000000004,0.283909375,0.26160694444444443,0.42940078125000003,0.24780555555555553,0.1384171875,0.27540833333333337,0.51431484375,0.4304166666666666,0.054697656250000004,0.5698027777777778,0.47096406249999995,0.5991166666666666,0.1678453125,0.7059666666666666,69.97129097708576,186.49392593325933,170.5887056636517,186.49492451270623,237.51256222987445,148.71956973286095,116.81943897335515,173.07201588531262,129.57937020025034,155.44742281050128,Bowing
264,0.31229296875,0.34466250000000004,0.283909375,0.26160694444444443,0.42940078125000003,0.24780555555555553,0.1384171875,0.27540833333333337,0.51431484375,0.4304166666666666,0.054697656250000004,0.5698027777777778,0.47096406249999995,0.5991166666666666,0.1678453125,0.7059666666666666,69.97129097708576,186.49392593325933,170.5887056636517,186.49492451270623,237.51256222987445,148.71956973286095,116.81943897335515,173.07201588531262,129.57937020025034,155.44742281050128,Bowing
265,0.30341328125,0.28429583333333336,0.29645156250000004,0.2727541666666667,0.43974062500000005,0.27029583333333335,0.1531625,0.2752111111111111,0.49559609375,0.5024791666666667,0.052403124999999995,0.5633805555555556,0.3871453125,0.6305472222222223,0.19339609375,0.6634805555555556,12.18449921006194,183.41854050231674,181.8186255832994,183.41853085498207,244.30013734748496,133.00123142290678,121.86532092762465,169.56208646198687,113.15510215438171,123.59404527162353,Bowing
266,0.30392421875000003,0.27050416666666666,0.29317734375,0.24986805555555555,0.4365421875,0.23755416666666665,0.14981328124999999,0.2621805555555556,0.49964765624999996,0.46139166666666664,0.053626562499999995,0.5641361111111111,0.42413749999999995,0.6346069444444444,0.20509062500000003,0.6755486111111111,20.248153002187653,183.72105215516268,180.272330638953,183.7200050647724,249.84900765262208,137.20552037217345,119.52304718438745,166.62719688341363,116.62005838335897,142.2246385945805,Bowing
267,0.29409140625,0.2585458333333333,0.28707578125,0.25238472222222225,0.42212265625,0.24211805555555554,0.1520296875,0.2626527777777778,0.48863984374999997,0.45731666666666665,0.047596875,0.5705569444444444,0.37230546875,0.6231944444444444,0.19048828125,0.6638875000000001,10.015912140189736,173.01797959749734,176.79506048812559,173.01702323759935,258.8737873115005,116.28875647167159,121.08890178745125,170.32962098458083,118.78902788409427,128.731435675808,Bowing
274,0.3020890625,0.26266249999999997,0.28855546875,0.2601777777777778,0.42222890625,0.2513513888888889,0.1548828125,0.26900555555555555,0.481125,0.4727375,0.0508375,0.5656319444444444,0.37608046875,0.6182555555555556,0.194784375,0.6297333333333334,17.41513278732032,171.21997672292795,176.32618118986187,171.21901453109697,251.69217652720158,95.8962106609218,121.946723088035,168.8748982792075,115.31172470729936,127.92681010290057,Bowing
275,0.30230625,0.2630236111111111,0.29151640625,0.2543402777777778,0.43097578125,0.24149305555555556,0.15205703125,0.2671875,0.48330078125,0.4749180555555555,0.049582812500000004,0.5661597222222222,0.3747296875,0.6156625,0.1898703125,0.6321972222222223,15.160185519973016,178.74749946223022,180.91977485062264,178.74749946223025,252.07469029833203,114.35543745218978,121.35571440659514,169.5648052771269,111.72778164917095,126.09908586603834,Bowing
280,0.293440625,0.2826361111111111,0.28976484375,0.2570486111111111,0.42371953125,0.24906666666666666,0.1558109375,0.26502916666666665,0.45648203125000003,0.4491722222222222,0.05193046875,0.5647055555555556,0.36039609375000003,0.604975,0.1946109375,0.6821430555555555,19.014309190712133,171.5582858768413,150.05506280029343,171.55725294198436,253.44747262105417,165.67361494457813,121.64356473552272,170.61002481654555,106.22861958860375,132.36764337773195,Bowing
281,0.3099609375,0.3003416666666667,0.29362343750000003,0.25883055555555556,0.43011015625000004,0.24958750000000002,0.1571359375,0.2680736111111111,0.47753046875000005,0.4694402777777778,0.05923515625,0.5653819444444445,0.43541406250000003,0.6442736111111111,0.20745859375000003,0.6832750000000001,36.47744903361527,174.82970924302313,169.53240881908096,174.8307085182692,248.04412472985524,145.02033291049133,120.34492632427221,167.84050748677916,110.97937358293272,156.81662775118002,Bowing
282,0.3079109375,0.30848472222222223,0.29253359375,0.2620458333333333,0.43057187499999994,0.2526819444444445,0.15449531249999998,0.2714083333333333,0.5006179687500001,0.4472763888888889,0.05014296875,0.5613222222222222,0.48863124999999996,0.6409555555555555,0.1939046875,0.6650763888888889,38.799311656265246,176.81758194534837,166.33997698989864,176.81754381847972,247.81598956685582,149.5156620188132,122.61509130810731,169.90872523703132,122.61630705421577,173.72123599703826,Bowing
283,0.30689765625,0.30871805555555554,0.291659375,0.2521097222222222,0.42757890625000006,0.23846527777777776,0.15573984375,0.2657541666666666,0.48968203125,0.4571930555555555,0.060175,0.5483680555555556,0.48814921875,0.6572013888888889,0.2037984375,0.6711263888888889,45.18472738658493,174.25414630647964,176.4091503295676,174.2541463064796,237.41912444662077,154.42625784712928,121.01213833382803,168.09835246166568,116.7829268932896,179.21942582574786,Bowing
284,0.30689765625,0.30871805555555554,0.291659375,0.2521097222222222,0.42757890625000006,0.23846527777777776,0.15573984375,0.2657541666666666,0.48968203125,0.4571930555555555,0.060175,0.5483680555555556,0.48814921875,0.6572013888888889,0.2037984375,0.6711263888888889,45.18472738658493,174.25414630647964,176.4091503295676,174.2541463064796,237.41912444662077,154.42625784712928,121.01213833382803,168.09835246166568,116.7829268932896,179.21942582574786,Bowing
285,0.30187265625,0.30084722222222227,0.29331640625,0.25963055555555553,0.43016328125000003,0.25113888888888886,0.15646875,0.2681222222222222,0.47466328124999996,0.4624069444444444,0.05171015624999999,0.5557638888888888,0.38815234374999996,0.6441027777777778,0.20211796875000002,0.6609416666666666,31.632440310541973,175.27067037014498,162.4278497333508,175.27166976154476,246.72177586301535,159.7432950721227,122.92158616048783,168.32725148894679,110.52883787617762,139.75361062498735,Bowing
286,0.30769296874999996,0.2964375,0.29346953125,0.25955694444444444,0.432759375,0.2457236111111111,0.1541796875,0.2733888888888889,0.48528125,0.44032777777777776,0.050265625,0.558875,0.4485328125,0.6153819444444444,0.1896765625,0.6466263888888889,32.195859236864585,178.56898465579064,155.40854934333566,178.56892888181866,244.83149838205048,145.56461701075784,122.90662982142788,170.4034090369833,115.63196530307364,159.5343278554225,Bowing
287,0.30422265625,0.2974041666666667,0.2976921875,0.2594888888888889,0.43637734375,0.2534944444444444,0.1590078125,0.26548472222222225,0.49130234375,0.45852499999999996,0.05230625,0.559613888888889,0.38600078125000004,0.5991652777777777,0.21064765625,0.6586138888888888,28.550101260766134,177.5694600571844,163.50812609775696,177.56848466155247,251.99474917743825,162.975323190138,122.8190382284999,166.8557461708265,115.46581581018032,126.91652670870297,Bowing
288,0.308171875,0.3056902777777778,0.29259609375,0.2571097222222222,0.42698359375,0.24623333333333336,0.158209375,0.2679875,0.492940625,0.45440416666666666,0.060822656249999996,0.5572333333333334,0.46538515625,0.6570611111111111,0.2031734375,0.6766180555555555,40.260954447206025,172.19416022908555,172.02469100103045,172.19320674463324,242.71350822317248,150.3174285491878,120.90319164655742,168.93159965952984,119.39137312714008,166.41078419968366,Bowing
289,0.30495234375,0.2962416666666667,0.29351171875,0.2574,0.4291484375,0.2467527777777778,0.15787421875000002,0.2680486111111111,0.48721796875,0.4551638888888889,0.05689140625,0.5467291666666666,0.46211015624999996,0.6498902777777777,0.19798984375,0.6713055555555555,31.568083438815233,173.78416435624962,167.45627302970772,173.78520749764633,238.67981285395712,152.3618338342171,122.7894870374768,169.97084627258909,116.3511346252587,167.0894285698574,Bowing
290,0.30856249999999996,0.301475,0.2955078125,0.25856666666666667,0.43061328125,0.2519166666666667,0.16040234375,0.26521666666666666,0.48313984374999996,0.4555638888888888,0.060724999999999994,0.5367472222222223,0.5050921875000001,0.6586583333333333,0.1917171875,0.6525194444444444,35.12354389864439,173.0012692699102,161.30590389691258,173.00126926991027,233.4512252548699,151.5918545471653,123.12895877696468,171.8203413240713,114.63338630926464,169.1226987016798,Bowing
291,0.3041421875,0.2986138888888889,0.29307578125,0.26048472222222224,0.4273921875,0.2561125,0.15876015625,0.26485555555555557,0.4775625,0.4605,0.06562265625,0.5389430555555556,0.444490625,0.6445805555555556,0.18702578125,0.6482958333333334,30.891980091926786,171.9538180122791,160.56065148410426,171.95279987543094,230.55739915474408,152.70749882777287,121.1364067019289,172.53391281087622,113.57574091799279,162.28676796914436,Bowing
292,0.30388828125,0.3034222222222222,0.2941859375,0.2552888888888889,0.42275546875,0.24891388888888888,0.165615625,0.26166527777777776,0.45010781250000004,0.468075,0.07481171875,0.5279194444444444,0.40653750000000005,0.6477569444444444,0.20811171874999998,0.6491444444444444,36.81399050632789,164.63299748531577,161.63337445280294,164.63402497964995,224.18568341890165,160.2848264036615,121.22831768427149,168.96719078543515,102.5098524792209,156.6798124662163,Bowing
293,0.30402734374999996,0.31793194444444445,0.2934703125,0.2585263888888889,0.42534375,0.2535222222222222,0.16159609375,0.26353194444444444,0.4649109375,0.45091944444444443,0.06858671875,0.5154152777777777,0.4587625,0.6396375,0.19821484375,0.6413444444444444,44.85582629937831,168.83644870998685,150.88014180799271,168.8374698252731,216.94095381001716,162.46705926924548,123.28308543371266,170.2234967064009,109.61331075700869,176.685130217119,Bowing
294,0.30778203125000003,0.3078333333333333,0.290465625,0.2610236111111111,0.42221562500000004,0.25401250000000003,0.158715625,0.26803472222222224,0.45299140624999995,0.4167111111111111,0.058829687500000005,0.5348083333333333,0.43366718750000005,0.5865833333333333,0.18062734375,0.6446291666666666,40.33831223539229,168.71553545539314,123.58920219015894,168.71553545539308,230.73842169218372,146.6688167657696,123.6492963928238,174.09444284310464,108.58682944515313,168.5669710502636,Bowing
295,0.3004390625,0.3098444444444444,0.29089375,0.2582222222222222,0.41993984375000004,0.2555458333333333,0.1618484375,0.2608986111111111,0.45896796875,0.4563902777777778,0.06906015625,0.5298847222222223,0.44109140625,0.6492208333333334,0.18648671875,0.6367069444444444,39.1246693021168,165.19023993565725,152.99371098185705,165.18924000369998,227.1874650173288,161.80308371162252,121.51889519655498,173.35203025582376,109.05788471378857,170.6411690221209,Bowing
296,0.30542578125,0.30628194444444445,0.29149765625,0.25427083333333333,0.42451249999999996,0.2426777777777778,0.15848281250000001,0.2658652777777778,0.46184062499999995,0.44435694444444446,0.05971015625,0.5355916666666667,0.41364531250000003,0.6379805555555556,0.18809140625,0.6488083333333333,41.47517676876134,170.46348433022243,152.8678582338354,170.46353329964742,231.73065669004606,154.54211910032305,123.06471731289923,172.1734448254693,108.21342683765911,156.13008838286353,Bowing
297,0.3061453125,0.3082611111111111,0.29058359375,0.2598888888888889,0.4235734375,0.2519652777777778,0.15759296875,0.2678125,0.47594531250000005,0.45111111111111113,0.061585156249999995,0.5414041666666667,0.4505484375,0.6307583333333333,0.1957625,0.6644555555555556,40.121766474072395,170.32257206254252,158.2816588269153,170.32357150142198,232.1754429219421,150.23368627923833,121.95803648017522,170.29192926713475,115.05724065609789,165.89227907039756,Bowing
298,0.30465703125,0.30983055555555555,0.29154921875,0.2625,0.425728125,0.25466805555555555,0.15736953125,0.2703305555555556,0.48225859375,0.45886805555555554,0.055890625000000006,0.5477388888888889,0.42297421875,0.6444708333333333,0.192909375,0.6606055555555556,37.98435688543378,171.8415471357262,163.8654370421048,171.84251378515154,238.2558754889373,153.7870813062724,123.03715490332452,170.804121849927,116.20446220586349,150.40994503751006,Bowing
299,0.30664609375,0.30714166666666665,0.2927328125,0.2598402777777778,0.4278171875,0.25225833333333336,0.1576484375,0.26742361111111107,0.48010703125000004,0.44348333333333334,0.05727734375,0.5481013888888888,0.4397296875,0.6283861111111111,0.1790203125,0.6507236111111111,38.43227458790333,172.99415349947526,153.0885099705396,172.99418505834234,239.46896535668247,152.39414631537565,122.4456666838571,174.33907346002675,115.92565886328376,158.78306443744071,Bowing
300,0.3065234375,0.3099402777777778,0.2916015625,0.2581263888888889,0.42587265625,0.2503263888888889,0.1573296875,0.2659263888888889,0.4812796875,0.45400416666666665,0.0560078125,0.5495583333333334,0.447153125,0.6418041666666666,0.1972609375,0.6657875,41.91118748019438,171.95873093565206,162.89697402039118,171.9597304022078,241.91688880481246,152.88837129744053,122.41864135219748,169.93294955025047,115.80905259390387,162.09676849317344,Bowing
301,0.2906875,0.29075833333333334,0.29423984375,0.2568708333333333,0.42874375000000003,0.2540013888888889,0.15973593749999998,0.2597388888888889,0.47273125,0.45391388888888884,0.06013906249999999,0.5366666666666666,0.4432578125,0.649263888888889,0.19313359375,0.6593555555555556,24.819073512119672,172.17739567376435,154.55743393638494,172.1773836774157,236.65955463492276,169.4434512434245,122.59389227174077,171.54902165918278,111.36400305557883,164.9854024144054,Bowing
302,0.30124765625,0.31000833333333333,0.2919453125,0.2512638888888889,0.42133359375,0.2362736111111111,0.16255703125,0.2662541666666667,0.46077578125,0.44650555555555554,0.06919453125,0.522223611111111,0.44847578125,0.6459152777777778,0.19357734375,0.647525,43.94005308371849,165.96830883635587,159.5644223660149,165.96830883635587,219.65190374772533,164.27724058673698,122.96050829425073,171.76978479450827,108.44528185940366,173.74212122273642,Bowing
303,0.30699375,0.3234652777777778,0.29445,0.26106944444444447,0.4298875,0.24881111111111112,0.15901328125,0.2733263888888889,0.48690546875,0.4569347222222222,0.05458828125,0.5553611111111111,0.45106953125000004,0.6400041666666667,0.19795234374999998,0.6711208333333333,47.7079737674951,173.5845266030356,166.6770562795012,173.5834770535491,243.1079166152349,160.33333098503576,123.35421513711525,170.12813156949426,115.96810241457369,160.81205686789644,Bowing
304,0.30698593750000003,0.31429583333333333,0.29498515625,0.2616277777777778,0.42765312499999997,0.25130694444444446,0.1623171875,0.27195,0.48888515625,0.4528638888888889,0.05966171875,0.5438444444444445,0.42992968749999994,0.6369847222222222,0.19123203125,0.6371652777777778,40.91408757384184,169.9775102359132,164.93349802268796,169.97755395639746,235.77370696708314,157.94816508089954,123.86995663542127,171.98823028170983,118.37261038026506,150.349553941931,Bowing
305,0.30428046875,0.3123625,0.28890546875,0.26217222222222225,0.42217578125,0.2514472222222222,0.1556359375,0.27289583333333334,0.4579,0.45445138888888886,0.0590359375,0.5452666666666667,0.39014765625000003,0.6441722222222221,0.1855046875,0.6540652777777778,41.148331302739365,170.76068833311726,153.14888539587872,170.7596441376006,231.83352508427245,151.42754585729185,122.23196156303504,172.06927286364638,107.37225845763386,147.58964362879627,Bowing
306,0.30785078125,0.3078222222222222,0.29255,0.26283333333333336,0.430009375,0.2514638888888889,0.15509062499999998,0.27420416666666664,0.4741984375,0.4391527777777778,0.04966875,0.5566861111111111,0.41918125,0.6042597222222222,0.18553671875,0.6467486111111111,37.85252817184077,176.13832433630114,146.49572806058202,176.13837081397114,244.08005934324092,148.84181003964807,123.56285098812565,171.73342920109238,112.71204634130754,149.3577617186564,Bowing
307,0.30835703125,0.31979861111111113,0.29506953125,0.2630375,0.42789374999999996,0.24998055555555554,0.16224453125,0.2760944444444445,0.48171953125,0.4403972222222222,0.056130468749999995,0.5491805555555556,0.456415625,0.6314347222222222,0.177840625,0.6439916666666666,44.265850133031435,170.27471634391284,153.43795687182495,170.27571481864348,238.97471238605982,157.40442912372768,124.63662224597246,175.69007994583734,116.68094614774643,166.749612930522,Bowing
308,0.30997265625,0.3157638888888889,0.29396171875,0.2641847222222222,0.42980859374999997,0.25076527777777774,0.158115625,0.27760416666666665,0.491996875,0.46870416666666664,0.052937500000000005,0.548951388888889,0.4881953125,0.6560305555555556,0.18943828125,0.6415138888888888,42.416515710274915,174.15223139540873,175.95155656316314,174.15123293562985,237.26385161671803,151.1079532461677,124.57043506239881,171.30019852208994,116.89795837608595,177.93378762653407,Bowing
309,0.31106875,0.3122819444444444,0.2918046875,0.26085138888888887,0.42900937499999997,0.24806111111111112,0.15460000000000002,0.2736402777777778,0.4893328125,0.43938333333333335,0.052637500000000004,0.5548013888888889,0.41725859375,0.6164083333333333,0.17295078125000002,0.6490486111111111,44.48862623188089,175.86327804575913,157.91648204034942,175.86322568405254,240.86036668576259,146.34065100428717,122.81017775187942,175.03337847236648,119.27189763183426,144.10271519777268,Bowing
310,0.31391718750000003,0.3073694444444445,0.29004609375,0.24734861111111112,0.42131718749999997,0.23030972222222224,0.158775,0.2643888888888889,0.47604609375000007,0.42393194444444443,0.06888984375,0.5361638888888889,0.46790234374999995,0.6212833333333333,0.18235703125,0.6430208333333334,52.92583726309864,168.4742608026519,156.01927212046598,168.47433362384908,226.995754350164,144.73792576927855,120.45429578843607,173.68172336041565,116.67968561217239,175.80427443031815,Bowing
311,0.30915390625,0.30604027777777776,0.28893984375000004,0.24110694444444444,0.42315390624999993,0.22171944444444444,0.1547265625,0.2604958333333333,0.47092109375,0.4241861111111111,0.06292265625,0.5482402777777777,0.419284375,0.6201125,0.18534765625,0.6454305555555555,53.43419672831244,172.36018135578755,158.07905092073395,172.35926563141305,238.1811496676427,151.03850414248367,119.56165052784552,171.95060459863973,112.75436196690082,154.89520775007776,Bowing
312,0.30915390625,0.30604027777777776,0.28893984375000004,0.24110694444444444,0.42315390624999993,0.22171944444444444,0.1547265625,0.2604958333333333,0.47092109375,0.4241861111111111,0.06292265625,0.5482402777777777,0.419284375,0.6201125,0.18534765625,0.6454305555555555,53.43419672831244,172.36018135578755,158.07905092073395,172.35926563141305,238.1811496676427,151.03850414248367,119.56165052784552,171.95060459863973,112.75436196690082,154.89520775007776,Bowing
313,0.3129921875,0.30563055555555557,0.29797890625,0.2567277777777778,0.4357125,0.25113888888888886,0.16024531250000001,0.26231805555555554,0.487590625,0.4703208333333333,0.05415156249999999,0.5389263888888889,0.4005109375,0.6281833333333333,0.176634375,0.6446013888888888,40.1128057981488,176.3449176387003,171.21274174838737,176.34494046045097,241.05092607994686,151.3750628367938,124.28893011712603,175.64157034851564,112.82047318524893,135.55964700280597,Bowing
314,0.308553125,0.31061527777777775,0.288709375,0.25313749999999996,0.42436875,0.2396458333333333,0.15305,0.26663055555555554,0.479965625,0.4169805555555556,0.0624921875,0.551775,0.41818906250000004,0.6121194444444444,0.18438828125,0.6468055555555555,48.55713599461978,173.91549825130596,146.17370713298612,173.91555410888355,235.7663839736276,148.45990524962866,119.44893764388426,171.6629689284769,119.13345028221616,150.62900499263498,Bowing
315,0.3143109375,0.3095777777777778,0.29366328125,0.24825277777777777,0.43388203125,0.23279722222222224,0.15344375,0.2637083333333333,0.50181015625,0.4575777777777778,0.055378125,0.5541069444444444,0.50922734375,0.6635902777777778,0.18327734375,0.6545333333333333,51.459379679510306,179.8246445401742,183.71931762337897,179.82564262362587,243.8721963344735,149.0967744848612,120.97822142880622,172.2717999979904,118.24647165246083,176.3377012685465,Bowing
316,0.3143109375,0.3095777777777778,0.29366328125,0.24825277777777777,0.43388203125,0.23279722222222224,0.15344375,0.2637083333333333,0.50181015625,0.4575777777777778,0.055378125,0.5541069444444444,0.50922734375,0.6635902777777778,0.18327734375,0.6545333333333333,51.459379679510306,179.8246445401742,183.71931762337897,179.82564262362587,243.8721963344735,149.0967744848612,120.97822142880622,172.2717999979904,118.24647165246083,176.3377012685465,Bowing
317,0.31267265625,0.3013486111111111,0.28802734375,0.2600013888888889,0.42626796875000006,0.24385416666666665,0.14978671875,0.27615,0.50045078125,0.4429916666666667,0.04962265625,0.5660569444444444,0.4888890625,0.6526875,0.18388046875,0.654798611111111,43.375142835499695,177.32951976475889,171.97034557446233,177.32958532912664,244.96381240705736,133.3409083737409,121.55948007606622,170.90569037877864,123.51486659802785,174.40181040771793,Bowing
318,0.31419765625,0.3024236111111111,0.289309375,0.24139722222222224,0.4288984375,0.21183749999999998,0.14972109375,0.27095833333333336,0.49397265625,0.4037236111111111,0.05393125,0.5633180555555556,0.44328203125,0.599075,0.182621875,0.6618499999999999,54.27249920539869,179.93711225036378,161.3247965720087,179.93623755375123,243.60477483415633,144.05684110855924,120.21985132799345,171.48980248626387,121.08563569531151,155.2358649676507,Bowing
319,0.30679765625,0.2962458333333333,0.28838515625,0.25916805555555555,0.42624921875000005,0.24549444444444443,0.15052109375,0.27284305555555555,0.48850625000000003,0.4287708333333333,0.052214062500000005,0.5593069444444445,0.43302578125,0.6089944444444444,0.17265234375,0.6528972222222222,35.6107714041693,176.7404118502614,154.15419034849486,176.74046755624474,241.6084775106205,138.56100538828574,121.3868473016818,174.08960841244473,121.1274470223578,151.30919786480897,Bowing
320,0.30679765625,0.2962458333333333,0.28838515625,0.25916805555555555,0.42624921875000005,0.24549444444444443,0.15052109375,0.27284305555555555,0.48850625000000003,0.4287708333333333,0.052214062500000005,0.5593069444444445,0.43302578125,0.6089944444444444,0.17265234375,0.6528972222222222,35.6107714041693,176.7404118502614,154.15419034849486,176.74046755624474,241.6084775106205,138.56100538828574,121.3868473016818,174.08960841244473,121.1274470223578,151.30919786480897,Bowing
321,0.3032390625,0.2995375,0.2924671875,0.26165555555555553,0.4298390625,0.24943194444444444,0.1550953125,0.2738777777777778,0.4975203125,0.46898611111111116,0.05111640625,0.5587375,0.48947421875,0.6700722222222222,0.18807265625,0.6490097222222222,30.56197914075593,176.0561174654263,180.2611263278914,176.05606747851664,244.49815224250673,153.18258676800843,122.98037644685128,171.11754835336126,118.72405358931013,175.93114519518844,Bowing
322,0.30998203125,0.28925694444444444,0.28565703125,0.26395694444444445,0.42456015625,0.2431625,0.14675312499999998,0.28475138888888885,0.49143203125,0.42398611111111106,0.04638515625,0.5727763888888889,0.4317640625,0.5796722222222221,0.181384375,0.6507888888888889,36.07316387565689,178.42527399446524,155.81043759966786,178.42627046766407,243.94760241699447,120.3296083058624,121.77828051721205,170.45234798984032,123.32310768657062,145.73152522418243,Bowing
324,0.30826484375,0.2947888888888889,0.29806953125,0.2687722222222222,0.44114765624999996,0.25958749999999997,0.154990625,0.2779569444444444,0.49480078125000004,0.45872083333333336,0.05024453125,0.5616527777777778,0.42140234374999996,0.6025847222222223,0.1751421875,0.6621722222222223,22.82959316326071,183.25935547469328,158.97506204433452,183.26035482340419,244.33309588756083,145.13627673566918,123.28051835611595,174.67302912256815,115.59406202347346,137.791629579688,Bowing
326,0.31211953124999997,0.30814027777777775,0.28683281250000003,0.2588583333333333,0.4297625,0.2433402777777778,0.143903125,0.2743763888888889,0.504109375,0.4419180555555555,0.0498546875,0.5639319444444445,0.44875234375,0.5990652777777777,0.17469062500000002,0.6684333333333333,48.02776257541046,183.29085746157662,171.75075974213328,183.29085746157665,240.73997658054222,137.62945162891677,120.00330107839993,172.09238051560587,123.64750668889734,147.9433921487241,Bowing
327,0.31211953124999997,0.30814027777777775,0.28683281250000003,0.2588583333333333,0.4297625,0.2433402777777778,0.143903125,0.2743763888888889,0.504109375,0.4419180555555555,0.0498546875,0.5639319444444445,0.44875234375,0.5990652777777777,0.17469062500000002,0.6684333333333333,48.02776257541046,183.29085746157662,171.75075974213328,183.29085746157665,240.73997658054222,137.62945162891677,120.00330107839993,172.09238051560587,123.64750668889734,147.9433921487241,Bowing
328,0.30313828125,0.29985972222222224,0.2929640625,0.26058472222222223,0.434765625,0.2496638888888889,0.15116171875,0.27150555555555556,0.49356875,0.46609722222222216,0.0492359375,0.5623236111111111,0.39490078125,0.6123291666666667,0.1731109375,0.6598138888888888,31.132680787237046,181.67623621431613,173.05745880487206,181.67723527729063,246.70806542551458,155.27228970138773,121.9259916839861,174.2616508499283,115.78088366992012,129.81659118435735,Bowing
329,0.30313828125,0.29985972222222224,0.2929640625,0.26058472222222223,0.434765625,0.2496638888888889,0.15116171875,0.27150555555555556,0.49356875,0.46609722222222216,0.0492359375,0.5623236111111111,0.39490078125,0.6123291666666667,0.1731109375,0.6598138888888888,31.132680787237046,181.67623621431613,173.05745880487206,181.67723527729063,246.70806542551458,155.27228970138773,121.9259916839861,174.2616508499283,115.78088366992012,129.81659118435735,Bowing
330,0.30940078125000003,0.29512361111111113,0.2896453125,0.24410277777777775,0.43051874999999995,0.2218638888888889,0.148771875,0.26634305555555554,0.4728203125,0.41645138888888894,0.05548046875,0.5654708333333334,0.41027812499999994,0.5927208333333334,0.1775234375,0.6567319444444444,44.59700207413053,181.02752627155903,150.20199707394045,181.02761472493634,246.26116817923202,145.45792996695235,119.00617616001674,172.54065539275913,111.13016162783703,147.7573532920493,Bowing
331,0.31055078125,0.29251944444444444,0.29616796875,0.26630694444444447,0.43383203124999997,0.25721527777777775,0.1585046875,0.27540000000000003,0.48026171875,0.4404,0.053521093750000005,0.5523513888888889,0.41075703125,0.6202777777777778,0.19019453125000002,0.6855944444444444,26.365094898368913,176.3315462871008,144.6640534099609,176.33058410270183,240.45804138352284,135.7114926998571,123.97602427374892,172.17972965957875,114.2559712609542,145.51356283763158,Bowing
332,0.30942734375000003,0.2979125,0.29303984375000003,0.26321666666666665,0.43173828125,0.2552263888888889,0.15434140624999998,0.27120555555555553,0.48824609375000005,0.43638194444444445,0.0480796875,0.5657902777777778,0.43776953125,0.5818111111111111,0.16765859375,0.6404527777777778,32.61967101305593,177.62718869868993,149.14467983806867,177.62715631344213,251.9660977711089,139.98055408441542,122.67102462446974,176.33139194562057,119.01020144413086,148.32361217020306,Bowing
333,0.332975,0.2951611111111111,0.30779609375,0.2561722222222222,0.45330234375,0.26305416666666664,0.1622890625,0.2492902777777778,0.49197968750000004,0.4514944444444445,0.049499218750000004,0.5314972222222222,0.45171953125000003,0.609298611111111,0.16974921874999999,0.6448625,42.74044483858354,186.31390052543045,144.42711441415705,186.31490017172538,249.2564048565252,131.05641162212225,125.3947711893376,178.07974195420798,110.04645307732218,155.60287082629006,Bowing
334,0.332975,0.2951611111111111,0.30779609375,0.2561722222222222,0.45330234375,0.26305416666666664,0.1622890625,0.2492902777777778,0.49197968750000004,0.4514944444444445,0.049499218750000004,0.5314972222222222,0.45171953125000003,0.609298611111111,0.16974921874999999,0.6448625,42.74044483858354,186.31390052543045,144.42711441415705,186.31490017172538,249.2564048565252,131.05641162212225,125.3947711893376,178.07974195420798,110.04645307732218,155.60287082629006,Bowing
335,0.33899609375,0.3054944444444444,0.3064140625,0.2655027777777778,0.44450781250000004,0.2683513888888889,0.16832109374999998,0.26265416666666663,0.4880625,0.49470694444444446,0.052878125,0.5439,0.40221406249999997,0.6454652777777778,0.1717875,0.6556388888888889,50.679398782937454,176.771898787675,172.2476097831259,176.77089885498685,250.67931964563812,124.62200646274488,126.11914124909481,179.1016029782651,108.88453029269392,134.6485158701886,Bowing
338,0.35561484375,0.3073402777777778,0.3088828125,0.2687722222222222,0.45391640625,0.27610972222222224,0.1638484375,0.26143472222222225,0.47175625,0.4958208333333333,0.05024453125,0.5527222222222222,0.410534375,0.6668388888888889,0.21072656250000002,0.6982625,65.94839535576283,185.71815618834904,159.8316179264916,185.71915578367248,255.20649501531105,114.90226407210557,124.7352801991773,169.19879344379717,98.2139031113818,147.52660982805554,Bowing
339,0.355171875,0.2988388888888889,0.3145078125,0.25157222222222225,0.45570781250000003,0.26487361111111113,0.17330703125,0.23826944444444445,0.49666953124999996,0.4797430555555556,0.052795312500000004,0.5260666666666667,0.4702921875,0.7182347222222223,0.16978046875,0.7266347222222223,62.188258731049864,180.9895594364493,163.34918486787743,180.99061095261266,258.32585395387736,123.1779778046761,126.66486849058317,179.26449935819224,108.72189728733525,168.87620866436257,Bowing
340,0.3541234375,0.3087986111111111,0.30953828125,0.2567138888888889,0.44765390624999996,0.26450694444444445,0.17142265625,0.24892083333333334,0.5011062500000001,0.48392916666666663,0.052711718750000004,0.5418833333333334,0.47183828125,0.6370888888888889,0.1780421875,0.7062722222222223,68.28759596002777,176.87702017220886,172.16301524136946,176.87702017220892,259.9644840915774,123.30958906053155,125.76788133473333,178.52605417286856,113.41625439127645,161.23617283284005,Bowing
341,0.3541234375,0.3087986111111111,0.30953828125,0.2567138888888889,0.44765390624999996,0.26450694444444445,0.17142265625,0.24892083333333334,0.5011062500000001,0.48392916666666663,0.052711718750000004,0.5418833333333334,0.47183828125,0.6370888888888889,0.1780421875,0.7062722222222223,68.28759596002777,176.87702017220886,172.16301524136946,176.87702017220892,259.9644840915774,123.30958906053155,125.76788133473333,178.52605417286856,113.41625439127645,161.23617283284005,Bowing
342,0.35612499999999997,0.2725097222222222,0.3055046875,0.2734888888888889,0.4475515625,0.2860625,0.16345859375,0.2609166666666667,0.4906046875,0.4608291666666667,0.04874765625,0.53275,0.48496171875,0.6029347222222222,0.1437734375,0.6376472222222223,64.79783531106574,182.04523945711958,137.37024382303474,182.0441909674681,244.6740020925803,89.37661001589346,126.87739114713132,174.69282306662168,113.65096752395506,175.9619026084953,Bowing
344,0.36015234375,0.2846875,0.308784375,0.25911944444444446,0.44120546875000005,0.26383055555555557,0.1763625,0.25440833333333335,0.48737890625,0.4392444444444444,0.0478703125,0.5171944444444444,0.4766125,0.62515,0.1724921875,0.6869777777777778,68.27946457024979,169.5329368146497,139.44257315468613,169.5339366144726,250.69760935437736,105.64121214284549,130.99926408847264,179.08871614360692,115.07756057950891,174.12171043415114,Bowing
345,0.3612421875,0.273625,0.31315546875,0.2587402777777778,0.45600703125,0.27749305555555553,0.17030390625,0.2399888888888889,0.4900765625,0.5029805555555555,0.04531640625,0.5186263888888889,0.474125,0.6395791666666667,0.15435234375,0.6689263888888889,62.4770333002456,183.34782928630486,168.1058954409393,183.34775564756717,256.598642663986,99.87708114690038,128.5706754901332,176.21751026347775,105.03528579600993,168.2718004286859,Bowing
346,0.3561203125,0.2908208333333333,0.31851328125,0.27089305555555554,0.4631796875,0.29969999999999997,0.173846875,0.24208749999999998,0.49153125,0.5750958333333334,0.040189843749999996,0.5165527777777777,0.48159062500000005,0.8459291666666666,0.150096875,0.7042625,50.22983050936962,186.33096632068433,201.57853388940006,186.33085501065034,261.38170706076585,106.59752628846526,130.88368281195085,174.78020514501983,100.37145421406626,176.26666943241244,Bowing
347,0.36698203125,0.2746486111111111,0.313775,0.26824166666666666,0.45288359375000004,0.29484305555555557,0.17466718750000002,0.24164027777777777,0.49621562499999994,0.5853944444444444,0.0352375,0.5259638888888889,0.49106171875,0.8698416666666666,0.1490390625,0.7062527777777778,68.26104887855155,179.0861381849528,216.42493163681485,179.08514392042684,271.58599608411333,93.87493344517094,131.08210995354045,174.39933343219587,104.84933992145422,178.15504922011726,Bowing
348,0.36698203125,0.2746486111111111,0.313775,0.26824166666666666,0.45288359375000004,0.29484305555555557,0.17466718750000002,0.24164027777777777,0.49621562499999994,0.5853944444444444,0.0352375,0.5259638888888889,0.49106171875,0.8698416666666666,0.1490390625,0.7062527777777778,68.26104887855155,179.0861381849528,216.42493163681485,179.08514392042684,271.58599608411333,93.87493344517094,131.08210995354045,174.39933343219587,104.84933992145422,178.15504922011726,Bowing
349,0.365834375,0.2797847222222222,0.31412578125,0.272025,0.44879921874999995,0.2952388888888889,0.1794515625,0.24881250000000002,0.4843296875,0.5542916666666666,0.04108203125,0.5296166666666667,0.481528125,0.7808916666666667,0.15218281250000001,0.6915486111111111,66.42238732535887,173.19039153486543,191.9825610960537,173.191290364152,268.7849750451092,94.8250327399001,131.2190325995529,173.75124199888356,103.70313516977384,178.74086993306923,Bowing
350,0.365834375,0.2797847222222222,0.31412578125,0.272025,0.44879921874999995,0.2952388888888889,0.1794515625,0.24881250000000002,0.4843296875,0.5542916666666666,0.04108203125,0.5296166666666667,0.481528125,0.7808916666666667,0.15218281250000001,0.6915486111111111,66.42238732535887,173.19039153486543,191.9825610960537,173.191290364152,268.7849750451092,94.8250327399001,131.2190325995529,173.75124199888356,103.70313516977384,178.74086993306923,Bowing
351,0.36681875,0.27276527777777776,0.3091046875,0.2692805555555556,0.446134375,0.2892416666666667,0.172075,0.24931944444444443,0.48227890625000003,0.5456125000000001,0.04583828125,0.5492138888888889,0.390475,0.7087958333333334,0.21057890625,0.6782625,73.91659459823622,175.98583121376564,190.2966389456209,175.9858312137656,269.68915377708464,91.94520230553397,126.80871169377663,170.93310271603977,104.0707839361913,134.99585521657346,Bowing
352,0.36681875,0.27276527777777776,0.3091046875,0.2692805555555556,0.446134375,0.2892416666666667,0.172075,0.24931944444444443,0.48227890625000003,0.5456125000000001,0.04583828125,0.5492138888888889,0.390475,0.7087958333333334,0.21057890625,0.6782625,73.91659459823622,175.98583121376564,190.2966389456209,175.9858312137656,269.68915377708464,91.94520230553397,126.80871169377663,170.93310271603977,104.0707839361913,134.99585521657346,Bowing
353,0.36355078125,0.2841125,0.31060468750000003,0.25201250000000003,0.44427890625,0.2692388888888889,0.17693125,0.2347861111111111,0.48224062500000003,0.4786125,0.060277343750000004,0.4887277777777778,0.4875953125,0.6911347222222223,0.17067812499999999,0.6512222222222223,71.60358220787562,171.55194845293948,158.38669856398926,171.55095106993724,236.0620696617735,108.83095839379955,129.2372355200649,178.47086543745857,107.86571402356907,177.43528161083134,Bowing
354,0.36333515625,0.25584166666666663,0.32145703124999997,0.24710277777777775,0.44339296875,0.27891527777777775,0.19952109375,0.21529166666666666,0.4774828125,0.5380430555555555,0.10732578125,0.42213055555555556,0.50125625,0.8159875,0.18993515625,0.6287027777777777,53.97201200622416,157.74974202514568,191.60669197342773,157.74959682991266,190.01241505754305,96.69470432996165,128.39392489387754,177.63948512385613,103.16358940921025,171.35390651090563,Bowing
355,0.36333515625,0.25584166666666663,0.32145703124999997,0.24710277777777775,0.44339296875,0.27891527777777775,0.19952109375,0.21529166666666666,0.4774828125,0.5380430555555555,0.10732578125,0.42213055555555556,0.50125625,0.8159875,0.18993515625,0.6287027777777777,53.97201200622416,157.74974202514568,191.60669197342773,157.74959682991266,190.01241505754305,96.69470432996165,128.39392489387754,177.63948512385613,103.16358940921025,171.35390651090563,Bowing
356,0.3513421875,0.2659875,0.32020078125,0.24732777777777776,0.43902578124999997,0.27520972222222223,0.20137578125000002,0.21944722222222224,0.457753125,0.45688333333333336,0.13236171875,0.39287083333333334,0.45108046875,0.6531458333333333,0.19372109375,0.5646402777777778,42.06421930810079,153.41511933639393,132.98329543969047,153.4149884854801,152.9538180922595,108.62619535817821,125.27818737724195,177.74243278384114,100.38465526756558,176.54113583896202,Bowing
357,0.34538984375,0.2781180555555556,0.32021953124999997,0.2542763888888889,0.43728203125,0.27276805555555556,0.20315625,0.23578611111111109,0.47059843749999997,0.46347916666666666,0.09806406250000001,0.41258333333333336,0.47467031249999997,0.6256375,0.18258749999999999,0.5998708333333334,36.50576776346446,150.430343335379,143.78171430679214,150.43125090884536,185.19949989133343,118.04903676813774,136.58052235562283,174.26475945069467,107.25323128257877,177.44396361646906,Bowing
358,0.34040234375,0.26215694444444443,0.3237171875,0.25425,0.4408921875,0.2703625,0.20654140625,0.2381361111111111,0.475421875,0.45600416666666665,0.10332265624999999,0.4068847222222222,0.49448828125000005,0.6017722222222223,0.17026171875,0.5979986111111112,22.102753176923425,150.43198947364883,140.77994689585586,150.43306361634734,179.49290069804988,104.92590679650594,137.39801870907715,169.83890922847607,108.29749605029531,166.9094920469574,Bowing
359,0.33858671875,0.25721666666666665,0.32558515625,0.25245416666666665,0.44098437500000004,0.26990277777777777,0.21018671875,0.23500416666666668,0.476659375,0.4539333333333333,0.10766328124999999,0.4007041666666667,0.5192617187499999,0.6158111111111111,0.17616796875000001,0.5816194444444445,16.991592185548708,148.24428653408538,140.14985158750613,148.2433748806334,177.3548908713825,101.6425708158803,137.72535482194863,170.10261032535436,109.01542414432087,154.92659076449942,Bowing
360,0.33588203125,0.25601527777777777,0.31575234375,0.25719444444444445,0.436540625,0.26587222222222223,0.1949640625,0.24851666666666666,0.47726406250000003,0.4510666666666666,0.10477578125,0.4308472222222222,0.5256703125,0.6178069444444445,0.19620312499999998,0.6054694444444444,25.77998365011115,154.73519439675,143.16660042062878,154.73519439674996,174.81572516510064,88.11276397218963,131.32719792883088,179.64642867164193,111.35179349119801,152.70149760097087,Bowing
361,0.33868828125,0.26484444444444444,0.31870859375,0.2576013888888889,0.44372265625,0.2709736111111111,0.19369453125,0.24422777777777777,0.49573671875,0.5565333333333333,0.052646875,0.5029055555555555,0.54406015625,0.8123416666666666,0.19134765625,0.6167583333333333,26.10030078370746,160.30738818906636,216.11391369599505,160.30744825178897,259.3903818282397,101.52562207043037,134.10858659782815,179.3583325534546,107.94289869160086,161.43635970122546,Bowing
362,0.33868828125,0.26484444444444444,0.31870859375,0.2576013888888889,0.44372265625,0.2709736111111111,0.19369453125,0.24422777777777777,0.49573671875,0.5565333333333333,0.052646875,0.5029055555555555,0.54406015625,0.8123416666666666,0.19134765625,0.6167583333333333,26.10030078370746,160.30738818906636,216.11391369599505,160.30744825178897,259.3903818282397,101.52562207043037,134.10858659782815,179.3583325534546,107.94289869160086,161.43635970122546,Bowing
363,0.34099375,0.28304722222222223,0.312890625,0.25934305555555554,0.44794999999999996,0.2608972222222222,0.17783203125,0.2577902777777778,0.48452265624999996,0.5065333333333334,0.041448437500000004,0.548775,0.41534609375000003,0.655413888888889,0.19295703125000002,0.6197027777777777,39.815415017302016,172.87962152029368,182.94865162935744,172.8786150713847,272.70690332663014,115.3821111019274,129.8023699236918,175.75092193871936,104.82576761194449,140.44210014810935,Bowing
364,0.34098125,0.26993194444444446,0.3138203125,0.2586875,0.4407953125,0.2733388888888889,0.1868453125,0.2440375,0.47569296874999994,0.4845,0.07638828125,0.49470277777777777,0.38051015625,0.6365277777777778,0.21701406250000002,0.6277152777777778,35.69621789489751,162.86998552526487,158.46218746754693,162.86992075886818,229.26488537497406,103.10890839403432,128.0747066159013,172.04233477690795,106.3730736670616,131.9376519241231,Bowing
365,0.34098125,0.26993194444444446,0.3138203125,0.2586875,0.4407953125,0.2733388888888889,0.1868453125,0.2440375,0.47569296874999994,0.4845,0.07638828125,0.49470277777777777,0.38051015625,0.6365277777777778,0.21701406250000002,0.6277152777777778,35.69621789489751,162.86998552526487,158.46218746754693,162.86992075886818,229.26488537497406,103.10890839403432,128.0747066159013,172.04233477690795,106.3730736670616,131.9376519241231,Bowing
366,0.33785468750000003,0.2669986111111111,0.316284375,0.25432916666666666,0.44629375,0.27221111111111107,0.18627578125,0.2364486111111111,0.47136171875,0.5121847222222222,0.11452734375,0.4781,0.34459609375,0.6350013888888889,0.2157453125,0.6217888888888888,29.077877914318318,166.9093148059748,175.73516873409264,166.90824065036455,196.73939708406147,108.28291148400457,117.82679357333153,172.25762528388353,100.52049581551114,118.58937673790963,Bowing
367,0.3443671875,0.2781,0.31293828125,0.26659305555555557,0.44347578125,0.27239861111111113,0.1824,0.2607861111111111,0.5025000000000001,0.5182097222222222,0.06294531249999999,0.5319777777777778,0.5147546875,0.7519763888888888,0.206584375,0.6439874999999999,41.07327191739177,167.14027684552877,192.43515753884475,167.14130154453144,248.0014277539547,101.63713014092257,128.06367002022628,173.59829869282032,113.11668589527392,174.67564362403084,Bowing
368,0.33907890625000003,0.2801541666666667,0.31558281250000003,0.2711958333333333,0.4444703125,0.2749736111111111,0.18669609375000001,0.26741666666666664,0.48033984375000005,0.5353111111111111,0.07184765625,0.5172694444444444,0.452828125,0.70825,0.20698515624999997,0.6348180555555556,30.758870671726548,164.99842113183993,192.98414913665835,164.99743775586336,232.32007074723444,102.10451453255696,129.25504905574311,174.39298383287056,103.76326275744928,164.20829797637094,Bowing
369,0.33907890625000003,0.2801541666666667,0.31558281250000003,0.2711958333333333,0.4444703125,0.2749736111111111,0.18669609375000001,0.26741666666666664,0.48033984375000005,0.5353111111111111,0.07184765625,0.5172694444444444,0.452828125,0.70825,0.20698515624999997,0.6348180555555556,30.758870671726548,164.99842113183993,192.98414913665835,164.99743775586336,232.32007074723444,102.10451453255696,129.25504905574311,174.39298383287056,103.76326275744928,164.20829797637094,Bowing
370,0.34374609375,0.2740013888888889,0.31659296875,0.2662097222222222,0.4452890625,0.2778888888888889,0.18789609375,0.25453055555555554,0.470140625,0.5167611111111111,0.080996875,0.49741805555555557,0.41538984375,0.6713083333333333,0.2099078125,0.6294444444444445,35.20584661671982,164.94548687975677,174.90496918040947,164.94648557941449,222.04816414913233,99.1690847622576,128.0407785979287,174.04128225389113,100.47871207777887,147.79704225867133,Bowing
371,0.34509218750000004,0.27376527777777776,0.3095640625,0.2618625,0.440359375,0.27279166666666665,0.17876875,0.25093333333333334,0.47207265625000006,0.5330374999999999,0.08294609375,0.5147638888888889,0.35726171875,0.6425152777777777,0.22094296875000002,0.6367263888888889,46.276467842738384,167.60282779535666,191.72358169510605,167.60282779535672,226.1145731106246,100.67228676407807,122.84971752921216,169.00202991945275,102.22356010724519,118.2078156726011,Bowing
372,0.3381578125,0.27502916666666666,0.30709765624999996,0.2624486111111111,0.44080078125,0.2712361111111111,0.17339453124999998,0.2536597222222222,0.46645000000000003,0.5430930555555555,0.10777109375,0.5037736111111111,0.3762640625,0.6530791666666667,0.21254374999999998,0.6331777777777777,40.77580671182362,171.25691381372027,198.47127683874058,171.25695076112967,198.7088088837533,102.83484643221084,115.00637223217487,169.60817704765043,99.52159926352222,124.44996453242977,Bowing
373,0.3381578125,0.27502916666666666,0.30709765624999996,0.2624486111111111,0.44080078125,0.2712361111111111,0.17339453124999998,0.2536597222222222,0.46645000000000003,0.5430930555555555,0.10777109375,0.5037736111111111,0.3762640625,0.6530791666666667,0.21254374999999998,0.6331777777777777,40.77580671182362,171.25691381372027,198.47127683874058,171.25695076112967,198.7088088837533,102.83484643221084,115.00637223217487,169.60817704765043,99.52159926352222,124.44996453242977,Bowing
374,0.3408703125,0.2722583333333333,0.30799140625,0.25802222222222226,0.4419921875,0.2690194444444444,0.173990625,0.247025,0.47202500000000003,0.5187652777777778,0.10246249999999998,0.49909444444444445,0.379409375,0.6713,0.22651875000000002,0.6501388888888889,43.3152366379315,171.70366380773592,183.8802350797932,171.7036638077359,203.27597309077137,103.68815479589247,116.76950882157735,166.95720975315615,102.06727092026816,132.81257749610015,Bowing
375,0.34457421875,0.27055,0.31505390625,0.2535222222222222,0.44230468749999996,0.26535277777777777,0.18780234375,0.24169166666666667,0.44811875,0.48860694444444447,0.11159453125,0.5040652777777778,0.38151953125000004,0.6443166666666666,0.22789687500000003,0.6532541666666667,39.72517332875969,163.10357594179226,160.91518080342826,163.1045745771712,212.60722564626067,107.97611074232715,117.3102481819177,170.17432024285165,92.65075884362021,142.75135533629535,Bowing
376,0.34275937500000003,0.26715833333333333,0.31553437500000003,0.2642319444444445,0.44777187500000004,0.27155138888888886,0.18329609375,0.2569125,0.48103671875,0.5048875,0.0639578125,0.5380694444444445,0.41776875,0.6616,0.2341046875,0.6631208333333334,34.91163921960699,169.3460203134399,173.3137133783706,169.34701982910713,253.59928725846217,93.46003846015016,127.03767377460106,167.46341402013732,104.22177996714812,144.3320727080535,Bowing
377,0.34462031249999997,0.27805972222222225,0.31595,0.2640208333333333,0.44681484375,0.2705791666666667,0.18508515625,0.2574625,0.47333984375,0.49269861111111113,0.06452734375,0.5372444444444444,0.40441328125,0.6441555555555555,0.22869687500000002,0.6388680555555556,38.06461438133846,167.57354305796605,163.4902559175928,167.57354305796605,253.75597105289955,105.39954534170695,127.45366744129603,168.50950547783285,101.98583545480813,141.02543936924468,Bowing
378,0.34462031249999997,0.27805972222222225,0.31595,0.2640208333333333,0.44681484375,0.2705791666666667,0.18508515625,0.2574625,0.47333984375,0.49269861111111113,0.06452734375,0.5372444444444444,0.40441328125,0.6441555555555555,0.22869687500000002,0.6388680555555556,38.06461438133846,167.57354305796605,163.4902559175928,167.57354305796605,253.75597105289955,105.39954534170695,127.45366744129603,168.50950547783285,101.98583545480813,141.02543936924468,Bowing
379,0.3438625,0.27521805555555556,0.31376328125,0.25453055555555554,0.45380000000000004,0.2690972222222222,0.17372656250000001,0.2399652777777778,0.48038359374999995,0.5420847222222223,0.054164843750000004,0.5559819444444445,0.37886406250000004,0.6422388888888888,0.224859375,0.6615486111111111,41.30606195221228,179.5535718191092,199.4746408193282,179.55351341034796,274.2111349763171,111.13709929679061,123.92494625601253,167.83204309425258,99.82172268456229,119.02741775814624,Bowing
380,0.34130937499999997,0.27534583333333335,0.30743359375,0.25788194444444446,0.44153203124999996,0.2637847222222222,0.1733359375,0.2519777777777778,0.47365625,0.5182347222222222,0.0522,0.548,0.37326328124999997,0.6437402777777778,0.21969687499999999,0.638651388888889,45.14733432883938,171.6986074958093,187.76175802596225,171.69763255793598,263.56915110080695,106.17131799846611,126.03546048315441,167.96747727907123,102.65004696704266,125.1150926122208,Bowing
381,0.34310390625,0.2816472222222222,0.31289531249999997,0.2597916666666667,0.45368359375,0.27482222222222225,0.1721078125,0.24476250000000002,0.468178125,0.5672347222222223,0.04560390625,0.5475583333333334,0.346378125,0.6372791666666667,0.2007015625,0.6387513888888889,41.746360140735646,180.5336516137643,211.35288542624627,180.53259346998811,271.5683593388597,112.14445573357135,126.60241489011689,172.64818461077388,95.03602567150807,107.92541480946596,Bowing
382,0.34310390625,0.2816472222222222,0.31289531249999997,0.2597916666666667,0.45368359375,0.27482222222222225,0.1721078125,0.24476250000000002,0.468178125,0.5672347222222223,0.04560390625,0.5475583333333334,0.346378125,0.6372791666666667,0.2007015625,0.6387513888888889,41.746360140735646,180.5336516137643,211.35288542624627,180.53259346998811,271.5683593388597,112.14445573357135,126.60241489011689,172.64818461077388,95.03602567150807,107.92541480946596,Bowing
383,0.34102421875,0.27058194444444444,0.306771875,0.25569722222222224,0.4408671875,0.26291944444444443,0.17267734375,0.24847499999999997,0.4727234375,0.510648611111111,0.059175,0.5525083333333333,0.37753984375,0.6319236111111112,0.22991171875,0.6383361111111111,45.133831412810515,171.72075053411564,182.9665417528571,171.7197509927149,262.72820804968774,103.73604907785658,123.57157826300147,165.37264502074092,102.87709488015801,125.62881347905875,Bowing
384,0.33758750000000004,0.2731444444444444,0.30407578125,0.2679513888888889,0.44291093750000005,0.2756986111111111,0.16524140625,0.2602055555555556,0.4863140625,0.5435055555555556,0.072596875,0.5271222222222223,0.41329374999999996,0.7163722222222222,0.21526953125,0.6395888888888889,43.05764909978253,177.79652067743064,200.664912670352,177.79548979937596,225.82195337256294,94.98167178900658,121.67673213337989,166.80639440859977,106.0728626695903,143.09535328172666,Bowing
385,0.34391171875,0.2616972222222222,0.3097,0.2636833333333333,0.438578125,0.271125,0.18082265625,0.25624027777777775,0.47372890625,0.5225222222222222,0.0940546875,0.48775416666666666,0.4269359375,0.7032375000000001,0.21158281250000002,0.6270791666666666,43.81434218381008,165.05099048475898,186.51418735581487,165.05002347773234,200.3011384615674,88.12966454116317,123.67491444616232,171.6114920850184,103.95920511856012,155.28227071250222,Bowing
386,0.34391171875,0.2616972222222222,0.3097,0.2636833333333333,0.438578125,0.271125,0.18082265625,0.25624027777777775,0.47372890625,0.5225222222222222,0.0940546875,0.48775416666666666,0.4269359375,0.7032375000000001,0.21158281250000002,0.6270791666666666,43.81434218381008,165.05099048475898,186.51418735581487,165.05002347773234,200.3011384615674,88.12966454116317,123.67491444616232,171.6114920850184,103.95920511856012,155.28227071250222,Bowing
387,0.33302890625,0.2692319444444445,0.302753125,0.2667791666666667,0.43659609374999997,0.27641944444444444,0.16891015625,0.25714027777777776,0.47525625,0.5283097222222222,0.10382968749999999,0.5009652777777778,0.4144953125,0.6910430555555556,0.21136875000000002,0.6317277777777778,38.79321802841315,171.45954987109928,187.99089750836342,171.4595093921594,194.3157140454678,92.60920163792589,115.38503928301326,168.60707651007905,105.26185489846213,146.4245121285299,Bowing
388,0.3451578125,0.2669944444444444,0.307884375,0.2569166666666666,0.43934765625,0.2715680555555556,0.176421875,0.2422652777777778,0.47236874999999995,0.4650902777777778,0.105675,0.4693361111111111,0.44093515625,0.6731569444444444,0.21214453125000002,0.6216763888888889,48.25861203971788,168.60333309279508,145.6057010731379,168.60233505203894,186.89488012516557,98.64759161573895,118.98162210520019,170.49775258254886,106.8749572582608,164.96643814072283,Bowing
389,0.34411953125,0.26747777777777776,0.30672890625,0.26253333333333334,0.42925859375000003,0.2682763888888889,0.18419921875,0.2567902777777778,0.4592890625,0.4914708333333333,0.1135046875,0.4795486111111111,0.38795546875000003,0.6412444444444445,0.21761406249999998,0.6189680555555556,47.992220202862065,156.89249972194338,165.2333099620049,156.89249972194338,184.15191586567866,94.25403322401401,119.43147956746797,170.68532100086304,103.45223680600652,139.74497374674482,Bowing
391,0.3423109375,0.37176944444444443,0.29804375,0.41557083333333333,0.4227765625,0.42663472222222226,0.17331093749999998,0.4045083333333333,0.49883984375,0.7254833333333333,0.05283671875,0.6366277777777778,0.48903515625000005,0.9331347222222222,0.11750078125,0.7312805555555556,64.8472405966515,159.8566048682381,236.1730796725147,159.85655503919756,227.4003050239819,60.90051310194802,132.69769758652924,163.11010317312807,114.34589482780783,175.201758685078,Bowing
392,0.33211953125,0.38095694444444445,0.29669453125,0.42073611111111114,0.4220625,0.4376055555555556,0.17132734375,0.40386666666666665,0.47928750000000003,0.7214555555555555,0.06016328125,0.6256375,0.46004140624999995,0.9259333333333334,0.14428593750000002,0.7241097222222223,53.63194213339659,160.93000701236548,217.10178232340698,160.92900986459836,213.87507971944746,57.72193117756704,131.70495337480318,171.46273363964812,109.71794663081015,170.50069970973567,Bowing
393,0.33211953125,0.38095694444444445,0.29669453125,0.42073611111111114,0.4220625,0.4376055555555556,0.17132734375,0.40386666666666665,0.47928750000000003,0.7214555555555555,0.06016328125,0.6256375,0.46004140624999995,0.9259333333333334,0.14428593750000002,0.7241097222222223,53.63194213339659,160.93000701236548,217.10178232340698,160.92900986459836,213.87507971944746,57.72193117756704,131.70495337480318,171.46273363964812,109.71794663081015,170.50069970973567,Bowing
394,0.3503421875,0.33775277777777774,0.294865625,0.39607499999999995,0.4247421875,0.38962777777777774,0.16498828125,0.4025236111111111,0.5140796875,0.6230819444444445,0.06924453124999999,0.666825,0.51452890625,0.8479000000000001,0.0592375,0.9946736111111111,82.49695851363248,166.30679699879974,203.29687521700876,166.3078245242839,226.3447390884091,59.40191113436372,122.78169102216917,162.38590484463813,124.22801677050184,179.7964716242876,Bowing
395,0.33080703125,0.24220694444444446,0.2887203125,0.38991250000000005,0.42289374999999996,0.3872361111111111,0.154546875,0.3925888888888889,0.4958296875,0.7128208333333333,0.08128671875,0.6614736111111111,0.50050390625,0.9826319444444445,0.08531875,1.0048402777777778,119.2140165626509,171.7528104369765,252.32701283255426,171.75281043697657,215.11200324017258,26.864674118315364,115.84425646154432,168.63411417039848,111.7148853229871,178.2359452892241,Bowing
396,0.33510859375,0.21446527777777777,0.30019453125,0.37025277777777776,0.44054921875,0.37711388888888886,0.15983984375,0.3633930555555555,0.507215625,0.7065972222222222,0.09072109375000001,0.6410402777777777,0.5295359375,0.9740902777777778,0.086753125,0.9889736111111112,120.74200590101194,179.72190549846727,252.1087957073295,179.7218780143364,218.60856254959458,21.723513039971518,113.87264846375245,168.26659315730535,109.78410485358573,171.56214182160318,Bowing
397,0.33510859375,0.21446527777777777,0.30019453125,0.37025277777777776,0.44054921875,0.37711388888888886,0.15983984375,0.3633930555555555,0.507215625,0.7065972222222222,0.09072109375000001,0.6410402777777777,0.5295359375,0.9740902777777778,0.086753125,0.9889736111111112,120.74200590101194,179.72190549846727,252.1087957073295,179.7218780143364,218.60856254959458,21.723513039971518,113.87264846375245,168.26659315730535,109.78410485358573,171.56214182160318,Bowing
398,0.33272109375,0.24426805555555553,0.30223046875000004,0.3754222222222222,0.44048671875,0.3723416666666667,0.16397421875,0.37850277777777774,0.47170859375,0.5804125,0.10451015625,0.6421111111111111,0.496896875,0.7524541666666668,0.1065109375,0.9291138888888889,102.1782684576324,176.98189892754564,155.04985332788934,176.98189892754573,204.49112890294288,22.455135592996825,111.8520861686195,169.48921505779242,104.93655875701936,165.4107074089342,Bowing
399,0.32769140625,0.23965555555555554,0.30122499999999997,0.37396527777777777,0.4377140625,0.36776666666666663,0.16473593749999998,0.38016527777777775,0.53173203125,0.5506875,0.10416640625,0.658275,0.5359304687499999,0.5632805555555556,0.10625312499999999,1.0016791666666667,102.46522013834743,174.7629960975721,178.40436614051796,174.76302163787395,214.72401580167974,19.306381012341127,111.16552222851661,170.50325629047174,132.41936052357045,149.3448286518104,Bowing
400,0.32769140625,0.23965555555555554,0.30122499999999997,0.37396527777777777,0.4377140625,0.36776666666666663,0.16473593749999998,0.38016527777777775,0.53173203125,0.5506875,0.10416640625,0.658275,0.5359304687499999,0.5632805555555556,0.10625312499999999,1.0016791666666667,102.46522013834743,174.7629960975721,178.40436614051796,174.76302163787395,214.72401580167974,19.306381012341127,111.16552222851661,170.50325629047174,132.41936052357045,149.3448286518104,Bowing
401,0.31214375,0.2515013888888889,0.2958328125,0.4123583333333334,0.4314578125,0.4107763888888889,0.1602078125,0.4139388888888889,0.49138203125,0.6242805555555556,0.0933640625,0.6783666666666667,0.50533671875,0.5539152777777778,0.11615468749999999,0.9961180555555557,117.68376427103276,173.60373648340635,171.79671399069315,173.60372992536767,208.72973948146438,10.21879898441668,114.19905863097115,172.33837756944743,116.51777067398423,19.42086608838495,Bowing
402,0.30552421875,0.25706805555555556,0.29000781249999996,0.42387916666666664,0.421678125,0.4099569444444444,0.15833671875,0.43780138888888886,0.49907031249999995,0.5753097222222222,0.0995765625,0.6971888888888889,0.509440625,0.47200555555555557,0.11621015625,0.9905041666666666,121.73508178417592,168.83583156427437,154.87780589871483,168.83682980025418,201.33534078745342,9.389743543451337,111.93600573746426,172.28337415190626,129.76303624242567,10.118726068703475,Bowing
403,0.31022343750000003,0.22584027777777776,0.29257578125,0.41631388888888887,0.42425390625,0.40082361111111114,0.16089765625000002,0.43180416666666666,0.46688124999999997,0.615575,0.08065078125,0.7137791666666667,0.47502187500000004,0.7136527777777778,0.093225,1.0628,138.9889089172226,168.91659987402062,163.96577267832453,168.91659987402068,227.5269415695645,9.353414714500119,116.83645969153628,169.2054276338753,109.4370304164363,171.6060854631336,Bowing
404,0.32212734374999996,0.19192777777777775,0.29948281250000003,0.3801666666666667,0.43042578125000003,0.37425833333333336,0.1685390625,0.3860736111111111,0.4713984375,0.5976111111111111,0.0903109375,0.6471180555555556,0.5034703125,0.6777791666666666,0.07143437500000001,1.0056958333333332,138.5967288538947,167.66097627355035,169.14969884986488,167.6619505821163,212.9609629204376,12.071485394925277,118.04659544707872,164.43183659847656,108.06229215688126,144.5790186583461,Bowing
405,0.3343921875,0.19537361111111112,0.30971953124999996,0.38694027777777773,0.44776953124999996,0.38455277777777774,0.1716703125,0.3893277777777777,0.5273484374999999,0.6520874999999999,0.085003125,0.652125,0.5578624999999999,0.8480847222222222,0.06335234375,1.0192694444444446,141.49732416197838,176.71236113243464,217.8991829860773,176.71136117974982,219.3360211000464,12.896554605024901,120.38260739164154,163.00226393753525,117.87009521673242,164.52921731571192,Bowing
406,0.3385515625,0.21004861111111112,0.31274609375,0.4102291666666667,0.45364062499999996,0.41154999999999997,0.1718515625,0.4089069444444445,0.5230875,0.6842875,0.09031249999999999,0.6601472222222222,0.5374890625,0.898473611111111,0.08008125,1.0199958333333334,147.86650689388722,180.3475074016827,215.5536065692245,180.34751267760805,208.84294182231773,12.907865049518266,119.98369584157011,165.051936175901,114.35501525114331,173.18348155193786,Bowing
407,0.35499921875,0.2132791666666667,0.321465625,0.3989986111111111,0.45457656249999995,0.4013347222222222,0.1883546875,0.3966638888888889,0.54159140625,0.5237152777777777,0.0985828125,0.6430763888888889,0.5687257812500001,0.5483055555555555,0.09644921875,0.9652222222222223,140.43819798402427,170.39030209492552,142.01886718672276,170.3902922264059,211.37795616620005,17.796444521819417,122.92999478837005,163.9668537149313,141.6518229323757,117.01068844685722,Bowing
408,0.35499921875,0.2132791666666667,0.321465625,0.3989986111111111,0.45457656249999995,0.4013347222222222,0.1883546875,0.3966638888888889,0.54159140625,0.5237152777777777,0.0985828125,0.6430763888888889,0.5687257812500001,0.5483055555555555,0.09644921875,0.9652222222222223,140.43819798402427,170.39030209492552,142.01886718672276,170.3902922264059,211.37795616620005,17.796444521819417,122.92999478837005,163.9668537149313,141.6518229323757,117.01068844685722,Bowing
409,0.35481171875,0.17189305555555556,0.32089218750000004,0.38442916666666666,0.45199999999999996,0.38035555555555556,0.18978515625,0.3885013888888889,0.5039351562500001,0.5757763888888889,0.09255078125,0.6467277777777778,0.54619765625,0.5696819444444444,0.08883125,0.9542902777777779,159.06600065695997,167.84362845517842,155.6165985298484,167.84261113614744,223.73567781871537,15.83986043380496,123.79902106300833,162.40047812707533,115.28901415438263,85.36260274569663,Bowing
410,0.35481171875,0.17189305555555556,0.32089218750000004,0.38442916666666666,0.45199999999999996,0.38035555555555556,0.18978515625,0.3885013888888889,0.5039351562500001,0.5757763888888889,0.09255078125,0.6467277777777778,0.54619765625,0.5696819444444444,0.08883125,0.9542902777777779,159.06600065695997,167.84362845517842,155.6165985298484,167.84261113614744,223.73567781871537,15.83986043380496,123.79902106300833,162.40047812707533,115.28901415438263,85.36260274569663,Bowing
411,0.3491484375,0.17738194444444444,0.32480937499999996,0.38164444444444445,0.45691015625000003,0.3825013888888889,0.19270859375,0.38078749999999995,0.5696796875000001,0.5041722222222222,0.10092734375000001,0.6485319444444444,0.54048359375,0.3371777777777778,0.0909578125,0.9788569444444445,150.33250638833906,169.09012570224206,168.84834803456033,169.09012570224198,225.75237889333528,11.960304054146725,121.3586294218041,163.1716922858723,148.74643067473554,17.26596217419115,Bowing
412,0.38435,0.18643611111111114,0.32808828125,0.37038055555555555,0.45737812499999997,0.3566638888888889,0.19879843749999998,0.38409722222222226,0.5534125000000001,0.49420138888888887,0.11082031249999999,0.6548694444444444,0.5504515624999999,0.31109861111111115,0.11738046875000001,0.9191541666666667,150.7531552737786,165.78542293277778,157.850107712982,165.78542293277778,225.14285349528635,28.53538701999969,120.01192339002975,164.86271388382744,141.14524372292732,1.6467012421538039,Bowing
413,0.39440546875,0.18666944444444442,0.317103125,0.3866819444444444,0.43781171875,0.377975,0.19639453125,0.39538749999999995,0.57525,0.4933444444444445,0.11093671875,0.6715722222222222,0.5240679687500001,0.32129861111111113,0.10495312500000001,1.0366638888888888,174.7257877074818,154.63412757215013,194.54603207724392,154.6340870345216,226.95332693089122,34.49252943536686,118.814521066739,165.77526285238068,154.7243564650484,27.873123742556107,Bowing
414,0.37990546875,0.18082361111111112,0.32032421875,0.3935819444444445,0.44670859375000005,0.386625,0.193940625,0.40053888888888883,0.55382578125,0.5963819444444444,0.11231015625,0.6740736111111112,0.58815,0.6940027777777777,0.10266796874999999,1.0422361111111111,171.12027434526865,161.84952908488802,203.97966252790985,161.84852956391046,222.9458817605744,26.46652258657172,117.94769351853759,165.8093870992688,132.235143848396,147.99131959793465,Bowing
415,0.37990546875,0.18082361111111112,0.32032421875,0.3935819444444445,0.44670859375000005,0.386625,0.193940625,0.40053888888888883,0.55382578125,0.5963819444444444,0.11231015625,0.6740736111111112,0.58815,0.6940027777777777,0.10266796874999999,1.0422361111111111,171.12027434526865,161.84952908488802,203.97966252790985,161.84852956391046,222.9458817605744,26.46652258657172,117.94769351853759,165.8093870992688,132.235143848396,147.99131959793465,Bowing
416,0.35871718750000003,0.17829166666666668,0.317559375,0.39188333333333336,0.4442953125,0.3872763888888889,0.1908234375,0.39648888888888884,0.5332054687500001,0.6747888888888889,0.1092359375,0.6581263888888889,0.57175625,0.9428000000000001,0.0786375,1.0168569444444444,162.55930277901663,162.25590828379714,236.2293464114906,162.25588784386224,215.38962432067152,18.90976485516461,119.00274889440242,162.17795958969467,118.80017836620371,165.65593710420677,Bowing
417,0.337678125,0.19636805555555553,0.32092421875,0.40050972222222225,0.4493015625,0.39496111111111115,0.192546875,0.40605833333333335,0.47539140625,0.6550555555555555,0.11410859375,0.6609472222222222,0.52874921875,0.8417013888888889,0.10138203125,0.9831472222222222,148.53819828246202,164.37155579357395,190.2223169057721,164.37155579357398,209.18879320126112,8.301009616439835,118.6823983332755,164.3130242911931,100.11111673791112,153.0591221302549,Bowing
418,0.33108046875,0.19421388888888888,0.31673828125000003,0.39059166666666667,0.44173515625000004,0.3746541666666666,0.19174140625,0.4065291666666667,0.5328546875,0.5019527777777778,0.111740625,0.6534833333333333,0.5334078124999999,0.4108819444444444,0.09041953124999999,0.9662166666666667,142.57879866235373,160.40696880435092,148.337101609813,160.4069688043509,205.1859986694998,7.397762563571068,119.93811168069385,162.15993785735873,141.8382827176448,0.6186246292591819,Bowing
419,0.3204265625,0.20675416666666666,0.314996875,0.4024694444444445,0.43994140625,0.4029861111111111,0.19005234375,0.40195138888888887,0.47935156250000005,0.6492097222222222,0.10541796875000001,0.6455305555555555,0.54457734375,0.9184708333333333,0.0669578125,0.9660069444444445,141.08628468068756,159.92943264139967,184.31834142591455,159.92943497055197,206.13809534629934,2.8235692289561154,121.7040100623277,158.795409632314,105.88361065792064,156.70093526147238,Bowing
420,0.32177734375,0.21412222222222224,0.31159765625,0.40352361111111107,0.4376375,0.3970444444444445,0.18555703125,0.4100041666666666,0.5286,0.663675,0.10107812499999999,0.650125,0.55858984375,0.935001388888889,0.07114609375,0.9839666666666667,136.99009110515982,161.39843179535546,224.52266544827935,161.3994602841038,203.91826906385802,5.458017571365535,122.02411684704876,160.48701146593595,121.23676115315224,168.88309171779764,Bowing
421,0.32626875,0.2257347222222222,0.30627890625,0.4105125,0.43274140625,0.39944861111111113,0.1798171875,0.42157638888888893,0.57235859375,0.5214055555555556,0.09753125,0.6832736111111111,0.52083515625,0.45803333333333335,0.0741640625,1.0370402777777779,135.478175987869,162.0678917614467,199.11726339270538,162.06689297015598,215.8620308437776,10.886517398424598,119.20475063072352,163.02881580824854,153.8328467636489,55.322288215868106,Bowing
422,0.32626875,0.2257347222222222,0.30627890625,0.4105125,0.43274140625,0.39944861111111113,0.1798171875,0.42157638888888893,0.57235859375,0.5214055555555556,0.09753125,0.6832736111111111,0.52083515625,0.45803333333333335,0.0741640625,1.0370402777777779,135.478175987869,162.0678917614467,199.11726339270538,162.06689297015598,215.8620308437776,10.886517398424598,119.20475063072352,163.02881580824854,153.8328467636489,55.322288215868106,Bowing
423,0.3229515625,0.23703194444444445,0.30472968749999996,0.39369027777777776,0.427859375,0.3709583333333333,0.18160078125,0.4164208333333333,0.57515078125,0.4953930555555556,0.09885390625,0.6455888888888889,0.55621875,0.38476666666666665,0.07575859375,0.9270180555555555,115.18027353674759,158.45355762809493,208.73810801576218,158.4524596874406,196.0702146094608,11.68318769428311,122.6968623856092,159.77028726868093,154.582407783104,16.921845327518493,Bowing
424,0.31701484375,0.23859444444444447,0.30566953125,0.38803333333333334,0.42805,0.36485138888888885,0.18328906250000002,0.4112138888888889,0.58687421875,0.5321444444444444,0.10285703125000001,0.6423,0.61824453125,0.6007027777777777,0.0906421875,0.8579986111111111,108.57157869350524,157.53371731156477,236.2991756777835,157.53361136278187,195.65860607956913,7.6866382610984685,121.74818078159375,159.7637757174117,149.35352714123562,140.87303363192714,Bowing
425,0.3235734375,0.23071111111111112,0.30090234374999997,0.3894388888888889,0.4181921875,0.3701652777777778,0.18361328125,0.4087138888888889,0.5874703125,0.4551458333333333,0.102878125,0.6409277777777778,0.48159140625,0.2907888888888889,0.09491484375,0.9401847222222222,117.91070781315837,150.77097960151346,225.1493183911513,150.77007589041,196.5532902726383,14.247438605027595,121.71981156972483,163.474504550863,164.23112906090847,48.87336100909001,Bowing
426,0.32766875,0.19764027777777776,0.30289375,0.35252500000000003,0.42110234375,0.33140416666666667,0.18468515624999998,0.3736458333333333,0.54836484375,0.4291111111111111,0.11035781250000001,0.6231930555555556,0.47516796875,0.2815708333333333,0.1343375,0.8292458333333333,115.93831218799075,152.06926414630928,177.43756258751984,152.06926414630934,203.30808050099733,15.874119274667303,117.90162237656874,168.88525368614603,156.6421983020778,41.41169359163965,Bowing
427,0.3285140625,0.13858194444444444,0.303821875,0.3046263888888889,0.41808046875000004,0.28712916666666666,0.1895640625,0.3221222222222222,0.56035625,0.2808847222222222,0.1093046875,0.5663236111111111,0.50556953125,0.26814305555555557,0.23320390624999998,0.6850305555555555,123.65928974403823,146.79259042949005,182.16849009913864,146.79150830003758,203.63765479154387,14.808510908143273,120.2971251187012,167.93303944467254,178.58577087808538,82.54690235269855,Bowing
428,0.323475,0.1031611111111111,0.30620546875,0.2557597222222222,0.42306875,0.23428333333333334,0.1893421875,0.2772361111111111,0.5718515625,0.2244902777777778,0.11700859374999999,0.5474138888888889,0.46787812500000003,0.13989305555555556,0.26041328125,0.6874166666666667,112.07259997876376,150.38210197360593,190.5724848056508,150.38210197360587,215.43791530972442,11.375503858618165,115.45244836762319,162.87950912094487,177.87962689650575,65.40766259191115,Bowing
429,0.323475,0.1031611111111111,0.30620546875,0.2557597222222222,0.42306875,0.23428333333333334,0.1893421875,0.2772361111111111,0.5718515625,0.2244902777777778,0.11700859374999999,0.5474138888888889,0.46787812500000003,0.13989305555555556,0.26041328125,0.6874166666666667,112.07259997876376,150.38210197360593,190.5724848056508,150.38210197360587,215.43791530972442,11.375503858618165,115.45244836762319,162.87950912094487,177.87962689650575,65.40766259191115,Bowing
430,0.30436796875,0.054079166666666664,0.31176796875,0.20271250000000002,0.42831875,0.19239583333333335,0.19521640625,0.21302916666666666,0.552534375,0.20348333333333335,0.10488828125,0.4691208333333333,0.44152890625,0.08773055555555555,0.24755625,0.6225208333333333,107.43436619629679,149.3698075549407,159.19628232154164,149.3708063177005,217.6377297161501,5.058075940479192,122.08993761123382,167.19808579787156,177.12566078560621,59.60598440815943,Bowing
431,0.3044015625,0.05381388888888889,0.30864140624999997,0.19315833333333335,0.44565859375,0.17829583333333332,0.171625,0.20802083333333335,0.52796640625,0.29620416666666666,0.10206015625,0.4819666666666667,0.50590390625,0.2109611111111111,0.1898140625,0.6002819444444444,100.47467299274977,175.70815952880503,135.30135458301964,175.70716138507274,216.4085671363313,3.0962587891007,114.29644651976432,175.287468198677,141.13821633905656,24.70820869927676,Bowing
432,0.30311953125,0.10545694444444445,0.30881015624999997,0.21850555555555556,0.43154062499999996,0.19966111111111112,0.18607890625,0.23735,0.565125,0.4265152777777778,0.09343046875,0.4873236111111111,0.65096875,0.6769652777777778,0.22404765625,0.6582125,81.72027093077948,157.67983272758755,236.4639895819235,157.68082901862226,215.53827609266992,5.11375025944101,123.38100245116362,170.8882203638727,136.31133076726957,148.6440588049461,Bowing
433,0.30311953125,0.10545694444444445,0.30881015624999997,0.21850555555555556,0.43154062499999996,0.19966111111111112,0.18607890625,0.23735,0.565125,0.4265152777777778,0.09343046875,0.4873236111111111,0.65096875,0.6769652777777778,0.22404765625,0.6582125,81.72027093077948,157.67983272758755,236.4639895819235,157.68082901862226,215.53827609266992,5.11375025944101,123.38100245116362,170.8882203638727,136.31133076726957,148.6440588049461,Bowing
434,0.31137187499999996,0.14958055555555555,0.3031796875,0.22819444444444445,0.42810625,0.217825,0.17825234375000001,0.23856249999999998,0.53436328125,0.4632486111111111,0.09596796875,0.5209097222222222,0.5915078125,0.7238944444444444,0.2486734375,0.6461986111111111,57.565116172904595,160.08019862556395,222.98678235716125,160.08115090165984,228.95407634720115,10.495536727805856,117.38855190273976,162.92724956721574,127.58530800706963,158.70597016156623,Bowing
435,0.3143875,0.1528972222222222,0.30571640625,0.2365958333333333,0.4277046875,0.2247611111111111,0.18372890625,0.24842916666666667,0.52965390625,0.4764833333333333,0.09498203125,0.5176430555555556,0.585271875,0.7316527777777777,0.23260312500000002,0.6621458333333333,61.27656134281687,156.37732721209937,223.33132925095842,156.37627421063593,224.66791219931696,10.435563626054922,120.37234366631277,168.1392923957841,125.75434529354965,158.81899621282415,Bowing
436,0.3206875,0.18689027777777778,0.3088609375,0.2531097222222222,0.43551796875,0.2535611111111111,0.18220390625,0.2526597222222222,0.53393046875,0.4930236111111111,0.0917671875,0.5313194444444445,0.44537265625,0.6447291666666667,0.20948828125,0.6659708333333334,50.02350175667434,162.12132575944472,213.52793632918392,162.1213237578573,231.6345166550098,17.614899843475094,119.9833616468234,173.30647348456807,126.15252763023187,133.93803041428734,Bowing
437,0.3206875,0.18689027777777778,0.3088609375,0.2531097222222222,0.43551796875,0.2535611111111111,0.18220390625,0.2526597222222222,0.53393046875,0.4930236111111111,0.0917671875,0.5313194444444445,0.44537265625,0.6447291666666667,0.20948828125,0.6659708333333334,50.02350175667434,162.12132575944472,213.52793632918392,162.1213237578573,231.6345166550098,17.614899843475094,119.9833616468234,173.30647348456807,126.15252763023187,133.93803041428734,Bowing
438,0.33581953124999997,0.21126527777777776,0.3061484375,0.2590875,0.42848125000000004,0.26365416666666663,0.18381484374999998,0.2545208333333333,0.50921328125,0.5075083333333333,0.0953015625,0.5304819444444444,0.40618437500000004,0.6264291666666667,0.21423515625,0.6623361111111111,51.26370124171683,156.62051698292916,203.7280446919373,156.6215167625445,228.7241156349719,47.804350412343105,119.6924025197106,172.44605683099107,120.47950473600044,122.99421631553953,Bowing
439,0.33056953125,0.23352916666666665,0.30605937499999997,0.26716666666666666,0.43666953125,0.2754972222222222,0.1754484375,0.2588361111111111,0.48239921875,0.5763305555555556,0.09575937500000001,0.5657430555555555,0.41854921875000006,0.6325166666666666,0.23265390625000001,0.6833791666666666,39.63363584129021,167.28856136927,224.36975989647092,167.2895607263047,243.37928164287115,52.33295338194833,114.77823171788144,166.52873460167038,105.12239494548203,116.3346442036897,Bowing
440,0.3328484375,0.22881666666666664,0.301890625,0.2589958333333333,0.42273203125,0.2562875,0.1810484375,0.2617041666666667,0.50275234375,0.5227194444444444,0.0963875,0.5552847222222222,0.4322234375,0.6248333333333334,0.22834921874999997,0.66445,45.19258033128888,154.6892912550833,217.4631417895916,154.6902911756262,237.53704729999487,61.26174665352435,117.14260438212803,168.20650373627115,118.09948522346649,129.15952817977745,Bowing
441,0.34203984374999996,0.22799444444444444,0.3006609375,0.27898055555555556,0.4236765625,0.29607916666666667,0.17764609375,0.26188194444444446,0.47678046875,0.5724180555555556,0.09435390625,0.5747958333333334,0.4249171875,0.6051111111111112,0.2295609375,0.6778569444444444,64.44311697148112,157.94053412914624,210.25461237509154,157.9395371716658,249.2503436306558,55.27420055233679,115.32413316680206,167.4903353140293,108.86194577950836,109.52364701901612,Bowing
442,0.33559765625,0.25866527777777776,0.30488203125,0.28986249999999997,0.4315640625,0.30671805555555554,0.1782,0.27300694444444445,0.469909375,0.5919361111111111,0.09101171875,0.5809708333333333,0.401209375,0.6185708333333333,0.22464296875,0.6530944444444444,45.280120362030814,162.60651249258132,211.1410433170207,162.60651249258132,248.23527137979403,60.259827171204165,116.71658190248765,167.7442142079853,103.44198832647285,102.30239548429616,Bowing
443,0.34429765625000003,0.26085138888888887,0.3181453125,0.2810625,0.45178906249999995,0.2924111111111111,0.1845015625,0.2697125,0.47382734375,0.5413958333333333,0.0996109375,0.5736930555555556,0.4034625,0.6099319444444444,0.22815781249999997,0.6429208333333334,36.50118256988398,171.2590357820573,181.47485236803473,171.25908349632144,244.35490900736988,66.50481407060843,116.40293489656388,168.25240364131935,98.94249114168538,118.71749844604335,Bowing
444,0.34429765625000003,0.26085138888888887,0.3181453125,0.2810625,0.45178906249999995,0.2924111111111111,0.1845015625,0.2697125,0.47382734375,0.5413958333333333,0.0996109375,0.5736930555555556,0.4034625,0.6099319444444444,0.22815781249999997,0.6429208333333334,36.50118256988398,171.2590357820573,181.47485236803473,171.25908349632144,244.35490900736988,66.50481407060843,116.40293489656388,168.25240364131935,98.94249114168538,118.71749844604335,Bowing
447,0.35821328124999996,0.24730277777777776,0.3103671875,0.2889791666666667,0.44421406250000006,0.306925,0.17651953125,0.27103333333333335,0.4868390625,0.6027986111111111,0.09236093749999999,0.5840736111111111,0.42571562500000004,0.5817875,0.24458359375,0.6437361111111112,68.1991576047681,171.8105503658027,219.90486224956464,171.81154753391866,249.8088189996502,63.89670764776281,115.5451214728991,162.0133075228584,104.36553973213633,79.05641212964044,Bowing
0,0.28419921875,0.2526819444444445,0.28651953125,0.4794513888888889,0.3985609375,0.47461111111111115,0.17447812499999998,0.4842916666666667,0.48476406250000004,0.766363888888889,0.11254140625,0.7717902777777778,0.50441484375,0.7880791666666667,0.08833671875,0.9840444444444444,163.30101033367794,143.4553372795868,237.278232132659,143.4553372795868,221.66133140897622,1.0421114205110427,110.95644953127183,162.96325584962457,117.71175549151806,121.8649119453719,Looking
1,0.27872265625,0.2593013888888889,0.27721953125,0.4776847222222222,0.38723828125000004,0.4736944444444445,0.1672,0.48167499999999996,0.46420859375,0.7277111111111111,0.0961140625,0.7496430555555557,0.47678203124999996,0.7687138888888889,0.088659375,0.9717097222222222,157.24777096035416,140.85330349338636,207.74038641535256,140.8543032853452,213.31635209003556,0.7010581443090692,115.2487861409517,164.09592132269637,118.31088024629749,151.40286790660926,Looking
2,0.27686015625,0.26353055555555555,0.2790078125,0.4707055555555556,0.38710078124999997,0.46347777777777777,0.17091484375,0.4779333333333334,0.5105390625,0.6964,0.09359453125,0.6994708333333334,0.45817421875,0.47422638888888885,0.077453125,0.9352930555555555,149.19132869238751,138.45683261218997,230.41038955958564,138.45683261219,187.71665868803439,1.0557920041774145,121.81853988958939,160.03442809892863,133.29361977181088,22.7341913129779,Looking
3,0.27814218749999997,0.26175833333333337,0.27902187500000003,0.46869305555555557,0.38710625,0.4587722222222222,0.17093750000000002,0.4786125,0.47097812499999997,0.7081180555555556,0.11343359374999999,0.7531680555555554,0.49077656249999996,0.7960763888888889,0.0966390625,0.9592013888888888,148.9972547565894,138.5322762138845,209.17928333608953,138.53222465549308,210.93856552323473,0.43299899679478104,110.4225225835928,164.63215429240472,120.87887312275174,158.1907916467914,Looking
4,0.280015625,0.2597166666666667,0.28033671875,0.4744652777777778,0.39127812500000003,0.4646319444444445,0.16939609375,0.48429722222222227,0.50500703125,0.6815347222222222,0.10918046875000001,0.7666958333333332,0.47988828124999994,0.5084361111111111,0.0857875,0.973725,154.6195462482024,142.18138564875503,213.49605904793648,142.1803370969418,217.4455764208598,0.15230023423631914,110.76042057103673,163.10664804236146,132.98863953055394,14.465622315624833,Looking
5,0.28085234375,0.25555555555555554,0.2806515625,0.46917499999999995,0.3921734375,0.45837916666666667,0.16913046874999998,0.47997083333333335,0.51258046875,0.6933458333333333,0.10565390625,0.7633013888888889,0.4802453125,0.5098319444444445,0.079878125,0.9680000000000001,153.8062147151408,142.95947339368598,228.85323160707165,142.95847487295043,219.5831198066008,0.0957374980871284,111.7168097363927,161.9893236551817,132.3338284455835,17.392879686564022,Looking
6,0.27694765625,0.2609597222222222,0.280271875,0.4698194444444444,0.39134765625,0.46436666666666665,0.169196875,0.47527222222222226,0.47543828125000004,0.6654222222222222,0.10794921875,0.7530375,0.49197187500000006,0.7168861111111111,0.09025546875,0.9569333333333333,150.4391859390365,142.2311949081495,180.39114749898346,142.23019528918604,214.8080298545657,1.6207616177934956,111.40531054934324,163.75560641616877,126.63257153829143,150.2676094259465,Looking
7,0.28266640625,0.25559305555555556,0.28012109375,0.4671291666666667,0.39188046875000004,0.4548958333333333,0.1683609375,0.4793625,0.48308125,0.6411722222222223,0.10368437500000001,0.7552291666666666,0.5298296875,0.7906597222222221,0.0930703125,0.9789500000000001,152.34084219276198,143.3229066409135,177.80729267946242,143.32390475074283,215.186001338377,1.2254355396137748,112.62625522762465,165.00150524963922,131.03626801850777,150.92790713356368,Looking
8,0.28300390625,0.26103472222222224,0.27995234375,0.4628902777777778,0.3902109375,0.45465555555555554,0.16969453125,0.47112499999999996,0.46088281249999996,0.6610569444444445,0.09241640625,0.6908486111111111,0.5007343750000001,0.8192652777777778,0.0891015625,0.9689916666666666,145.38847867695708,141.25548556427822,173.97599397905446,141.2544864455639,186.5795579826472,1.5394909391186258,122.01589716260143,163.94520581681857,121.32935334535755,155.8767031047782,Looking
9,0.28507734375,0.2639902777777778,0.28030859375,0.4684236111111111,0.3928765625,0.4585680555555555,0.167740625,0.47827916666666664,0.47058828124999996,0.6449166666666666,0.0946734375,0.6993819444444445,0.500328125,0.9054902777777778,0.08956640625,0.9921138888888889,147.3185109889453,144.26162616926234,167.0219658667685,144.26162616926237,184.6343475954569,2.3746749974675723,120.43410866168779,164.8653793191269,126.5523064593768,168.53029537673376,Looking
10,0.2878546875,0.2603944444444445,0.28292109375,0.4591361111111111,0.39061953125,0.4491638888888889,0.17522265625,0.4691083333333333,0.48766718750000004,0.6381305555555555,0.10016328125,0.6781319444444445,0.46013203125,0.4416805555555555,0.06799140625,0.9437111111111111,143.23327846907642,138.0408552422072,184.2337970541779,138.04085524220721,178.54955834445516,2.5269279224168164,122.55381337380739,158.11618976042075,132.39650915103314,13.99201001117151,Looking
11,0.2873875,0.2614138888888889,0.28436171875,0.46055694444444445,0.3939484375,0.4498652777777778,0.17477499999999999,0.4712472222222222,0.48943203124999995,0.6339444444444444,0.10025390625,0.6780180555555556,0.47481406249999997,0.46191111111111116,0.07824296875,0.9400152777777778,143.4352983682887,140.48207232597335,180.2873826145357,140.48201753249418,176.81189268259078,1.5472727460712123,122.64844738526206,159.89269727433566,132.6807026316622,8.59020055188283,Looking
12,0.28655078125,0.26429722222222224,0.28546328125,0.4661194444444444,0.3964765625,0.45675000000000004,0.17445078125,0.4754875,0.50053046875,0.6267194444444445,0.096203125,0.6822486111111111,0.496240625,0.48538611111111113,0.071928125,0.9533069444444444,145.31866710096125,142.25704174134935,180.87477603303338,142.25599544834654,179.42437424441528,0.5488417035802555,123.93229764378154,159.12082873744706,137.42228296216152,3.0887018979581793,Looking
13,0.28733906249999996,0.2584277777777778,0.2827296875,0.45930000000000004,0.38946015625,0.4540611111111111,0.17599921875,0.4645388888888889,0.49393125,0.6167638888888889,0.07448984374999999,0.6542513888888889,0.47937421875,0.4589666666666667,0.0477234375,0.9053277777777778,144.74829319891825,136.66706336568444,177.77802464027997,136.66706336568444,188.5204823699536,2.3360467126922337,133.5683603490209,152.64483495579952,138.78051243652757,9.313748201711212,Looking
14,0.28718359375,0.25830694444444446,0.28454999999999997,0.4594125,0.39263984375,0.4528138888888889,0.17646015625,0.46601111111111115,0.4753234375,0.6278013888888889,0.07253125,0.6512152777777778,0.469503125,0.4892041666666666,0.05153828125,0.8748138888888889,144.8352348601679,138.43654873623512,164.54415609799088,138.4365487362351,188.35641016434772,1.333663837243237,134.93160025967182,151.48684613380573,130.03094183300192,4.269597725265183,Looking
15,0.28057421875,0.2574763888888889,0.279065625,0.44509305555555556,0.38347265625000004,0.4461791666666667,0.1746578125,0.4440055555555556,0.47183671875,0.6248180555555556,0.0595515625,0.619525,0.4644296875,0.49931111111111115,0.04962421875,0.6491222222222223,135.0978009332498,133.64328791600423,171.27776165048397,133.6442937539796,194.1089507776496,0.8189764529662057,139.37943169883746,132.70011024589604,131.3277873959042,5.98949915243418,Looking
16,0.27998124999999996,0.26046111111111114,0.27902578125,0.45090138888888887,0.38770390625,0.44990694444444446,0.1703484375,0.45189583333333333,0.48365937499999995,0.6427138888888889,0.04346171875,0.6197,0.46916328125,0.4909541666666667,0.00970078125,0.6851930555555555,137.12245409851735,139.10984264242413,185.3557643290329,139.1088426556702,202.42495643077214,0.5110298519429577,143.35478564986954,129.24466263294755,131.50105431499907,9.637653509457646,Looking
17,0.2789453125,0.25938611111111115,0.278009375,0.4560375,0.38959062499999997,0.4595625,0.16642890625,0.4525138888888889,0.4976625,0.7060569444444444,0.025809375000000002,0.6304569444444444,0.45462187500000006,0.48258194444444447,-0.0468890625,0.6758944444444445,141.59406811374546,142.84654850573045,225.01882765670968,142.84553089963995,220.93428482243309,0.4847742828266734,144.55674255827705,120.4995365995664,127.93429806546847,18.900934590731246,Looking
18,0.28636796875,0.2621277777777778,0.27922109375000004,0.44841250000000005,0.38698828125,0.4511805555555556,0.171453125,0.44564583333333335,0.46970859374999996,0.6902166666666667,0.02802734375,0.6271,0.485753125,0.8010347222222223,-0.0325578125,0.6865569444444445,134.43660784548234,137.9563967817368,202.06799142862778,137.95738223451474,225.32663143534543,3.9018176749053506,144.5627056660214,123.59375634294396,121.60040629682605,165.56587205646466,Looking
19,0.286009375,0.2624194444444444,0.27941328125,0.4585930555555556,0.39137421875,0.46347916666666666,0.16745234375,0.4537069444444444,0.4566203125,0.7091847222222222,0.01323359375,0.6044861111111112,0.48012812499999996,0.751913888888889,-0.03916015625,0.7328722222222223,141.49711754661294,143.35317374931049,195.63025248923034,143.35317374931049,225.2826019048076,3.4208172694303935,151.19121187689217,127.23570737769153,115.27113080024075,135.63549527937556,Looking
20,0.282446875,0.23126249999999998,0.2826375,0.42957361111111114,0.3897015625,0.4396513888888889,0.17557421875,0.4194958333333333,0.47665546875000003,0.6837916666666667,-0.00348828125,0.5532277777777778,0.46285703125,0.5106555555555556,-0.05100078125,0.5408805555555556,142.78420848259097,137.23395826106596,208.05497485520507,137.23295965984263,248.60375373071102,0.09791122669398843,157.21270701137232,106.7703033707045,122.34116962956736,8.064199892933498,Looking
21,0.29071484375,0.21856944444444446,0.27662109375,0.4057263888888889,0.3821734375,0.4161777777777778,0.17106875,0.3952736111111111,0.49562578124999995,0.6710736111111111,-0.00358671875,0.5411916666666667,0.458284375,0.4553388888888889,-0.1053171875,0.5349083333333333,135.9551860320157,135.31639617577764,234.02987754985466,135.3164517898692,247.01506067849385,7.625110141483841,154.8289378673166,105.86431496262,128.3537368185578,17.103895379774837,Looking
22,0.27390859375,0.15151805555555556,0.27597265625,0.35430694444444444,0.38308906249999997,0.3665916666666667,0.16885703125,0.3420222222222222,0.46818125000000005,0.6124472222222223,-0.0035312499999999997,0.4883194444444444,0.45885390625,0.45095277777777776,-0.0442328125,0.4545875,146.03190140513817,137.39400243824326,207.8407923868652,137.39300451260246,244.50922928388613,1.0366482064764035,154.48180868976183,106.54890225083788,121.60399863741553,5.862477696416534,Looking
23,0.28009140625,0.12705,0.2775953125,0.3445875,0.3873890625,0.35252361111111113,0.1678015625,0.3366513888888889,0.46689375,0.6132555555555556,-0.0036078125000000003,0.45303333333333334,0.5043671875,0.6929875,-0.0160078125,0.37477916666666666,156.65958366470915,140.6521137132322,213.53628564016935,140.6521137132322,234.86105943940558,1.1686020343177363,159.09709206250545,96.65517784594515,118.46193085889165,140.1198025974661,Looking
24,0.27343671875000003,0.03474722222222222,0.27588828125,0.24149305555555556,0.39190078125,0.25670000000000004,0.159875,0.2262875,0.48702109374999997,0.5303958333333333,0.00281171875,0.3790319444444445,0.5013765625,0.5458472222222223,-0.02195,0.4312152777777778,148.8900718416107,148.8991021363124,231.6399668386265,148.9000258999306,229.15541507239143,1.207652512908889,151.31989881815804,122.37353416262619,121.7098164635287,121.19248098379869,Looking
25,0.27069921875,0.013943055555555556,0.27766484375,0.21380555555555555,0.39849999999999997,0.21942222222222224,0.15682890625,0.20819027777777777,0.5050578125,0.5048611111111111,-0.0119984375,0.3755847222222222,0.45593359375000003,0.20909999999999998,-0.01186484375,0.4071402777777778,144.17694981168106,154.72185849775718,246.65796052833974,154.7228320222972,247.43648149979828,3.545471981107166,150.85046195794564,123.55980992859365,123.57088080779053,16.450745924689652,Looking
26,0.2651734375,0.031441666666666666,0.28577421875,0.17595555555555556,0.41780703125,0.196775,0.15374062500000002,0.1551361111111111,0.4808171875,0.5388111111111111,-0.0279671875,0.3423152777777778,0.54521484375,0.8983847222222222,-0.11491953125000001,0.5228291666666667,107.33930622563199,169.6654829480646,259.13673835448344,169.66647903755177,268.81021326765097,14.220855356333544,149.9103982164638,127.59078460910831,108.13380738795463,162.33903345660013,Looking
27,0.438628125,0.08253055555555555,0.38423984375,0.1612777777777778,0.44312578125,0.22547083333333334,0.325353125,0.09708611111111111,0.45913281250000004,0.4289013888888889,0.23369218749999998,0.16008472222222223,0.47265625,0.5026222222222222,0.2780375,0.10020972222222221,89.7841294049232,88.41626455013808,147.89611225789542,88.41659430785603,125.78882763186883,50.83968105310759,158.863171719652,92.12665985124063,97.9631648404315,161.93793727088075,Looking
28,0.2701453125,0.0111,0.28528203125,0.21557083333333335,0.40443671875,0.23202222222222224,0.16612734375,0.19912083333333333,0.48579453125,0.5572999999999999,0.01275859375,0.39033888888888885,0.54956484375,0.8163736111111111,0.00261171875,0.5094041666666667,148.48846617161888,152.97726742558842,256.3091161937086,152.9771899990322,239.77772555639945,7.497418092798392,144.9573566428725,136.86689670494616,113.97252114690835,156.36603011230707,Looking
29,0.268190625,-0.003605555555555556,0.28463125,0.20550416666666665,0.4008484375,0.21578333333333333,0.1684140625,0.19522638888888888,0.47187812500000004,0.554138888888889,0.00985859375,0.3985083333333333,0.5197890625,0.8185777777777777,-0.053107031250000006,0.5556458333333333,152.02257206415103,148.941993289334,260.0285333958564,148.94194360219686,250.22237344010625,7.956822854322475,144.20183443619433,132.4647264715736,110.46567934141258,162.1464006707952,Looking
30,0.26238671875,-0.0026958333333333335,0.28198046875,0.20209305555555557,0.39975859375,0.21255416666666666,0.1642015625,0.19163055555555555,0.48162265625,0.5700388888888889,0.0059804687500000005,0.40168194444444444,0.5522796875,0.8342277777777778,-0.046514062499999995,0.5608472222222223,149.56576848998571,150.94403784184385,277.90142697906396,150.94508649836868,252.7611435683895,9.653272164844488,143.24892785370338,134.5849072823221,112.15179938311594,154.57056028132263,Looking
31,0.27332578125,0.007868055555555555,0.28452421875,0.2070013888888889,0.401246875,0.21419444444444444,0.1678015625,0.19980833333333334,0.4736421875,0.5048375,0.02898046875,0.4214305555555556,0.55299453125,0.7876138888888888,0.016293750000000003,0.6399694444444445,144.0907385365208,149.4947359140114,228.86238381394176,149.49473591401133,238.82218930618654,5.709168749261022,138.07589621669652,148.5363393227841,113.88475695303336,153.48641454547052,Looking
32,0.2698890625,0.005490277777777778,0.28183125000000003,0.1968291666666667,0.39522890624999996,0.2062222222222222,0.16843359375,0.1874361111111111,0.47176015624999995,0.4973541666666667,0.04993515625,0.38885,0.55327578125,0.7792986111111111,0.0302609375,0.5848333333333333,138.60945671922968,145.30647050286504,231.37547368941247,145.30647050286512,209.84860258767506,6.331518604096906,136.2859149411867,148.27884427357574,115.04823456683833,152.7972825791157,Looking
33,0.27294140625,-0.010573611111111112,0.2896234375,0.20986666666666667,0.41113203125000003,0.2162625,0.1681140625,0.20346944444444443,0.49035624999999994,0.5647819444444444,0.0375859375,0.4585944444444444,0.54783828125,0.8483361111111112,0.00158515625,0.7626652777777778,160.1469222245623,155.59915805042135,270.64968502660406,155.6001872106843,248.30707979435465,7.662283470509652,132.28821725415335,152.10220589726725,112.00453079163105,160.1813101784039,Looking
34,0.26327890625,-0.003427777777777778,0.2873015625,0.20870000000000002,0.40837500000000004,0.21230833333333332,0.16622734374999998,0.20509166666666667,0.48823671874999997,0.5527319444444444,0.050671875,0.4392916666666667,0.54911484375,0.832161111111111,0.006553125,0.774176388888889,155.79654946435753,154.99577503919264,265.5673224513889,154.99677489870555,224.3027358214786,11.382993823008007,131.25609198659197,153.48951008650573,112.6389669980136,158.8277474929521,Looking
35,0.26814375,-0.0046569444444444445,0.28937109375,0.21525416666666666,0.40956796874999996,0.21579305555555556,0.1691734375,0.21471527777777777,0.47469296875,0.49983333333333335,0.05888515625,0.4618333333333333,0.5530875,0.8337875,0.014595312499999999,0.7930347222222223,160.65040347599506,153.85248924863058,220.8456942777015,153.85348924545065,227.1254987578453,9.737310662266813,128.42913731555282,154.58389027297576,112.17632121125405,157.3479101979733,Looking
36,0.26470703125,0.0020680555555555556,0.2876953125,0.21487777777777775,0.4068890625,0.2207263888888889,0.16850156249999998,0.20903055555555558,0.4819140625,0.5731305555555556,0.0545453125,0.4896041666666667,0.53880703125,0.8022555555555556,0.027423437499999998,0.8089555555555555,156.0228135690419,152.62610243664088,271.29608435250225,152.6260748496141,249.16973866222196,10.870755536567183,125.83126312814777,157.3120720977765,110.73063047196663,156.18181299909457,Looking
37,0.26882734375,-0.002052777777777778,0.28256875,0.21204722222222222,0.4033828125,0.21588194444444445,0.16175390625,0.20821250000000002,0.47077187499999995,0.5475791666666667,0.0615296875,0.4754638888888889,0.55155078125,0.8292097222222221,0.01806171875,0.831625,155.15222210783836,154.66664567708196,253.92201607580228,154.66764551773588,231.2647738199659,6.509392296645264,123.6913730806752,157.7178864613946,109.85876331991948,152.98239649644995,Looking
38,0.25775390625,-0.0030916666666666666,0.28818046875,0.21550555555555553,0.40855625,0.22010972222222225,0.16780546875,0.21090277777777777,0.48526328124999996,0.5853680555555555,0.060547656250000005,0.48774166666666663,0.5409835937499999,0.8352569444444444,0.02133828125,0.8162388888888888,162.13698842645374,154.11665641973943,280.716815351343,154.11563514452385,242.03016563230292,13.898597964555426,124.55821844470847,156.7249798089331,110.47296024259313,158.37615428504483,Looking
39,0.25926484375,-0.004526388888888889,0.282521875,0.2129402777777778,0.40325937500000003,0.21619861111111113,0.16178515625,0.20968194444444446,0.46643046874999994,0.542475,0.0608234375,0.5002861111111111,0.5421445312500001,0.8197527777777778,0.01868671875,0.8285597222222222,159.38079287354546,154.56180528190012,248.44539529240623,154.56080539709927,245.9266894543982,10.76487512553412,121.7009574439029,157.65429199121078,108.9934369177659,154.10603279945258,Looking
40,0.26778046875,-0.0038722222222222218,0.2886828125,0.21969583333333334,0.41001093749999995,0.2247875,0.1673546875,0.21460555555555555,0.4893078125,0.5569402777777778,0.06110078125,0.4682527777777778,0.5457375,0.8321708333333333,0.0158859375,0.7411722222222222,163.17735439085905,155.34326363251157,259.7979455269037,155.3432400363788,227.7051073230462,9.43698105233151,126.6757451799695,152.91552342626144,112.99732997950713,159.97358651002344,Looking
41,0.27043984375,0.002927777777777778,0.2848890625,0.21715138888888888,0.40341796875,0.21920138888888888,0.16636015625,0.21510138888888888,0.47988203125,0.5818305555555555,0.06324609375,0.49535555555555555,0.549628125,0.8255333333333333,0.023691406249999998,0.8489055555555556,155.34590791520708,151.7241795660797,278.8348517043736,151.72417956607973,241.11549781173338,6.837675910331869,123.18864726563976,158.18988876131908,110.54914288440881,153.0335529041385,Looking
42,0.268415625,0.007809722222222222,0.28778984375,0.21781944444444445,0.40905078125000005,0.21546111111111113,0.16652890625,0.22017916666666665,0.497253125,0.5485138888888889,0.062162499999999996,0.4868472222222222,0.55283671875,0.8228625,0.016890625,0.8311666666666667,153.22711003605076,155.22328755699004,265.04577907410635,155.223298499291,233.90255432978918,9.313987095003023,124.82913160830412,156.47171826574225,115.21146730177777,160.19192115086943,Looking
43,0.26488125,0.018325,0.28611875000000003,0.21995694444444444,0.40558515625,0.2191486111111111,0.1666515625,0.22076527777777777,0.4957859375,0.5572097222222222,0.06338203125,0.48268472222222225,0.54058203125,0.8211013888888888,0.01529921875,0.8235680555555557,147.69817358721806,152.91810753798907,269.3990090275018,152.9191075307465,230.29555998542398,10.60581002918247,125.02821839424851,155.94562656782455,115.3769998697685,163.2071817876033,Looking
44,0.27310703125,0.018298611111111113,0.28220859374999996,0.22280833333333333,0.4008265625,0.22154305555555556,0.163590625,0.2240736111111111,0.47416562500000003,0.5193875,0.0708125,0.5118152777777778,0.5601507812500001,0.7876847222222223,0.02141328125,0.8246416666666666,147.70714779251543,151.83373301740298,234.0945804156944,151.83373301740295,238.7970975786766,4.523747494055534,119.82213898894688,157.1753445074554,113.64126212923615,150.32764690966746,Looking
45,0.2733640625,0.012383333333333333,0.28320859375,0.22383194444444443,0.400859375,0.21967638888888888,0.16555781249999998,0.22798888888888888,0.46467578125,0.5142083333333334,0.07050390625,0.5254861111111111,0.52229765625,0.7982986111111111,0.01980078125,0.8360097222222223,152.76359595793755,150.6227197769314,227.2513040534641,150.62273964445077,246.34148811152377,4.731528944558197,119.59749239778108,156.91748280754933,111.06629246589311,160.17142170638243,Looking
46,0.27005546874999997,-0.002390277777777778,0.28318906250000003,0.22249583333333334,0.4020359375,0.21761250000000001,0.16434218750000001,0.22738055555555556,0.46565625,0.5264375,0.06879921875,0.5045402777777778,0.529246875,0.8099249999999999,0.00912734375,0.8081027777777777,162.78835475856374,152.16462674353718,236.79695452433504,152.1646498533743,234.04757005788375,5.927448714752485,121.50157355545689,154.58467958030872,110.11454034501438,158.2587261560465,Looking
47,0.26506093750000004,0.014502777777777778,0.2832515625,0.22111527777777779,0.39990625,0.2164763888888889,0.166596875,0.22575277777777777,0.470828125,0.5133416666666667,0.06843359375,0.5068944444444444,0.55023671875,0.797513888888889,0.0237203125,0.8684583333333333,150.57217464392284,149.35535050342185,232.2220455706133,149.3553281439936,238.2484780329142,8.895732744983832,121.82903187883878,158.43564087351976,113.0116917198816,153.58277210181006,Looking
48,0.26944375,0.004211111111111111,0.28597890625,0.2190361111111111,0.4048484375,0.21997916666666664,0.16711015625,0.21809166666666668,0.46305312499999995,0.5260152777777778,0.06311484375000001,0.4931305555555555,0.5368398437499999,0.8359722222222222,0.009600000000000001,0.8232152777777778,156.1153531879552,152.1545150496692,232.60031754062587,152.1535195255108,238.60935811489034,7.791745078382624,123.90891024340888,155.16788571582003,108.68109933732482,157.06150945975486,Looking
49,0.2617921875,0.0014833333333333335,0.28348515625,0.22614583333333332,0.4045109375,0.2316597222222222,0.16245859375,0.22063194444444442,0.47652890625,0.5879041666666667,0.04859609375,0.5169486111111111,0.53048828125,0.8381319444444445,-0.00061875,0.8206,164.12292142781274,154.96386181623123,272.55807363752774,154.96486148801606,258.3770164701187,9.740388290062747,124.33807810797752,154.20933713599038,109.76810835963236,159.02508324224928,Looking
50,0.27346953125,-0.008570833333333333,0.28451796875,0.21912777777777775,0.40627578125,0.21315694444444447,0.16276015625,0.22509722222222223,0.46974140625,0.5333041666666667,0.04070625,0.5684555555555556,0.5268125,0.8677291666666667,-0.00118125,0.8882527777777778,164.55182591815867,155.9092809969952,244.40193070432153,155.90925342647242,292.4452768724433,4.930226122840805,122.29077058345092,156.27490783462125,109.41371477011532,163.12295927418648,Looking
51,0.26961953125,0.0087625,0.2882546875,0.2169361111111111,0.40764609375000005,0.22345416666666668,0.16886328125,0.21041805555555557,0.46732421874999996,0.5301305555555555,0.050031250000000006,0.5153333333333333,0.5260578125,0.8618277777777777,0.00631875,0.8085694444444443,151.77113966100404,152.8930419934145,233.64686557495264,152.89304199341447,267.0829525559428,9.042338309391775,124.71569504022251,154.21472484762134,109.08301944662941,162.5264707390522,Looking
52,0.25953359374999996,-0.0019152777777777777,0.29005468749999996,0.21858750000000002,0.41403984375,0.21899305555555557,0.16606953124999999,0.21818194444444444,0.48979453125,0.5699472222222223,0.03883671875,0.5327138888888888,0.537015625,0.8747152777777777,-0.01677734375,0.8309569444444445,163.49802180148848,158.70126863072016,270.6531454186336,158.70126863072016,278.9412456647456,13.824269217022275,125.72132215048326,152.05521888448982,110.99378413513462,164.59973744508628,Looking
53,0.27413671875,0.005702777777777778,0.284528125,0.22612222222222222,0.40483359375,0.227675,0.16422343749999999,0.22457083333333333,0.48198359375,0.5780819444444444,0.04726796875,0.5497236111111111,0.5389109375000001,0.8303375,-0.00581484375,0.8441041666666667,159.258410782602,153.9950583785077,270.9312004051951,153.9940511480882,277.88213384274997,4.790829715830664,122.59711805992599,153.99076049751204,111.37626493228548,158.1394926782325,Looking
54,0.279865625,-0.006058333333333333,0.2850109375,0.22434583333333333,0.40569921875,0.22665694444444445,0.16432265625,0.22203472222222223,0.46733125,0.5411833333333333,0.038730468750000004,0.5599916666666667,0.5521874999999999,0.8283347222222222,-0.00161328125,0.8780416666666667,166.02168315313514,154.48996167065349,239.80649074201472,154.48996167065357,291.6369949183402,2.273492459681321,123.45118733070852,155.78721160720252,109.20623487311681,152.28471924445597,Looking
55,0.27789765625,0.0024319444444444445,0.28802265625,0.22252777777777777,0.4128625,0.2218222222222222,0.1631828125,0.22323472222222224,0.47237734375,0.5655430555555555,0.03923125,0.5871694444444444,0.5332390625000001,0.8903208333333332,0.00120546875,0.9176666666666667,158.99806779014642,159.7958074825495,258.9384009412277,159.7958106647355,306.32279388416396,4.67539026526902,121.19442823479689,157.47770771966088,107.10941521163863,161.57468105333973,Looking
56,0.289484375,0.004311111111111111,0.28693359375,0.22917083333333332,0.4081046875,0.23510555555555557,0.16576249999999998,0.2232375,0.49983203125,0.5785236111111111,0.050490625,0.5388416666666667,0.55282421875,0.8752555555555556,-0.00870703125,0.88085,161.93191910800041,155.1578497208569,273.7212908087348,155.157822184381,270.93570737169364,1.1553213146299217,122.9964290205624,154.74872669734444,115.40053796698253,162.38606868554385,Looking
57,0.2853625,0.0026055555555555554,0.2879859375,0.22584583333333336,0.4068609375,0.2332875,0.16911015625,0.21840277777777778,0.4971046875,0.5883222222222222,0.0397171875,0.5328194444444444,0.5581437499999999,0.8732402777777777,-0.0177375,0.8366555555555556,160.76807348786636,152.25430622481588,280.5123219557386,152.25534079959232,280.49756242969386,1.19683725787726,126.18976158257252,151.75184021724814,114.3172916119202,159.1501646475439,Looking
58,0.28189765625,0.005544444444444445,0.2896515625,0.2177236111111111,0.412296875,0.2225152777777778,0.16700703125,0.21293194444444447,0.48181171875000006,0.5381972222222222,0.05030781250000001,0.49909305555555555,0.5533476562499999,0.8348430555555555,-0.03046328125,0.7830222222222222,153.09106109110357,157.0239048552799,244.08699498744298,157.0229050966769,254.48717830374085,3.717132218506913,125.9419113662412,148.37547598557205,111.37915699199117,156.7947080097921,Looking
59,0.28307734375,0.013758333333333334,0.29028437500000004,0.22576944444444444,0.4134765625,0.23119583333333335,0.1670921875,0.22034444444444443,0.48190234375,0.5510666666666666,0.056736718750000005,0.49803333333333333,0.5579031249999999,0.8372347222222222,-0.01948828125,0.8118166666666667,152.9264938753256,157.73439461639302,246.3989579401666,157.73436985007424,244.8006926481214,3.4583585583636833,125.24124700819735,150.71621879222593,110.82164591571447,154.72594747224284,Looking
60,0.28185703125,0.0079375,0.2934046875,0.21907638888888892,0.41473359375,0.22428055555555557,0.172075,0.2138722222222222,0.48249609375,0.5427569444444444,0.0612625,0.4904694444444444,0.57579375,0.8531763888888889,-0.01942890625,0.7909444444444444,152.73689259965977,155.3461959946236,245.15913098434658,155.3471957036882,244.49807381654358,5.553448112961068,125.45949460636147,149.4609581835143,110.71959210290677,151.88363580900696,Looking
61,0.27604453125,0.022111111111111113,0.2924265625,0.2270972222222222,0.41280703125,0.2399916666666667,0.17204609375,0.21420277777777777,0.5060085937500001,0.5782847222222223,0.07159765625,0.47907500000000003,0.57072734375,0.8503736111111111,-0.0098453125,0.7922694444444444,149.07215387522916,154.3664349040944,271.2173387617392,154.36643490409435,230.00177116709344,8.086237702891271,123.9875735424541,150.77795422049294,116.09502923119732,157.0784336567646,Looking
62,0.27785390625,0.010147222222222222,0.2916921875,0.22846388888888888,0.4126203125,0.2312,0.17076484375,0.22572777777777778,0.4982921875,0.5878541666666667,0.06797265625,0.5021125000000001,0.5646085937499999,0.8709125,-0.01713046875,0.8354277777777779,158.18286162855946,154.8005356709078,279.22559567668577,154.79953575188782,238.5613620957929,6.429351019612974,123.4721133507913,151.2830037387317,113.12441514007816,157.38792075661917,Looking
63,0.27512890625,0.006101388888888889,0.29019296875,0.2226861111111111,0.41022187499999996,0.22154583333333333,0.17016328125,0.223825,0.50317109375,0.5600194444444444,0.047371093749999996,0.5110944444444444,0.55978359375,0.8318986111111111,-0.02312890625,0.8060027777777777,157.128581120686,153.63919359981026,271.1922344500299,153.64018824513332,259.7767692308148,7.048806553001247,127.23135008270064,149.44876210849583,116.02166290746855,159.68641569073026,Looking
64,0.2783109375,0.022804166666666667,0.30236640625,0.22919027777777778,0.42351171875000004,0.23815138888888887,0.181221875,0.22022916666666667,0.513528125,0.5626555555555556,0.07359765625,0.5137180555555556,0.5608234375000001,0.692763888888889,-0.0003890625,0.8086305555555556,151.75457582886915,155.20016965196916,260.5089831272619,155.19917051646894,252.25047755157968,11.706593269802825,123.10122543391448,151.24582121510014,116.25020183766905,147.12804196442343,Looking
65,0.2831578125,0.014748611111111112,0.29877734375,0.2284972222222222,0.41687734374999996,0.22868055555555555,0.180678125,0.22831527777777777,0.50891796875,0.5838513888888889,0.07334765625,0.5175805555555556,0.56372734375,0.8660916666666667,-0.026408593749999997,0.8305875,155.19221066148907,151.16805763123367,281.55624673056,151.16705676171645,249.50129885433464,7.401834159430138,123.41027180084926,148.56358319403537,114.73560047507453,160.95359463561525,Looking
66,0.26802578125,0.029405555555555556,0.299209375,0.23287083333333333,0.414190625,0.24220694444444446,0.18422890625,0.2235333333333333,0.5027539062499999,0.5908319444444444,0.08084375,0.48896944444444446,0.5663218750000001,0.8494513888888889,0.00550625,0.7869375000000001,151.83541171281487,147.3294276782476,275.42101666539537,147.32847434898662,232.45770343225882,15.241218306842805,124.69987689413526,150.5793768153639,114.30486117575951,156.3959696319414,Looking
67,0.26638203125,0.02345138888888889,0.29364140625,0.22465833333333332,0.40891484375,0.22465416666666668,0.17836796875,0.22466111111111112,0.49748046874999996,0.5660902777777778,0.0781625,0.5019458333333333,0.5489859375,0.8634013888888888,-0.0050828125000000005,0.8035569444444445,149.01167345211582,147.5500000304981,270.71341313647537,147.55000001355472,237.29627724429224,13.54188603035806,122.71893437776042,150.60423078873006,114.75633774632136,162.88231959631062,Looking
68,0.2566421875,0.038498611111111115,0.2889140625,0.22990555555555556,0.40050937500000006,0.2340347222222222,0.17731796875,0.22577638888888887,0.4890359375,0.5814361111111112,0.07711328125,0.5089652777777778,0.54331875,0.8430777777777777,0.00480859375,0.8125333333333333,143.87068441138382,142.87293548114707,274.59894252709717,142.8739352646241,240.88320709422646,16.68555019606053,122.17219133835644,152.40504514206236,114.37158368930216,159.75422698564947,Looking
69,0.25568828125,0.035043055555555556,0.28793359375,0.2363486111111111,0.39982421874999996,0.24063749999999998,0.17604296875,0.2320583333333333,0.48919140624999996,0.5811277777777778,0.07445625,0.5142152777777778,0.5280375,0.7903249999999999,0.01165625,0.781276388888889,150.70217873673892,143.25328667782807,270.52738402793904,143.25330823754123,241.20365330981207,15.895156980973857,122.62186004002098,151.98222144560208,115.01406581026384,161.73102478249945,Looking
70,0.25512109375,0.03244444444444444,0.28526875,0.2216013888888889,0.39763515625,0.22535694444444446,0.17290234375,0.21784444444444445,0.49079843749999996,0.5510499999999999,0.08122734375,0.48883194444444444,0.553321875,0.8022805555555557,0.0026320312500000003,0.7695,141.55438590873825,143.85441549358157,263.07813478508615,143.85443429383747,227.6794164104432,15.819576888919318,121.02361642620542,151.24567511926296,116.954551323588,156.13380319895924,Looking
71,0.25413593749999996,0.03457361111111111,0.28608125,0.22211666666666668,0.39813203124999996,0.22409166666666666,0.17403046875,0.22014166666666668,0.48912734375,0.547701388888889,0.07796328125,0.4701569444444444,0.5449507812500001,0.7885958333333333,0.0004828125,0.7159430555555556,141.08636738182753,143.43204909991346,260.4893983965567,143.43204909991354,218.00136989707195,16.847328082329295,124.33708834885691,148.10666530876583,116.56003448142961,157.6097306476818,Looking
72,0.26234921875,0.02405138888888889,0.28604453125,0.22650416666666667,0.39851484375,0.22567916666666668,0.1735734375,0.22732777777777777,0.49052968750000003,0.5750958333333334,0.06883828125,0.5066111111111111,0.5677460937500001,0.8280194444444444,-0.00820234375,0.7935611111111112,148.8879970178926,143.96322544316655,277.7847894341949,143.9642213121024,241.67566442858907,11.754004364184642,123.69105382657243,150.2860185385579,115.0869843600242,151.50922191213635,Looking
73,0.25739531250000003,0.02013472222222222,0.28849140625,0.22440277777777776,0.4027890625,0.2284152777777778,0.17419296875,0.22039027777777778,0.46466171875000006,0.5298222222222222,0.07102968750000001,0.4768,0.5496703125,0.7831472222222222,0.0001453125,0.7741263888888889,152.36386099728503,146.32952170358521,231.0125688745095,146.33052150867226,226.97937489120017,15.143443637631503,125.57488607765698,150.80430481957134,110.0491127455157,149.18091650390133,Looking
74,0.26398125,0.021970833333333335,0.2878546875,0.2291875,0.40263671875,0.23236388888888887,0.17307265624999998,0.22601111111111113,0.48678125000000005,0.5516652777777777,0.06798828125,0.5016138888888888,0.5474593750000001,0.8071486111111111,-0.004671875000000001,0.8134416666666666,152.29326242483612,146.9387988585724,253.87594930201644,146.93879885857243,239.7257900602269,11.575108886861118,124.13128611687631,151.7233311229787,115.10273366854281,157.10916636916318,Looking
75,0.27768984375,0.025091666666666665,0.28732421874999997,0.22471944444444444,0.399921875,0.22250138888888887,0.17472734375,0.22693611111111112,0.468178125,0.5106694444444445,0.07025859375,0.5006986111111111,0.555615625,0.80875,-0.0181421875,0.7398388888888888,144.26006394009397,144.13384763475926,225.12559335846294,144.13283661955728,238.18689359618426,4.9038863076348225,124.15321834336964,146.23698987647393,112.83543190786706,152.45864894042467,Looking
76,0.27325859375,0.019530555555555554,0.285184375,0.2226041666666667,0.39814609375,0.22630833333333333,0.1722234375,0.2189013888888889,0.480928125,0.5557291666666667,0.077325,0.4938138888888889,0.562209375,0.7760291666666667,-0.00584921875,0.7858305555555556,147.00769229533535,144.61559449105064,259.7758822716227,144.61457622245413,232.23698428329627,5.960228880803935,121.53661272771683,150.82098098083776,114.07260192827728,146.73818014128392,Looking
77,0.28280546875,0.023231944444444444,0.2936296875,0.2404,0.4104046875,0.24714166666666668,0.1768546875,0.23365694444444446,0.4881984375,0.5934152777777778,0.0915296875,0.4950569444444444,0.54785234375,0.8629222222222221,0.053301562499999997,0.7717888888888889,156.97363901623737,149.55079438103962,268.46665764113055,149.5508268415792,217.60143823054108,5.063699693602055,120.12634238550577,157.79612825599494,111.77152783164144,158.52028750141284,Looking
78,0.28110234375,0.030863888888888892,0.2923046875,0.23660833333333334,0.40681796875,0.2443611111111111,0.17779140625,0.22885555555555556,0.48687031249999996,0.5669902777777778,0.09243203125,0.49170138888888887,0.5534007812499999,0.8204416666666666,0.0604765625,0.7384402777777778,148.82836227345913,146.68324939474172,253.88880230919992,146.6832493947417,218.5244416558477,5.528788605343293,119.99932763450214,157.74199584079435,113.80280392952449,154.9832784064196,Looking
79,0.2741359375,0.02826111111111111,0.29114453125,0.2253638888888889,0.4050953125,0.22379305555555556,0.17719453125,0.22693333333333332,0.48543593749999997,0.5456944444444444,0.0870078125,0.48702777777777784,0.55360703125,0.8034513888888889,0.03945,0.8261972222222221,143.57423110363501,145.86138491732487,253.55889307417314,145.8603771968248,219.98969645190206,8.721738139734116,121.65123340446831,157.7734413059117,113.9268808038971,154.81786581337218,Looking
80,0.27241953125,0.03070277777777778,0.2889625,0.21921944444444444,0.40189140625,0.21902777777777777,0.17603359375,0.2194111111111111,0.463153125,0.5102333333333333,0.08662578125,0.48115,0.54227890625,0.7620444444444445,0.03476796875,0.8247236111111111,137.37378370344175,144.54906587384096,223.85169744498253,144.54906587384093,220.47931346954073,8.867009017064385,121.26922155120741,157.4668632727727,110.50559733571166,150.81116993801606,Looking
81,0.27177265625,0.028593055555555556,0.29107578125,0.23603194444444447,0.407146875,0.2456375,0.1750046875,0.22642777777777776,0.47004453125,0.568101388888889,0.0801109375,0.5116555555555555,0.51258828125,0.8196694444444445,0.0480875,0.812763888888889,151.3859306540737,148.7318832564155,245.736577165468,148.73183675998894,238.59563238248936,9.393381439487888,120.60249461261796,158.95255829891664,109.12457580980904,163.2667205348607,Looking
82,0.26813984375,0.02521527777777778,0.29243515625,0.23427499999999998,0.40900078124999995,0.2441875,0.17586875,0.2243611111111111,0.475409375,0.5737555555555556,0.08344453125,0.5084597222222222,0.52705703125,0.8378722222222222,0.059026562500000004,0.821775,153.70185142996814,149.37459752247028,252.0547153496637,149.37564416262782,236.29792933921365,11.67305561545139,120.04313669509837,160.82755356255342,109.7088252591555,160.8303997757946,Looking
83,0.273290625,0.023705555555555556,0.28962187500000003,0.22757500000000003,0.40417031249999996,0.22959722222222223,0.17507343749999998,0.22555138888888887,0.47856796875,0.5708055555555556,0.08560859374999999,0.48620972222222225,0.52955390625,0.8010486111111111,0.05225,0.7854597222222222,148.2670125550522,146.62922907797062,263.4811403895922,146.62923901118768,219.85271319908702,8.105072484670627,121.39072434964417,158.69523536317445,111.18781265971727,158.51152277576435,Looking
84,0.2699578125,0.023672222222222223,0.29040234374999996,0.22571944444444444,0.40392734375000006,0.2332972222222222,0.17687734375,0.21814166666666668,0.478225,0.580951388888889,0.087615625,0.48613333333333336,0.52553828125,0.8222555555555555,0.05241328125,0.8018277777777778,147.8090025573544,145.41439158487725,267.7681775753049,145.41439158487717,224.2441774963176,10.197747595759582,120.63130026852836,159.2387935993109,110.80335465864806,160.78274351424201,Looking
85,0.2695078125,0.019626388888888888,0.2898015625,0.2328111111111111,0.4039765625,0.2367375,0.1756265625,0.22888472222222223,0.4797515625,0.5646180555555556,0.08810703125,0.48618333333333336,0.52908828125,0.8085430555555555,0.0564421875,0.8035166666666668,155.67547534855962,146.1713400944248,255.22221991825083,146.17134009442483,216.49253024065288,9.605299063815082,121.16164824620706,159.7596180347325,112.33551661140223,160.22260230161893,Looking
86,0.27444531250000004,0.019483333333333335,0.2915640625,0.2338388888888889,0.40684765624999997,0.23431527777777778,0.17628046875,0.23336249999999997,0.49060234375,0.5644430555555555,0.083740625,0.5076777777777778,0.549128125,0.8332583333333333,0.04897265625,0.8210722222222222,155.88372795131633,147.5633986393645,260.75009741129537,147.5633986393645,230.30339652293455,8.080617322862226,120.95240735243145,158.93847562260606,114.2767584116794,158.84090779978695,Looking
87,0.27248828125,0.018122222222222224,0.29040468750000004,0.2325458333333333,0.40572109375,0.23448194444444445,0.1750890625,0.23060833333333336,0.48179062500000003,0.5668541666666667,0.08344609375,0.5025583333333333,0.5339898437499999,0.8347277777777778,0.048915625000000004,0.820563888888889,156.0789887012342,147.61158240802104,258.35835776107575,147.6105918997685,228.25249226459715,8.44917383538417,120.92514116908899,159.18258282898435,112.14029321167634,160.8925409567331,Looking
88,0.276346875,0.014523611111111112,0.28884921874999997,0.2296138888888889,0.40420468749999994,0.23285555555555557,0.17349375,0.22637083333333333,0.47936171875,0.5843166666666667,0.08519453125000001,0.5254277777777777,0.5522476562499999,0.8103986111111111,0.03061171875,0.8082569444444445,155.68964074080202,147.6734457544754,270.7211611695695,147.6734615630039,243.18168428152643,5.899728764550293,117.69519113575274,156.41714181449237,110.81494988550057,150.1815591304988,Looking
89,0.27947968749999996,0.023401388888888888,0.28960625,0.23260277777777777,0.40581093749999997,0.23405277777777778,0.17340078125,0.2311527777777778,0.48063203125,0.59385,0.0916203125,0.5132277777777777,0.54755,0.872138888888889,0.0399328125,0.8269472222222223,151.18169224148804,148.74566380234413,276.19025934489434,148.74666377771302,228.48384161029855,4.918458024994948,117.26754865338759,158.28497637006024,110.28910737570503,156.85385306248233,Looking
90,0.28238281249999997,0.017777777777777778,0.28998203125,0.2309236111111111,0.40316640625,0.23507083333333334,0.1767984375,0.22677499999999998,0.47554296875,0.5753791666666667,0.0888,0.5201972222222222,0.5447109375,0.8303652777777779,0.044115625000000006,0.8168375000000001,153.7729519583987,144.90676855136888,261.95098901893846,144.9057893736479,239.41553153461032,3.626700099601177,118.06485700366699,158.21068268035532,110.71143783749174,154.2546343638376,Looking
91,0.28431484375,0.01624861111111111,0.28647578125,0.2316888888888889,0.39965,0.23302777777777778,0.17330234375,0.23035,0.48211328125,0.5547888888888889,0.08587421875,0.5133041666666667,0.55905703125,0.7951944444444444,0.0396125,0.8219125,155.14165928273422,144.86620746399072,254.58102449514965,144.86520748613177,232.43943510729844,1.0215729549388413,118.78015624355997,158.1113212172131,114.49504597295359,150.36046086294283,Looking
92,0.28623750000000003,0.01442638888888889,0.2909,0.24282916666666665,0.40579609375,0.24439305555555554,0.17600390625,0.2412638888888889,0.47881796874999993,0.5535430555555555,0.09163671875,0.5102986111111112,0.5377109375,0.7950125,0.03685859375,0.8479375,164.55825571511141,147.0713104755649,241.4159994035192,147.07131813511427,221.7734590184317,2.0783898877154354,119.13954541045621,157.8169606685254,112.77825697910924,156.55895234426382,Looking
93,0.284796875,0.021038888888888888,0.2874046875,0.23349166666666668,0.40212109375000005,0.2338388888888889,0.1726890625,0.23314444444444446,0.48460703125000004,0.5684777777777777,0.0883671875,0.5082972222222222,0.55260390625,0.8175763888888888,0.03823046875,0.8289416666666666,153.00241632078888,146.83721282086503,263.05824891837165,146.83621282231437,225.60338810399102,1.2501010869561715,118.58192125015718,158.13904084468217,113.66345003517036,154.11348706666294,Looking
94,0.288196875,0.024318055555555555,0.28717187499999997,0.22266944444444445,0.40029609375,0.22076111111111113,0.17404765625000002,0.22457916666666666,0.47614453125,0.5553319444444444,0.09262109375000001,0.5039972222222222,0.5487109375,0.7994597222222222,0.037528125,0.8484777777777778,142.81902643905678,144.80551880712284,259.71939719050636,144.80552829916402,226.57637528436186,0.5263522791178646,117.38735452666992,158.74357961555512,111.95085213952771,152.14622419522922,Looking
95,0.29096640625000003,0.021568055555555556,0.29053359375,0.23599861111111112,0.4040078125,0.24225,0.17705859375,0.22974722222222224,0.47872734375,0.5850097222222223,0.09043828125,0.5053236111111111,0.5332109375,0.8470041666666666,0.046018750000000004,0.8298944444444445,154.39099396014007,145.31672309132216,264.6715403098716,145.31772261152454,227.29178625942473,0.2055944401536536,119.1963922589446,158.7852338469577,111.18357746176923,159.7105743538587,Looking
96,0.28730234375,0.030130555555555553,0.2870921875,0.2319736111111111,0.39783359375,0.2307375,0.17635,0.23320972222222222,0.46105703125,0.5208583333333333,0.09335859375,0.5126333333333334,0.5295828124999999,0.8059763888888889,0.04534453125,0.8419625,145.32724895903038,141.75179399570217,224.0151696760735,141.75279397599186,227.5082518635313,0.10605425754738987,117.83479331589787,159.06398690852194,111.17712527912614,156.8642276466965,Looking
97,0.28776562499999997,0.024670833333333336,0.29170859375,0.23282638888888887,0.4049421875,0.23876666666666668,0.17847421875,0.22688611111111112,0.47778046874999996,0.5745638888888889,0.09471093750000001,0.5079986111111111,0.52192265625,0.8063666666666666,0.05089609375,0.8250263888888889,149.95695580065635,145.002091191817,259.1274963507346,145.00309075671456,229.04508265841466,1.9287296053998757,117.91131612196115,159.2340462429887,111.08765952571362,161.2968757024247,Looking
98,0.28718359375,0.028030555555555555,0.29031953125,0.22923472222222224,0.4023484375,0.23208194444444444,0.17829062499999998,0.2263875,0.48306484375,0.5852180555555556,0.0883609375,0.5051125,0.52086875,0.8331958333333332,0.04338671875,0.8269402777777779,144.92259963511557,143.4116526262772,274.4476872793794,143.4116526262772,231.35163112457192,1.5871553186497624,119.83832559166973,158.23083353110366,112.11422330583099,164.8359665662602,Looking
99,0.2864265625,0.022355555555555556,0.29144765625,0.2337138888888889,0.40542890624999994,0.23885694444444444,0.17746640625000001,0.22856944444444444,0.48006875000000004,0.5827152777777778,0.089884375,0.49786250000000004,0.53082265625,0.8504569444444444,0.04815390625,0.8418,152.31365668580082,145.94298552859604,265.3725053674552,145.9430109049419,223.96707549548438,2.4183605399013026,120.0358862195954,159.44989943539557,111.10132955589579,161.3761403052835,Looking
100,0.2909859375,0.02775972222222222,0.2900734375,0.2323236111111111,0.40240312500000003,0.2381111111111111,0.17774296875,0.2265347222222222,0.47998828125,0.5825027777777778,0.08608281250000001,0.49896805555555557,0.5352382812500001,0.8601277777777778,0.03704765625,0.8388486111111111,147.29063113450223,143.84237002010227,267.1093987956994,143.84339857289245,228.56238257639862,0.45435457333315604,120.88503982824024,157.78040405425597,111.8261452929873,160.51649626347748,Looking
101,0.287359375,0.02298888888888889,0.28774375,0.23251944444444442,0.40055781250000005,0.22875277777777778,0.17492890625,0.2362861111111111,0.47767499999999996,0.5574,0.08756484375,0.5146736111111111,0.52552578125,0.8069430555555556,0.03754140625,0.8470347222222222,150.8628022674907,144.42746465960002,256.38940691065994,144.4284644832867,229.52308597829543,0.18685569316125678,119.15738371130391,158.20303865244364,112.64375923170697,161.17599771710255,Looking
102,0.28817499999999996,0.0206375,0.2873265625,0.2264111111111111,0.40093828125000003,0.22498472222222224,0.17371484375,0.2278361111111111,0.48271718750000003,0.5420486111111111,0.0876296875,0.5165888888888889,0.539359375,0.7803763888888888,0.04242734375,0.829438888888889,148.1609801702189,145.42662637220187,251.14094075837176,145.4266193136594,235.2973806165296,0.41997409621732745,117.92379195920098,158.79555787072374,114.6330877102681,157.09518005870427,Looking
103,0.287959375,0.02545972222222222,0.28677578125,0.23414583333333333,0.3998359375,0.23512083333333333,0.17371562499999998,0.23317083333333335,0.4810546875,0.5576222222222222,0.08618671875,0.5187513888888888,0.5472625,0.8050611111111111,0.04368515625,0.8561680555555556,150.26163762251497,144.71870263721968,254.41105715161044,144.71870263721962,234.16031109690638,0.5776895424917238,118.58505363456085,159.64245357061677,114.11880495378267,154.5603037599903,Looking
104,0.28473515625,0.02463472222222222,0.29026484375,0.24011944444444444,0.40393984375,0.24268888888888887,0.176590625,0.2375513888888889,0.468059375,0.5581638888888889,0.0841953125,0.5145305555555555,0.5370421875,0.8563583333333333,0.036098437500000004,0.8499777777777778,155.31036760306765,145.5157603697964,241.51493844687948,145.51474774056408,231.85594100863577,2.6120602508569526,120.66942343144451,157.8130488756292,109.86625941519728,157.6444855660929,Looking
105,0.285396875,0.028930555555555553,0.2877921875,0.23359027777777777,0.40138046875000005,0.2350138888888889,0.1742046875,0.23216666666666666,0.48053046874999994,0.5800902777777778,0.08125078125,0.5395263888888889,0.54775703125,0.8066680555555557,0.04078828125,0.8363277777777777,147.38689351838585,145.39661300731873,268.3169923225139,145.39561303216823,251.25629496989723,1.1919752704679822,118.26461533559521,158.56576191876337,112.18406325788185,152.18951812898095,Looking
106,0.28462343749999997,0.027204166666666665,0.28984453125,0.23347361111111112,0.40464062500000003,0.23645,0.17504843750000001,0.23049722222222221,0.48459609375,0.5553458333333333,0.08799140625,0.5101013888888889,0.5403875,0.7837166666666666,0.039888281250000004,0.8023805555555557,148.6642885329224,146.9546262286425,251.38127550396428,146.95462622864238,230.09789810860943,2.5765217784285945,118.96564938918686,157.20961290140568,114.02420911982931,156.5240037026442,Looking
107,0.28153046875,0.030202777777777776,0.287559375,0.23576249999999999,0.40288203125,0.23543055555555553,0.1722375,0.23609444444444444,0.470965625,0.5538625,0.082365625,0.5294597222222223,0.5383843749999999,0.7997013888888889,0.03676640625,0.8349930555555556,148.20404885832235,147.61319348215451,245.27492951787798,147.61219348346535,240.51702023973274,2.984746899008911,118.57353842862524,158.09326317380334,110.812036110046,154.0090533486426,Looking
108,0.28733984375,0.03151111111111111,0.2873890625,0.2344027777777778,0.40007421875000004,0.23168194444444445,0.17470390625,0.23712222222222223,0.4841796875,0.5658444444444445,0.08196015625,0.5273263888888889,0.54844453125,0.8101097222222222,0.02992578125,0.777961111111111,146.0820135848353,144.25030277264588,263.5839817477534,144.25028919555064,240.3151841915113,0.02470964174121953,119.60281594044643,154.5503867634541,114.10610371333134,154.93340314385875,Looking
109,0.276765625,0.025330555555555554,0.28812812499999996,0.2409111111111111,0.40428828125000005,0.24166944444444446,0.17196796875,0.24015277777777777,0.47344765625,0.5656986111111111,0.081890625,0.5283402777777777,0.544228125,0.7871708333333334,0.03816328125,0.8211375000000001,155.89790075559065,148.68600250527962,249.53127094013686,148.68600250527953,237.37740925791567,5.353012058532908,119.0596679867764,157.73413033372432,110.7788063727894,150.39643821004768,Looking
110,0.28280703125,0.022620833333333333,0.28657343750000003,0.2361888888888889,0.40157499999999996,0.23319444444444445,0.17157109375,0.23918194444444446,0.486109375,0.5575180555555556,0.08049453125,0.5360319444444445,0.5408890625,0.7891444444444444,0.04096484375,0.8316694444444445,153.84455597127902,147.21778812358232,257.3643852303578,147.21877337486552,243.45800029573886,1.7957618299356057,118.60982106779068,158.60037080607563,114.86180968823925,157.19593394645224,Looking
111,0.28602265625,0.03731944444444445,0.28424296875,0.23514583333333333,0.3974796875,0.23337916666666664,0.17100546875,0.2369138888888889,0.468021875,0.5538486111111112,0.08066484375,0.5344861111111111,0.54505703125,0.8197333333333333,0.0290234375,0.8072194444444444,142.45321515852143,144.94858134179856,247.77617133211177,144.94959008220755,243.46581690249658,0.9162681864104683,118.35660542913189,156.1262168264663,111.37174578576098,152.7479973968159,Looking
112,0.28454765625,0.0321625,0.28511796875,0.23350416666666665,0.39974453125,0.22923472222222224,0.17049140625,0.23777222222222222,0.48815156249999997,0.5471416666666666,0.08162421875,0.529936111111111,0.5308671875,0.8007569444444443,0.03357890625,0.7979055555555555,144.96783800553828,146.75419844079417,255.33784946615336,146.75417749760993,239.1433684299023,0.288519828859995,118.4020766952523,156.51315502600804,116.30704745086719,163.33095753255918,Looking
113,0.286215625,0.031075,0.29023359375,0.2403847222222222,0.405121875,0.23978194444444445,0.17534531250000002,0.2409875,0.47612109374999995,0.5561180555555555,0.08255078125000001,0.5335333333333333,0.547871875,0.8158722222222222,0.039602343750000005,0.8345833333333333,150.7907313398274,147.05764041694673,245.22341096436932,147.05764041694673,241.81446693281194,1.9545588268098062,119.41886821236345,157.87625936235648,111.75242532248437,153.8458251040278,Looking
114,0.27913984375,0.02570972222222222,0.28929765625,0.2400375,0.40560156249999996,0.23869166666666666,0.17299296875,0.24138194444444444,0.47098515625,0.5418805555555556,0.08038046875,0.5280097222222222,0.541765625,0.7773361111111111,0.03420859375,0.8424680555555556,154.8627775160965,148.87215361510692,233.78906539228905,148.87314708838525,237.9959712264054,4.81611996127126,119.87387855003026,157.68332407341757,110.9759801224527,151.87910194052594,Looking
115,0.28025781250000004,0.03062916666666667,0.2938640625,0.24070833333333333,0.41244453124999997,0.24651944444444446,0.1752828125,0.23489861111111113,0.49530624999999995,0.5825736111111111,0.07767500000000001,0.5217930555555556,0.5319609375,0.8585069444444444,0.03753984375,0.8474555555555555,152.25635325003682,151.84065642969273,264.1846279593118,151.84162849824816,241.40876110862254,6.568213556165589,121.16719229919319,158.21039540716762,113.67029631732687,166.71258399918582,Looking
116,0.28058515625,0.03158194444444445,0.2887203125,0.23221111111111112,0.4049765625,0.23969583333333333,0.17246328125,0.22472638888888888,0.48927812499999995,0.56595,0.07877109374999999,0.5130944444444444,0.55699296875,0.7529819444444446,0.036409375,0.8421652777777778,144.8278280511035,148.90554786508125,258.50169099060065,148.90654720998674,239.77152896246875,4.123076326316415,120.01110269195915,158.6078871905769,114.67235062568915,147.2328944590929,Looking
117,0.28215234375,0.03718888888888889,0.29556796875,0.23710555555555557,0.41461640624999996,0.24447083333333333,0.1765203125,0.2297388888888889,0.50611484375,0.5757513888888889,0.0804296875,0.5078986111111111,0.553384375,0.8631402777777778,0.04412421875,0.8428777777777777,144.9606884089614,152.47424613028912,265.72423752454347,152.47328151843521,235.02785290471428,6.803215958243879,121.5555653568673,158.9992779557098,116.15175404308266,163.70067404910552,Looking
118,0.27907265625,0.029280555555555556,0.29361796875,0.23721805555555556,0.4125859375,0.2457763888888889,0.17465078125,0.22865833333333332,0.5042648437499999,0.5859541666666667,0.08110078125,0.49862638888888894,0.54103671875,0.8587958333333333,0.04302734375,0.8378055555555556,150.86819130950036,152.4036222830678,271.58886756455973,152.40266353643563,228.3003365415829,7.0886982859224,121.6347291633475,158.98626879395226,115.59984111341778,166.52606612047296,Looking
119,0.27590625,0.024387500000000003,0.2922125,0.2341138888888889,0.410678125,0.24277361111111112,0.17374609375,0.22545416666666668,0.5019328125,0.582825,0.08257031249999999,0.4942930555555556,0.54103359375,0.8457541666666667,0.04349453125,0.8274986111111111,152.43866436373682,151.76413186586615,271.27255335731996,151.76513102158873,226.02451000057496,7.8696960882992,121.08691791207612,158.96225868415289,115.50471662193036,165.1911157175247,Looking
120,0.27978671875,0.02789722222222222,0.2927609375,0.2391638888888889,0.4118859375,0.24644861111111113,0.1736359375,0.23187916666666666,0.48190625000000004,0.5603777777777778,0.08250703125,0.5099958333333333,0.511890625,0.8384944444444444,0.09525859375,0.7640152777777778,153.0158586323653,152.57018196554668,243.15001278428915,152.5701819655466,231.7406213010572,6.230654583696818,120.22141306773474,165.32677897508114,111.62953102105578,169.1499229693035,Looking
121,0.283225,0.029831944444444442,0.29332890625,0.2360875,0.41492421874999996,0.2411152777777778,0.171734375,0.23105833333333334,0.47990468750000004,0.5395444444444444,0.0828765625,0.5159166666666667,0.49539453125,0.6357972222222222,0.1085421875,0.7836569444444443,149.06609441787896,155.6840921995564,230.40565918831072,155.68311572550186,234.52403341235626,4.977249288845999,119.01075260909627,168.50854191594854,111.16123737441242,164.03440523258604,Looking
122,0.28564531249999997,0.03107777777777778,0.28869218750000003,0.22469722222222224,0.40233749999999996,0.2228472222222222,0.175046875,0.22654722222222223,0.47853984374999997,0.5336958333333334,0.081084375,0.5130777777777777,0.50768203125,0.5085263888888889,0.10767656249999999,0.7666305555555556,139.46054221893732,145.47209828692232,244.14180355277136,145.47209828692237,238.80089863315004,1.6024796087083213,120.24175713324153,167.49637479199754,113.54803825208836,64.08866303821429,Looking
123,0.27847109375,0.02180277777777778,0.29147109375,0.22572916666666668,0.40867109375000005,0.22764444444444443,0.17427109375,0.22381388888888887,0.47639921875,0.5346708333333333,0.079740625,0.4794083333333333,0.50895703125,0.8084958333333333,0.08049296875,0.7668555555555555,147.76690268459984,150.0223379933802,237.45017234148307,150.0223379933802,220.24319009903576,6.465780556302758,123.32504801031342,162.93323657692346,111.41346280219325,168.0646281464262,Looking
124,0.28477890625,0.03157638888888889,0.291465625,0.2287,0.40672421875,0.23215,0.17620703124999998,0.22525,0.48027578125000003,0.5323708333333333,0.08308984375,0.4856111111111111,0.53789765625,0.6661166666666667,0.09591875,0.7515875000000001,142.1868401857218,147.55191024517435,235.77146264338273,147.55191024517444,222.14298931093907,3.4510311708433017,122.44883886898026,164.82717297398298,113.53507610995568,142.55069834552543,Looking
125,0.28288437499999997,0.021974999999999998,0.29032265625,0.22848194444444445,0.40665078125000004,0.23006666666666667,0.17399453125,0.2268986111111111,0.49018671875,0.5207916666666667,0.08158203124999999,0.5110333333333333,0.5139671875,0.5786375,0.11461328125,0.7153666666666666,148.9895253566505,148.90437159801593,235.0507799604162,148.90436393873753,236.31292785838022,3.663915866361659,120.03683239974728,167.80491556078098,117.05888350024681,143.83895186650318,Looking
126,0.285246875,0.01870972222222222,0.29301093749999996,0.23614027777777777,0.41000312499999997,0.24129444444444445,0.17601875,0.23098611111111111,0.48722265625,0.5622319444444445,0.08438359375,0.5014569444444444,0.5178265625,0.7879138888888889,0.0778328125,0.7667541666666666,156.86512150251883,149.79597464885362,251.32687660892935,149.79597464885362,227.33439240466893,3.6323374183336035,121.06092258155071,161.9544344520534,113.15853836213405,166.44588183273086,Looking
127,0.28649765625,0.028718055555555556,0.2914609375,0.23439444444444446,0.40791484375,0.2364041666666667,0.17500625,0.23238472222222223,0.48707890625,0.5411041666666667,0.08325,0.5022013888888889,0.512540625,0.7273194444444444,0.07170156250000001,0.7805249999999999,148.2232106587899,149.06802316392339,241.65493654382485,149.06902311680986,227.01120793476252,2.456508846976441,121.15576846727076,161.47672729291497,114.79146834173606,166.33750408996377,Looking
128,0.27948046875,0.018066666666666665,0.29230234374999997,0.24200000000000002,0.40951875,0.25033333333333335,0.1750859375,0.2336652777777778,0.4766796875,0.5685111111111111,0.08521875,0.5015236111111111,0.53192578125,0.6674222222222223,0.072315625,0.7569999999999999,162.06514606169952,150.15692248111637,244.68646243713604,150.15696244263864,224.55758518473604,5.812187529834494,120.81392966601014,160.7552587300764,110.56876176785883,135.20224662909405,Looking
129,0.28261250000000004,0.01849722222222222,0.2940375,0.2397375,0.41261953125,0.247775,0.17545625,0.23170138888888886,0.49228750000000004,0.5930180555555555,0.08529453125,0.4928097222222222,0.53061328125,0.8663749999999999,0.07412890625,0.7612402777777777,159.96287452093375,151.89527837954677,268.6790487738112,151.89424100998693,220.59470449899743,5.2453736957635515,121.544663286955,161.21282349720522,112.30531976978652,166.0041083194214,Looking
130,0.28628125,0.027143055555555556,0.29493125,0.23648055555555555,0.41285546875,0.24248750000000002,0.17700703125,0.23047222222222222,0.49500234374999996,0.586775,0.08490390625000001,0.49712083333333335,0.5209046875000001,0.8740722222222223,0.06867187500000001,0.7671861111111111,151.12912331182233,151.0049498327787,269.26579187301155,151.00497847753235,225.2943226825745,4.201359178480433,121.5525217784635,160.25984868552806,112.98554700732419,170.89396233011587,Looking
131,0.29051796875,0.03000416666666667,0.28940703125,0.23349027777777778,0.403534375,0.23709583333333334,0.17528046875,0.22988611111111112,0.47425546875,0.5578694444444444,0.08327812500000001,0.49806666666666666,0.5268921875,0.8460458333333334,0.06337421875,0.7711125,146.51690067702086,146.10606457296703,248.0635994619122,146.10504696621535,226.16779671076077,0.5560851834601804,121.37845471387776,159.81753994105418,111.40256798033157,162.01039439319203,Looking
132,0.29713515625000003,0.031504166666666666,0.29505625,0.24499027777777777,0.412671875,0.2549,0.177440625,0.23508055555555557,0.47997890625000006,0.5570708333333333,0.08619687499999999,0.4892333333333333,0.548021875,0.8472222222222222,0.06662578125,0.7518930555555556,153.73303165227702,150.71698155483344,233.99999653418803,150.71698155483347,217.0845719161083,0.9917952046422992,122.54775034136554,159.1336140752934,111.60312226082931,157.36854886880616,Looking
133,0.29869218750000004,0.03224027777777778,0.29614921875,0.24544166666666664,0.41361015625,0.2529486111111111,0.1786890625,0.23793333333333336,0.47144140625000003,0.5515888888888889,0.0876390625,0.496775,0.51541953125,0.8204194444444445,0.08392578125,0.7754291666666666,153.5395064796028,150.44712202298857,227.4062070766759,150.44615859835042,219.80625535229882,1.2147475201721516,122.01980629062889,162.5973723273061,108.99674398046581,163.7841135257128,Looking
134,0.297125,0.03662916666666667,0.29497968750000003,0.24683055555555555,0.41348984375000003,0.2574625,0.1764703125,0.2361986111111111,0.47746171875,0.5710319444444444,0.08331953125,0.5078402777777777,0.529403125,0.8587041666666667,0.072571875,0.7519791666666666,151.36990962869734,151.8860272506988,240.16053455137038,151.88502852157615,229.06074961241177,1.039459175677264,121.36781191124496,160.29683373068275,109.93508498622045,162.20382221257145,Looking
135,0.29073359375,0.03474583333333333,0.2955515625,0.24332777777777778,0.4119328125,0.2521111111111111,0.17917031249999998,0.23454583333333331,0.49051953125000003,0.5695777777777777,0.0872,0.5001652777777779,0.5191765625,0.8265166666666667,0.060843749999999995,0.7549625,150.30556852625253,149.1021730223943,249.73092931593393,149.10213061187287,224.57404525011347,2.3514916284858973,121.61448877406905,157.9908812705652,113.75318210644913,168.7848592478394,Looking
136,0.29648515625,0.038158333333333336,0.29464140625,0.2416708333333333,0.41198125,0.24740694444444447,0.17730234375,0.2359347222222222,0.47515234375000004,0.5610208333333333,0.08510546875,0.5039111111111111,0.53196015625,0.8352388888888889,0.07811171875,0.7510833333333333,146.548003879275,150.2517717865583,239.84311765193513,150.25077216440522,226.17213222013007,0.9227275790623647,121.45169803369284,161.10357427979807,109.702289326626,159.7817708090835,Looking
137,0.29883828125,0.03688888888888889,0.29638125,0.2422777777777778,0.41476875,0.252875,0.17799375,0.23168055555555556,0.4765546875,0.5497972222222222,0.0905109375,0.4945722222222222,0.53220078125,0.8362625,0.080796875,0.7505597222222222,147.91343896008908,151.7279677449085,227.94340098366524,151.7279677449085,219.92441430637024,1.2183396454295996,120.60828298284756,161.58147804871913,110.30115448161641,160.94843238721504,Looking
138,0.29001953125,0.03222222222222222,0.29529218749999997,0.2359402777777778,0.41443125,0.24509444444444442,0.176153125,0.2267861111111111,0.4808109375,0.5727777777777777,0.0878046875,0.49652638888888895,0.53076875,0.8471527777777779,0.082478125,0.7586944444444444,146.83218764971122,152.6403658440322,250.7650888381395,152.6403658440322,224.73792017592405,2.6344734828214333,120.21131123053968,162.61536471583162,109.80542887187654,162.0634782722125,Looking
139,0.29499921875,0.03878888888888889,0.29379218749999997,0.2430597222222222,0.40996875,0.24783472222222222,0.177615625,0.23828472222222222,0.4732640625,0.5457013888888889,0.08828828125,0.49769305555555554,0.52936015625,0.8080888888888889,0.07367109375,0.7743625000000001,147.08311476848726,148.7457370145444,229.25689437833705,148.74573701454435,218.99299988127476,0.6018611142473536,121.47406611293913,160.98051982560634,110.69504549327375,159.18955718006333,Looking
140,0.29261875000000004,0.035456944444444444,0.29438203125,0.24329305555555555,0.41184140625000004,0.2472013888888889,0.17692265625,0.23938333333333334,0.47678750000000003,0.5524138888888889,0.08733203125,0.49825972222222226,0.5328734374999999,0.8386,0.0677859375,0.7786736111111111,149.65901981838581,150.37433191871546,234.9513655418925,150.3743506353394,218.84284282790702,0.8641074682467081,121.60167059905478,160.21275578885476,110.72127464034526,160.79146830806434,Looking
141,0.3044265625,0.037345833333333335,0.29574687499999996,0.24940277777777778,0.41333906249999997,0.2566277777777778,0.17815546875,0.24217916666666667,0.47352265625,0.5440833333333334,0.09095234375,0.508925,0.5309664062499999,0.8148555555555556,0.06524609375,0.7673180555555557,153.08468199333333,150.60786542541524,220.8396346877073,150.60683148516205,222.1371550394035,4.161854880354858,120.16436739153595,159.08126896996401,110.41563379604167,159.3359439097732,Looking
142,0.298084375,0.04183055555555555,0.29713124999999996,0.2516611111111111,0.4163984375,0.261325,0.1778640625,0.24199583333333333,0.47380390625,0.5518583333333333,0.09266484375,0.5075541666666668,0.5241085937500001,0.8228541666666668,0.06386796875,0.7760638888888889,151.08292585199692,152.82048294649513,221.71402593656546,152.82052848030594,220.11632794729246,0.4626704857314671,119.69893837193749,159.22003785261862,109.35458581202296,161.73674197204406,Looking
143,0.29842578125,0.03314583333333333,0.29678984375,0.24881805555555556,0.41604843750000003,0.25616944444444445,0.17753125,0.24146666666666666,0.48833593750000004,0.559286111111111,0.092340625,0.5062194444444444,0.5243171875,0.8370125,0.067503125,0.7724347222222222,155.29811812124447,152.74273681586303,237.04825314690675,152.74273681586303,219.60724218476952,0.7725850099810938,119.77141715673648,159.7764949156135,112.97528532895775,167.02968123631936,Looking
144,0.29192968750000003,0.035562500000000004,0.29429453125,0.24080694444444445,0.41204765625000006,0.24399583333333333,0.1765421875,0.23761805555555557,0.49209296875,0.5413944444444444,0.0875671875,0.5103958333333334,0.5287328125,0.7935763888888889,0.06470234375,0.7560180555555556,147.80699883632033,150.74148663191568,237.37736600821904,150.74048674792053,227.03179632817955,1.1734657457271993,120.10849378234816,159.0162552126974,115.57072950458614,165.51729032091234,Looking
145,0.29490781250000003,0.02705138888888889,0.29416015624999997,0.24516944444444444,0.413434375,0.2505652777777778,0.17488515625,0.23977361111111112,0.49132890625,0.5452875,0.08672421875,0.5182416666666667,0.53339453125,0.7999611111111111,0.062159374999999996,0.7856583333333333,157.04791585372917,152.72042255703727,234.45666342631424,152.7214222334247,230.07230760132782,0.3491443999608175,119.37217391939635,159.84115649416637,115.16711068626776,163.6354494002646,Looking
146,0.29205703125000004,0.033405555555555556,0.29524140625,0.24418333333333336,0.41505390625,0.25164861111111114,0.175428125,0.2367166666666667,0.47300624999999996,0.5481236111111111,0.092159375,0.5120305555555555,0.529321875,0.8211680555555555,0.05295078125,0.7950333333333333,151.8147271380481,153.45416327033948,225.98351595857605,153.4551976864909,225.0637601480967,1.5384914765389766,118.26644409116508,158.6947508292328,109.16256806945039,159.86362806362385,Looking
147,0.293890625,0.03521944444444444,0.29355859375,0.2429111111111111,0.41183359375000006,0.24683888888888889,0.1752828125,0.23898333333333335,0.47517578125000004,0.5448180555555555,0.09124140625,0.5174263888888889,0.5364187499999999,0.8214013888888889,0.05136953125,0.8090527777777778,149.53860394225967,151.4184111922986,229.35387310660357,151.41941101787447,227.51654834319197,0.16283914944492428,118.21711230188518,158.87211740821311,110.70191626551937,158.51303548289772,Looking
148,0.29188203125,0.04235694444444445,0.29364765625,0.24310555555555555,0.40999296875,0.24380416666666666,0.177303125,0.2424083333333333,0.46968203124999997,0.5419194444444445,0.09262578125000001,0.5064041666666667,0.5293289062500001,0.7986069444444444,0.04343203125,0.7876708333333334,144.5566675079361,148.9228494657553,227.83521030121747,148.92184609720633,218.80815272288189,0.8957991318397617,119.69294739212286,156.41996876134394,109.59314524018139,157.55423564339367,Looking
149,0.28735703125,0.03279861111111111,0.29257656249999997,0.23971666666666666,0.40962578125000004,0.24412638888888888,0.17552734375,0.23530833333333334,0.47278984375000005,0.5511402777777779,0.0896,0.5137416666666667,0.5283703125,0.8200027777777779,0.053084374999999996,0.7953444444444445,149.13072829568023,149.85663800446082,235.37167416662527,149.8566168208798,228.6616779283315,2.567688549231907,118.75094344583765,158.75975336475096,110.09021297420597,159.82110296866443,Looking
150,0.28509687499999997,0.03121527777777778,0.29253359375,0.24105972222222222,0.4102359375,0.24451944444444446,0.17483046875,0.2375986111111111,0.48717734375,0.5558305555555555,0.09167578125,0.5125736111111111,0.5261296875,0.7996694444444443,0.0544640625,0.7810694444444445,151.38756588636994,150.67959172363058,244.82611780812925,150.68060812194778,224.77971476091875,3.60504214497057,118.26312060358337,158.50859144352276,113.71985668665822,164.14580871432076,Looking
151,0.28575703125,0.017054166666666665,0.292896875,0.2417222222222222,0.4113546875,0.24204444444444442,0.17443984375,0.2414,0.47690703125,0.5725763888888888,0.08781640625,0.5362541666666667,0.5336078125,0.8550875,0.046840625000000004,0.8397652777777778,162.01895704515567,151.6261774892449,252.34161951212093,151.6251774904155,239.50594545647505,3.2335981615399305,117.57728528241874,159.23804940267536,109.42140708474481,160.36334363326458,Looking
152,0.27776093749999997,0.01417638888888889,0.29649140625000003,0.235425,0.41488046875,0.24217222222222223,0.1781015625,0.22867916666666666,0.47615234375000004,0.5641930555555555,0.0881796875,0.5112847222222222,0.5233765625,0.8083708333333334,0.06357109375,0.7835263888888889,161.09305393467469,151.61584880216185,244.76047926289078,151.61681625070486,233.7744480819065,8.558957078744113,119.49548159111058,159.84861129365584,108.6887830857522,161.02580330193777,Looking
153,0.28509609375,0.022769444444444443,0.291184375,0.23673055555555556,0.40666015624999996,0.2360847222222222,0.1757078125,0.2373763888888889,0.47784609375000003,0.5542541666666666,0.08725625000000001,0.5207361111111111,0.5355859374999999,0.8002027777777777,0.037732812500000004,0.816475,154.2489855817535,147.8097314320001,246.5381362953813,147.81073142705168,233.32824065037647,2.8959424090960355,119.02758117634937,157.0439340931553,111.69032629724575,157.34639424441892,Looking
154,0.2873796875,0.029477777777777776,0.291728125,0.24251388888888892,0.4095890625,0.24169305555555556,0.17386796875,0.24333611111111111,0.48172421875,0.5772,0.0859515625,0.5355527777777778,0.52665703125,0.8671708333333334,0.046440625,0.8260902777777778,153.48695498966683,150.8631576131164,258.6098066856708,150.86216154158734,238.60040424316136,2.078210797186387,118.14067053735688,158.7571060382248,110.91827522562686,164.59829548143847,Looking
155,0.28663515624999997,0.037908333333333336,0.29487890625,0.24320000000000003,0.41391640625,0.244525,0.17584140625,0.241875,0.49094921874999997,0.5817986111111111,0.0851328125,0.5312583333333333,0.5216867187500001,0.839075,0.05321484375,0.8194666666666666,148.18616940861924,152.37098654271423,262.09189795375204,152.37098654271423,238.52265759252305,4.0833578867642055,119.1288678396708,159.32178436361426,112.09921402740675,168.00880882548012,Looking
156,0.28511328125,0.032377777777777776,0.29393437499999997,0.23824722222222225,0.41147265624999996,0.23838194444444444,0.176396875,0.2381138888888889,0.48740546875,0.5762347222222223,0.0849171875,0.5352291666666666,0.5255757812499999,0.8144736111111112,0.05767656249999999,0.8289486111111111,148.6554195345733,150.4490312697293,261.9526334129894,150.44803062851966,243.87303000742006,4.35604899469846,118.69476120265921,160.34222564098692,111.77955789093784,164.10129006170087,Looking
157,0.28678671875,0.029761111111111113,0.29531953125,0.2416375,0.412475,0.24335833333333332,0.17816328125,0.23991805555555556,0.49348125,0.5725944444444444,0.0877859375,0.5177638888888889,0.53067109375,0.8289569444444445,0.05865859375,0.8116680555555555,152.94148451286853,149.96411838169817,258.7352002414824,149.96511008898037,231.08907133397722,4.0951454532560625,120.03964946325341,159.61577236971348,113.62504119120402,165.53867180987405,Looking
158,0.28780234375,0.04062916666666667,0.29162421875,0.23795694444444446,0.40649609375000006,0.2411388888888889,0.17675234374999998,0.2347736111111111,0.49586406250000004,0.5898152777777778,0.089390625,0.5267347222222223,0.53926875,0.8678666666666667,0.05556875,0.8252222222222222,142.16019639828866,147.0538472023089,275.88022236108185,147.05386278503534,238.10390226327667,1.972044981843926,118.01089889844596,159.95444679475332,114.49665323129621,164.48977992314173,Looking
159,0.28298984374999997,0.022836111111111113,0.2924265625,0.2391625,0.4092828125,0.2441916666666667,0.17557109375,0.23413333333333333,0.497515625,0.5823833333333333,0.08541796874999999,0.5292333333333333,0.5409296875,0.8555736111111112,0.059376562499999994,0.8172,156.22266886082826,149.61982294134688,268.4143584981996,149.61882323424416,241.7862436119971,4.434485430967526,118.50689660122269,160.49185202381315,114.88257276899515,164.22417846353017,Looking
160,0.28180546875,0.021455555555555558,0.29457265625,0.23814861111111113,0.41139843750000005,0.24388333333333334,0.17774765625,0.2324138888888889,0.4911546875,0.5894097222222222,0.08795546875,0.5085277777777778,0.52794140625,0.8468291666666666,0.0598171875,0.7928597222222222,156.87252571753922,149.59399389681397,268.91067398859417,149.592994277807,229.63462186699982,5.979565127382049,120.03362469899915,159.48994989755707,112.31109772840693,165.7453163183056,Looking
161,0.283275,0.02247638888888889,0.2928453125,0.23725555555555558,0.40874296875000005,0.24142916666666667,0.176946875,0.23308194444444444,0.49064609375,0.5910583333333334,0.09076406249999999,0.5050055555555555,0.5402390625,0.853088888888889,0.05884453125,0.8120708333333334,155.12543756908474,148.37943195065822,272.69046588577316,148.38043174556407,224.72415273174354,4.529268991039042,119.39884986262778,160.0677504242228,112.6096340669156,161.4034858174816,Looking
162,0.28308359375,0.02420694444444444,0.29312578125,0.23835555555555557,0.4107359375,0.2460416666666667,0.17551640625,0.23066944444444443,0.49873124999999996,0.5843625,0.08934765624999999,0.5029916666666666,0.5250445312500001,0.850675,0.061479687500000005,0.785925,154.72186750747292,150.64268265335684,268.3709992473106,150.64168332835374,224.96541245267017,4.765517621326221,119.3589744273528,159.9421207692093,114.81534093807707,170.03733569463606,Looking
163,0.2834234375,0.03194444444444444,0.29476328125,0.24231111111111112,0.4124390625,0.24578611111111112,0.17708671874999998,0.23883611111111108,0.49556093749999997,0.5803513888888889,0.07972890625,0.5039708333333333,0.527059375,0.8274194444444444,0.05056406249999999,0.7835777777777778,152.15790653462605,150.64577866306112,263.33753166800966,150.64677852513148,227.97217052307064,5.474015749387365,123.13659460341555,157.56379042170116,113.83029368669109,167.22983169923168,Looking
164,0.28309375000000003,0.021844444444444444,0.29211953125,0.23553749999999998,0.4109859375,0.2418972222222222,0.17325234375,0.22917916666666666,0.47613984374999996,0.5602472222222222,0.08929296875,0.5154027777777778,0.5138953125,0.8159222222222223,0.062190625,0.7945319444444444,154.2921374860041,152.21788804867845,243.9122804472952,152.2188575177202,232.41933995474645,4.294180233437597,117.54133242557958,160.74882327349206,109.99352240368991,165.29040763430748,Looking
165,0.28456484375,0.018894444444444443,0.29608124999999996,0.24152916666666668,0.4151859375,0.24761527777777775,0.1769765625,0.23544166666666666,0.47964140625,0.5676194444444445,0.08876640625,0.5049069444444445,0.51048515625,0.8150402777777777,0.05984921875,0.7882833333333333,160.97336826320063,152.51696312213932,244.72900812531398,152.51699185664526,224.47775503599462,5.254173485215362,120.19769994459904,159.36124643712944,109.70149497620399,167.5040933552737,Looking
166,0.28163828125,0.018722222222222223,0.2917484375,0.23970555555555556,0.40876093750000003,0.23985972222222224,0.1747359375,0.23955138888888888,0.4936,0.5633597222222223,0.0847703125,0.535025,0.5250484375,0.8097930555555556,0.059275781250000006,0.847398611111111,159.6334086117314,149.77604113141734,256.99101781190717,149.77604113141726,241.9083244061684,4.649899000618786,118.42653686210396,161.34080968081307,114.99628618981107,167.21767642435853,Looking
167,0.2821734375,0.015322222222222221,0.289821875,0.2351986111111111,0.40502656249999996,0.23470138888888892,0.17461796875,0.23569583333333333,0.47307890625000004,0.5612236111111112,0.086675,0.5148333333333334,0.5264624999999999,0.8170361111111111,0.052684375000000006,0.8225541666666667,158.61341942282183,147.462434565553,250.7144963200174,147.46143456849995,230.35600259164076,3.538681978440181,119.25289755459748,159.72702737457894,110.33051046467645,159.64559327704174,Looking
168,0.2826546875,0.01746111111111111,0.29369140625,0.23740833333333333,0.41252421874999995,0.24266111111111113,0.17485781250000001,0.23215555555555553,0.47402265625,0.5721277777777778,0.08663203124999999,0.5195375,0.5026328125,0.8221722222222223,0.0620296875,0.8027666666666666,158.99086506148709,152.15301101194146,249.93590014241656,152.15401070297162,235.72606191509672,5.0976912765109,118.62460107675268,160.6322161419819,108.35796160279499,168.50211612763775,Looking
169,0.2824125,0.018569444444444444,0.290446875,0.2359166666666667,0.409684375,0.2381875,0.171209375,0.23364722222222223,0.48135000000000006,0.5755444444444444,0.079809375,0.5385763888888888,0.5209453125,0.826338888888889,0.05726171875,0.8258541666666667,156.8275510106563,152.63275729999765,259.64150753105713,152.6327465912869,248.77478060486754,3.7598808626175533,118.05200272868025,161.11594818191222,110.68944582437189,164.32191039856505,Looking
170,0.2795125,0.024976388888888888,0.2948375,0.235575,0.4142796875,0.24215694444444447,0.1753953125,0.22899444444444444,0.4779765625,0.5617944444444445,0.0844609375,0.5004097222222222,0.515015625,0.8636569444444444,0.0577078125,0.8231305555555556,152.89456372611812,152.9594296439419,244.15451325953407,152.95939866513598,227.45684069071214,7.371226083260783,120.77898963125722,160.600525988777,109.50785424014549,167.69446402912854,Looking
171,0.28218125,0.02646666666666667,0.29279062499999997,0.24332083333333335,0.41123281250000004,0.2498,0.17434765624999998,0.23684027777777777,0.48256953124999996,0.5762986111111111,0.07790234375,0.5351291666666667,0.5180421875000001,0.863375,0.057594531250000004,0.8350722222222221,156.72445445749682,151.67775532687716,252.19007704903854,151.67878561288654,247.7199958097852,4.9708491888132595,119.89056066691252,160.86539484450597,111.22750766992007,167.61053564321716,Looking
172,0.28753984374999997,0.023095833333333336,0.294609375,0.24054305555555555,0.41284453125000004,0.24985972222222222,0.1763734375,0.23122499999999999,0.48186875,0.5545013888888889,0.0838234375,0.4955736111111111,0.5270921875,0.8226388888888888,0.05746328125,0.7799097222222222,156.82328986792749,151.48958889969964,236.46735961861629,151.49063220212662,224.18654923299925,3.3079120405656868,121.89856504493483,158.92945267185837,111.93958550304491,163.3093872400381,Looking
173,0.28783515625,0.03084444444444444,0.293109375,0.23791944444444443,0.41208359375,0.24295833333333333,0.174134375,0.23288194444444446,0.50452265625,0.5774125,0.08357109375,0.5106541666666666,0.5436890625,0.8065305555555555,0.05779375,0.7438694444444445,149.24676491301244,152.33020958759295,268.3059949628409,152.3311854906933,231.16244992861618,2.592591107179322,120.0972924920251,157.96382084925767,116.16747793279653,163.09592980263955,Looking
174,0.28419921875,0.03130972222222222,0.294115625,0.23856527777777778,0.41295000000000004,0.24322083333333333,0.17528046875,0.2339097222222222,0.48191249999999997,0.5614291666666666,0.081184375,0.5162319444444444,0.5372765625,0.8261069444444444,0.04170859375,0.7663138888888889,149.76286063306884,152.1449294850144,245.52665452858673,152.1459292422903,236.27531024844725,4.8618784896371,120.64764687213578,155.9623339261732,111.07078482449161,159.60148016030737,Looking
175,0.2891109375,0.024263888888888887,0.2874875,0.2306666666666667,0.40475234374999997,0.2366625,0.170221875,0.22467222222222225,0.47132421874999997,0.5462513888888889,0.0870578125,0.49948333333333333,0.53266015625,0.8325388888888889,0.056185937500000005,0.7863513888888889,148.62452753162918,150.16106782385373,238.63628843912235,150.16203866490358,224.68147452783015,0.801109421249013,118.2800646484707,160.15363262142606,110.92091354107382,159.1490790601584,Looking
176,0.283215625,0.045766666666666664,0.29145468750000003,0.2362861111111111,0.4100890625,0.23440555555555553,0.17282031250000002,0.23816805555555554,0.47439687499999994,0.548376388888889,0.083403125,0.5148402777777777,0.5393,0.8725222222222222,0.06092421875,0.8392083333333333,137.57879339491242,151.8580364024242,240.57902252066785,151.85804532193876,229.74323000254003,4.396277849242119,119.87981153735132,161.6869980079709,110.00788940878527,160.40624456519774,Looking
177,0.2792671875,0.038990277777777776,0.29623828125,0.2394472222222222,0.4167828125,0.2444361111111111,0.17569375,0.23445972222222222,0.47076874999999996,0.573125,0.08544765625,0.5093291666666666,0.5314656249999999,0.8585972222222223,0.05061796875,0.8024152777777778,145.95461270545715,154.33880481913803,246.5383311779326,154.338781548903,229.151696613837,8.559357701015859,120.27151937148082,158.61945180269242,106.27745816628344,159.2939249474313,Looking
178,0.2881875,0.05581666666666667,0.29601953124999997,0.2353125,0.41746328125,0.24139027777777777,0.1745765625,0.22923472222222224,0.47984921875,0.5638472222222223,0.08482656250000001,0.5102222222222222,0.52576953125,0.8324694444444445,0.052914062500000004,0.805926388888889,129.6252398030569,155.50958195558238,245.51803574686733,155.50858235158597,232.6524341609174,4.435589313456776,119.58958381034704,159.44138405790326,108.98053894777317,163.09561826211277,Looking
179,0.2960875,0.04996805555555555,0.29990859375,0.23331805555555557,0.42154375,0.24345833333333333,0.17827265625,0.22317916666666665,0.47364453125,0.5720458333333334,0.08321953125,0.5030930555555555,0.520959375,0.8639583333333333,0.04816015625,0.7604972222222222,132.1025738772716,155.8640909574749,245.80264158466645,155.8650430211983,235.41594607842518,2.1218187712110543,121.11927811967055,156.7085099961821,105.74230345378264,163.92553845552806,Looking
180,0.28438359375,0.04017222222222222,0.29515859375,0.23843194444444443,0.41756875000000004,0.24591805555555557,0.1727484375,0.23094722222222225,0.47401484375,0.57,0.08885546875,0.5071916666666667,0.5167390625,0.8383013888888888,0.051707812500000006,0.786125,143.41173338677697,156.77768120813633,244.26890084904377,156.77764683142811,226.0325806272184,5.518701799455237,118.36439808814585,158.8139897140917,107.20459650229036,164.1935691603473,Looking
181,0.27906953125,0.045254166666666665,0.29314921875,0.2432388888888889,0.4159921875,0.24139305555555554,0.17030625,0.24508472222222225,0.47669375,0.5458444444444445,0.08504140624999999,0.5367291666666667,0.5305164062500001,0.8279944444444444,0.046592968750000005,0.8026625000000001,143.68371475222932,157.2446163211956,232.56786370648888,157.24461632119556,236.65291373021375,7.205488591097784,117.46311579917815,158.47340764095335,109.5170546240988,161.2668077225457,Looking
182,0.29019296875,0.019283333333333333,0.2936171875,0.2401138888888889,0.4164921875,0.2409111111111111,0.1707421875,0.23931666666666665,0.47696249999999996,0.5663333333333334,0.0809046875,0.5142472222222222,0.52456171875,0.8767,0.051978125,0.832863888888889,159.0584002591501,157.28104741512885,246.75784490062316,157.2810474151288,228.9265440354176,1.5790375951737252,120.1529196852745,160.41855349806812,108.28090025303086,164.74911195332626,Looking
183,0.2839578125,0.014866666666666667,0.290615625,0.23195416666666668,0.41009609375,0.2272277777777778,0.171134375,0.23668194444444446,0.46743828125000003,0.5316263888888889,0.09100859375,0.5160986111111111,0.52636015625,0.8450958333333334,0.061961718750000006,0.841061111111111,156.5351471491307,152.97285587319078,231.13078612119156,152.97387787462276,225.81441743387424,3.120808082777752,117.0123595167054,162.19657955042433,108.51545615270958,161.5222609803511,Looking
184,0.2877140625,0.018963888888888888,0.29280390624999997,0.23241805555555556,0.41371015624999996,0.23427083333333334,0.171896875,0.23056666666666667,0.4995484375,0.5698333333333333,0.0831171875,0.5069583333333333,0.5254359375,0.8311694444444444,0.059750000000000004,0.7929722222222223,153.82502785307727,154.76574929873857,265.4148679972544,154.76674064539836,229.16236830684045,2.427392330139038,119.72807306838352,160.4806328186966,114.45428117694667,170.01241496458516,Looking
185,0.27742187500000004,0.024926388888888887,0.29284609375000004,0.23939583333333334,0.41543359375,0.24639444444444444,0.17025859375000002,0.2323986111111111,0.48060546875,0.5660777777777778,0.07981171875000001,0.5069902777777778,0.5415625000000001,0.8330819444444444,0.05538515625,0.810988888888889,155.67499726352978,156.9928892179515,244.8224785104505,156.99285712413797,229.10874802154547,7.285980797636336,120.35223978178824,160.55898676188556,109.9217633121042,157.90941278295992,Looking
186,0.2766921875,0.02610833333333333,0.2933265625,0.23855555555555555,0.4109625,0.24178611111111112,0.17568984375000002,0.2353263888888889,0.4815421875,0.5632541666666667,0.08420859375,0.49865694444444447,0.5461109375000001,0.8396194444444444,0.06293984375,0.7599555555555556,154.43679195062296,150.59196443369746,248.46331683570514,150.59294887211686,222.84271318578044,7.924535910763146,121.69953811409758,159.08970242183054,111.32163236927934,157.44434392917552,Looking
187,0.2775859375,0.03972361111111111,0.29071328125,0.24297916666666666,0.40904999999999997,0.24536805555555555,0.17237578125,0.24059027777777778,0.47989375,0.5657902777777778,0.08146015625,0.5116222222222222,0.534003125,0.8380291666666666,0.050118750000000004,0.7999319444444445,147.30548918828518,151.48076525090565,247.88545341750094,151.48176518644084,227.2074664992328,6.549933294291061,120.80940617160549,158.76514965673942,111.45769387272057,160.53935696184766,Looking
188,0.26962578125,0.04423194444444445,0.29094453124999997,0.2392277777777778,0.40991875,0.24089305555555557,0.1719703125,0.23756111111111114,0.48253593749999996,0.5597763888888889,0.08615078125,0.5137847222222223,0.5285453125,0.8190916666666667,0.0693109375,0.7719708333333333,143.0243075599389,152.29171996533498,247.69744794002213,152.29172784166576,227.20135334544116,10.999051398445383,118.91342084178302,161.14451888612774,112.04014767836367,162.4934382457064,Looking
189,0.2740609375,0.0265625,0.29364218750000004,0.23923472222222222,0.41358359375,0.2383111111111111,0.1737015625,0.24015694444444446,0.47526875,0.5692847222222223,0.08281484375,0.5258347222222223,0.52977890625,0.8982666666666665,0.060440625000000005,0.8289805555555555,155.16173327209256,153.52644023099074,251.04098161455633,153.52543591209897,236.30781952571945,9.295985416199118,119.49205029944542,161.12148101070696,108.33174060474008,163.58681123436023,Looking
190,0.27279765624999996,0.03377222222222222,0.29342812500000004,0.23931527777777775,0.41229531250000007,0.23651666666666668,0.17456015625000001,0.24211527777777778,0.47206953125,0.5660597222222222,0.0852875,0.5337625,0.531209375,0.8715416666666667,0.05889296875,0.8203,150.32852600221955,152.1633422510166,249.3019465668088,152.16435540888017,239.06385037683972,10.117181017878252,118.55389954999418,160.4221443328007,107.87256520433078,161.0081108056933,Looking
191,0.2783734375,0.04355277777777778,0.29141875,0.2342875,0.4095,0.23111805555555556,0.1733375,0.23745694444444443,0.48373125000000006,0.6056027777777777,0.085175,0.5227638888888889,0.5224203125,0.8808402777777778,0.05547578125,0.829875,138.34044038169029,151.16122604689335,285.88081064842396,151.1612260468934,234.3767444628413,6.93263213267635,118.78218734611787,160.52185638476797,109.41221955885108,165.9694030718562,Looking
192,0.2781625,0.056204166666666666,0.29519140625,0.23002916666666667,0.41291406249999996,0.23245277777777779,0.17746875,0.22760555555555556,0.47327031249999996,0.5420166666666667,0.09362421875,0.4846513888888889,0.52450703125,0.8534388888888889,0.06877578125,0.8001513888888889,127.03791924067399,150.69510360326902,235.89543982875122,150.6951036032691,213.93880519905687,9.879620230726285,120.10878936970443,161.35066556697808,109.11716830587292,163.69639518103114,Looking
193,0.27888828125,0.05909027777777778,0.29080390624999997,0.23128888888888888,0.41070859375,0.22864722222222222,0.1708984375,0.23393055555555556,0.48468046875,0.5981597222222222,0.0830046875,0.5101708333333334,0.5281125,0.890588888888889,0.06800390625,0.8372388888888889,124.91760401560701,153.48978496303917,282.3953439010636,153.49078488625952,228.50727661280283,7.01311200521201,119.494708916129,163.1326508579518,109.59010154026814,165.2092709615551,Looking
194,0.28488125000000003,0.05086111111111111,0.2933375,0.23202916666666668,0.41340937499999997,0.2305013888888889,0.173265625,0.23355694444444444,0.497584375,0.5870861111111111,0.086203125,0.4930027777777778,0.5332078124999999,0.881473611111111,0.0710546875,0.8033069444444444,130.8893175816881,153.69593639390732,278.4325961826309,153.6959363939073,217.51663660740985,4.743538751113572,120.81906334093533,162.3111431439066,112.76585789722986,167.85919176066622,Looking
195,0.27474453125,0.03588472222222222,0.29540390625,0.2386013888888889,0.41411796875,0.24027083333333335,0.17668984375000002,0.23693194444444446,0.4825328125,0.5470444444444444,0.080915625,0.4880666666666667,0.5233734375,0.8355722222222222,0.0906765625,0.7870097222222223,148.33219162407062,151.95875400910603,237.60330210247503,151.95875400910603,218.45672516542035,10.269330361837051,124.13663549349845,164.46495135257715,111.6268171933614,165.8752735205937,Looking
196,0.2752671875,0.03322222222222222,0.29082109375,0.23210555555555556,0.40938359375,0.23259027777777777,0.1722578125,0.23161944444444443,0.476825,0.5426166666666667,0.08422109375,0.49540416666666665,0.510425,0.8345875,0.10596171875,0.7934347222222222,144.57338170285706,151.76040129427702,239.3297465548318,151.76140359458986,220.8390037878273,7.915275223713636,120.6816595714186,168.15208764848498,111.14287346209825,168.43760394133892,Looking
197,0.27655390625,0.033875,0.297540625,0.24105833333333335,0.4143265625,0.2389375,0.18075546874999998,0.24317777777777777,0.48490859375,0.5421666666666667,0.08558515625,0.5020263888888888,0.50338046875,0.7976916666666666,0.19905703125000002,0.6852708333333333,151.57145626073535,149.4937989516622,236.2795476760526,149.49278879263707,222.65168933785344,10.208452996446322,123.16990472425131,175.7908701451857,112.48024567134162,172.67675327748395,Looking
198,0.28248281249999996,0.0229,0.29191406249999996,0.23330416666666667,0.40732656250000004,0.22729305555555557,0.1765015625,0.23931527777777775,0.47782265625000003,0.5267499999999999,0.08488203125,0.4978736111111111,0.4992109375,0.8066125,0.20361796875,0.6817541666666667,151.97123499202078,147.79138529697872,233.7297501517511,147.79138529697863,220.02101438953508,4.556152652142609,122.20893152386856,173.78173654417893,112.70990564333306,172.26286544957722,Looking
199,0.28394296875,0.029148611111111108,0.29380546875,0.2346361111111111,0.4102421875,0.2280777777777778,0.17736953125,0.24119583333333333,0.47559140624999996,0.5110208333333334,0.08781640625,0.518,0.47715234375,0.7869125,0.20721875,0.7149833333333333,148.48859813803887,149.11378475848568,220.22318581384656,149.1128169306717,229.91230890276404,4.876981079756246,119.90561525692036,173.60937596291845,112.32304805377531,179.4237215332974,Looking
200,0.27630781249999997,0.03596111111111111,0.29981874999999997,0.23809305555555554,0.41608906250000005,0.23632777777777778,0.1835484375,0.23985694444444444,0.47225390625,0.5242569444444444,0.08329453125,0.49596666666666667,0.47076874999999996,0.7686819444444445,0.19368749999999998,0.7059486111111112,148.6138790994973,148.83142718189606,219.42045793863429,148.83141864539218,224.65595212680208,11.683068184892885,124.83442019458334,177.78532398979752,109.12561797210238,179.38111531142047,Looking
201,0.27914453125,0.04390694444444444,0.29628984375,0.23659166666666667,0.41495078124999996,0.23398750000000001,0.17762968750000002,0.23919583333333333,0.4724234375,0.5431166666666667,0.08862031249999999,0.5174416666666667,0.4661921875,0.7724666666666667,0.19624765625,0.7307638888888889,140.4580798850675,151.89757279495942,234.41533557768784,151.89657287114804,230.46781595919202,8.989061881436879,119.6269649929542,176.14793402815235,108.28979360074096,177.2347197822364,Looking
202,0.293396875,0.04263472222222222,0.29345468750000003,0.2359625,0.40796015625,0.22946249999999999,0.17895,0.24246111111111113,0.46069609375000004,0.5354652777777779,0.08558750000000001,0.5151944444444444,0.47202343750000003,0.8170222222222222,0.20089609375,0.722138888888889,139.19601967010408,146.64169901157032,230.43069172312968,146.64066760963686,229.87300285157457,0.030459835663060337,121.32350900274842,175.35000203699593,107.03395638541122,175.90906056042138,Looking
203,0.2949703125,0.03815277777777778,0.29546796875000003,0.23565,0.41329062499999997,0.2328888888888889,0.17764453125,0.23841111111111113,0.47024296874999993,0.5438500000000001,0.0864796875,0.516738888888889,0.48188359375,0.8146013888888889,0.19127421875,0.7184722222222222,142.19942676748033,150.82610222703488,235.46101984192626,150.8271021401658,231.89511917459583,0.2566644215545582,120.2123305114628,177.11051077239912,108.03519494348981,175.6291880725967,Looking
204,0.296178125,0.03028888888888889,0.29214140624999996,0.23242083333333333,0.40673281250000004,0.2263680555555556,0.17754921875000002,0.2384736111111111,0.47083984375,0.5121458333333333,0.0911671875,0.5156541666666666,0.5071343749999999,0.795275,0.1859875,0.7332111111111111,145.62669437297544,146.74172717056325,221.51868735842578,146.74272672947026,228.15277482643074,2.0333459151919024,118.9880388474492,178.263214336944,111.74209233321395,167.1618572794808,Looking
205,0.2907671875,0.03944583333333333,0.29622109375,0.23449305555555558,0.41394609375,0.23344861111111112,0.17849609375,0.23553749999999998,0.4786125,0.5377875,0.08477109375,0.4965638888888889,0.5095421875,0.8332222222222222,0.20274609375,0.7116791666666666,140.60740633764638,150.6898763951978,234.23641242343174,150.68987639519784,222.96499443858895,2.845841171268439,122.55150591852845,174.8263972511434,110.6938082957408,169.45678399187707,Looking
206,0.2907828125,0.03866111111111111,0.2985265625,0.23866944444444446,0.41491718750000006,0.23889027777777777,0.18213593749999998,0.2384472222222222,0.47763437499999994,0.5449652777777778,0.08273359375,0.4904402777777778,0.473884375,0.8127069444444445,0.2018828125,0.7113638888888889,144.34672071093271,148.98008484693523,234.54052349221016,148.98008591754805,221.60190533928179,3.9374848861269225,125.04084348282062,175.75460552513132,110.01570711578236,178.57365139393454,Looking
207,0.29767265625,0.035083333333333334,0.29897968750000004,0.23945833333333333,0.41767890625000004,0.23716666666666666,0.18028125,0.2417513888888889,0.48019999999999996,0.5460944444444444,0.08012890624999999,0.4986722222222222,0.47241718749999995,0.8017625,0.19568515625,0.7205805555555556,147.1595101547977,151.94395915929005,236.38641228505497,151.94297008088267,225.06147674357774,0.6513877626143055,124.72233193350975,176.7267622797648,109.78813956998515,176.90231845067564,Looking
208,0.293728125,0.03429583333333334,0.29905312500000003,0.23930555555555558,0.4201046875,0.23820833333333333,0.17800156250000002,0.24040416666666667,0.481615625,0.5618291666666667,0.08234140625,0.5143777777777777,0.46729453125,0.8248055555555556,0.2016640625,0.7154583333333333,147.7642862974677,154.94801391434487,245.94980139247926,154.94801901605584,232.1738145140403,2.643850328105151,121.82894321470985,174.93958318259385,108.67031726904311,174.4702162264105,Looking
209,0.292878125,0.03869861111111111,0.296025,0.23963194444444444,0.413990625,0.2408708333333333,0.17806015625,0.23839444444444446,0.4720015625,0.5469388888888889,0.09155234375,0.5110875,0.48533046874999997,0.8227027777777778,0.18470390625,0.699825,144.7280635122297,150.99863469581442,232.54279751693022,150.99762880919684,225.41103748707604,1.594833780273095,119.42184789689945,178.53373585137464,108.62139917369791,175.08875340784667,Looking
210,0.2930828125,0.039627777777777776,0.29476328125,0.2350138888888889,0.41268671875,0.23672638888888892,0.17683984375,0.2333013888888889,0.4805765625,0.5587847222222222,0.08607421875,0.5038527777777778,0.49658515625,0.8486583333333333,0.1966,0.7261902777777778,140.6944436891521,150.94703591988815,247.63016400471085,150.94703591988818,226.81195649480208,0.875997801217041,120.81251621395425,175.92330984611735,110.54375064479156,174.39268471071907,Looking
211,0.2869359375,0.03540138888888889,0.2956921875,0.23250694444444445,0.41457578125000005,0.23246944444444442,0.17680859375,0.23254444444444441,0.47602421875,0.5642472222222222,0.08991640625,0.5343125,0.461721875,0.8242638888888889,0.21400390625000001,0.7156402777777777,142.3578951797195,152.17100239533158,251.49573776905245,152.17100239533153,244.08582468672776,4.515635606920123,117.10789650828995,172.2059254099364,108.22472677373965,174.41494397077383,Looking
212,0.2815171875,0.03754166666666667,0.2942609375,0.22799444444444444,0.41426171875,0.22223194444444444,0.174259375,0.23375555555555555,0.48010546875,0.5263097222222222,0.0871015625,0.5069416666666666,0.48224140625,0.7645916666666667,0.1994296875,0.7208486111111111,138.09279930539464,153.65702522826606,234.59772056863636,153.65799786538935,226.12962981440532,6.783814782692249,119.56128209961332,174.7512063286299,111.05434432368828,179.08702107667744,Looking
213,0.2879953125,0.03580972222222222,0.295159375,0.23889583333333334,0.41511875,0.24116944444444444,0.17519921875,0.2366222222222222,0.47630156250000005,0.5603097222222222,0.08679765625,0.5093777777777778,0.5033867187500001,0.8273763888888889,0.1935375,0.7307416666666667,146.50925630826194,153.55672591260858,242.75994430094934,153.5577258557836,226.6506191740936,3.5884828105166076,119.95000720272705,176.2251666257169,108.82014567903653,169.77952976524278,Looking
214,0.2891828125,0.0372375,0.2932953125,0.23377777777777778,0.412640625,0.233525,0.17394921875,0.23403055555555557,0.47561953125,0.5349680555555556,0.08712578125,0.5058305555555556,0.4957734375,0.8111555555555556,0.19695703125,0.722111111111111,141.60687404571854,152.7621084169762,231.5262043268537,152.76310841626653,225.05041740019053,2.130366135898504,119.59185359462069,175.2096160189203,110.37609055101626,172.60843126556932,Looking
215,0.28279609375,0.03624444444444445,0.290971875,0.23264722222222223,0.40758828124999996,0.22969166666666666,0.1743546875,0.23560277777777777,0.4694546875,0.53875,0.090684375,0.5021638888888889,0.48577421875000004,0.8131333333333334,0.17955937500000002,0.7313680555555556,141.79670068446586,149.28416776403313,236.19258710848655,149.28516766243055,219.78353755456754,4.232439763490578,119.16252069622188,178.9307771303357,109.58914048968019,173.96413765267582,Looking
216,0.27983984375,0.038530555555555554,0.29289609375,0.23574027777777778,0.40967265625,0.23359027777777777,0.17611953125,0.2378902777777778,0.476396875,0.5301666666666667,0.08838984375,0.5052597222222222,0.49610859375,0.7911430555555556,0.1643375,0.7154111111111111,142.9710985654094,149.48201557378064,229.98163377539524,149.48201557378064,222.86431403883392,6.712693085257419,120.25617808496564,177.48840475025818,111.79979029370463,172.35225483203874,Looking
217,0.28710859375000003,0.05183611111111112,0.29238046875,0.2376527777777778,0.40893828125000004,0.23815416666666667,0.17582265625,0.23715277777777777,0.5045867187499999,0.5648013888888889,0.091534375,0.5159847222222222,0.5331210937499999,0.7797152777777777,0.17511328125,0.7211375000000001,133.95806973825802,149.19443674949815,265.14441253022846,149.1944343331882,227.91272979366468,2.887438012338772,118.25383068137795,179.85070565801774,117.49998421522898,166.71911819221398,Looking
218,0.292225,0.04432638888888889,0.2944375,0.23356666666666667,0.41208828124999997,0.23075555555555557,0.17678750000000001,0.2363791666666667,0.48060546875,0.5521083333333333,0.09008515624999999,0.5067166666666667,0.52531640625,0.8273902777777777,0.17293359375,0.7334444444444445,136.28242818867002,150.60660086795662,247.43800977214474,150.60561440065902,224.05855460124707,1.1907135064039394,119.6903582187974,179.21030330021262,110.75914496863015,163.89422466290497,Looking
219,0.2875640625,0.03665972222222222,0.2944203125,0.23372361111111112,0.41036875000000006,0.23402777777777778,0.178471875,0.23342083333333333,0.47881640625,0.5292430555555556,0.08853203125,0.4998125,0.50847734375,0.7958888888888889,0.17385546875,0.7259972222222222,142.15714956343209,148.4141615783346,229.90360108967408,148.4141601061031,223.69915586116997,3.5393766926051127,120.97293700631892,179.04546830449945,112.40095644266671,168.81380069213336,Looking
220,0.29732265625,0.0377625,0.292046875,0.23446111111111112,0.40666562500000003,0.23175694444444445,0.17742734375,0.23716527777777777,0.47409140625,0.5280611111111111,0.08700703125,0.5012861111111111,0.5188859375,0.8019208333333334,0.16715078125,0.7309472222222223,141.7839100109741,146.7249186505142,230.13492117885974,146.72591856246802,222.61799687581416,2.7299630559762518,121.32521354484882,177.8810792547336,112.02549575027422,163.7862800806567,Looking
221,0.29161328124999997,0.028473611111111113,0.29602578125,0.2366513888888889,0.41470546875,0.2341388888888889,0.17734609375,0.2391638888888889,0.47450625,0.5494819444444444,0.08803515625,0.5102555555555556,0.4832078125,0.8205791666666666,0.17607265625,0.7505402777777778,149.99437472118748,151.92077073593325,239.60274880309703,151.9207707359333,226.19942466770334,2.157968154895848,120.35697266917441,179.74635037116724,108.63065113328466,176.73410983271052,Looking
222,0.292025,0.030673611111111113,0.29666015625000003,0.2257638888888889,0.41651249999999995,0.22425277777777777,0.17680703125,0.227275,0.48032265625,0.5367069444444444,0.08870390624999999,0.5008083333333333,0.4597921875,0.7939208333333334,0.18645234375,0.7341916666666667,140.5902440214114,153.4148580320693,239.33508605718467,153.41585800692187,226.94594757342549,2.418637520067419,119.79586107961208,178.06262239335507,109.9540428772204,171.92365694753448,Looking
223,0.293209375,0.03604027777777778,0.29625859375,0.23475138888888886,0.412775,0.22852916666666667,0.17974296875,0.24097500000000002,0.4776828125,0.4961666666666667,0.08981484375,0.5080208333333333,0.49813671875,0.7519611111111112,0.18071796874999999,0.7233944444444446,143.12522696226543,149.20827148988755,209.846427953873,149.20730196944118,224.09542207059917,1.5626396389201576,120.90767487944278,179.79413711807788,113.32324619818971,171.9093177945288,Looking
224,0.2894765625,0.025134722222222225,0.29596171875,0.23511805555555554,0.41332265625,0.2340833333333333,0.17860078125,0.23615416666666667,0.47040781249999997,0.5320277777777778,0.08414453125,0.5026055555555555,0.4826171875,0.7983402777777777,0.1870515625,0.7202972222222223,151.41571234518563,150.22384733789772,226.62283459748713,150.2238523004919,226.76481482143564,3.1426780251995368,122.21983160394677,178.2226051538727,108.80967757318089,175.340459579171,Looking
225,0.28489765624999996,0.026594444444444445,0.29880546875,0.2361375,0.41931250000000003,0.236475,0.17829921875000002,0.2358,0.48163906250000005,0.5624902777777778,0.08650234375,0.5172749999999999,0.47471796875,0.7767694444444444,0.1713453125,0.6993083333333333,151.91764165165284,154.2491914079293,247.91767110272718,154.24819140917015,234.2608295127463,6.729490559921989,120.10443252011945,178.47219319435126,108.77135086150699,176.7136164216381,Looking
226,0.29211015625000003,0.031875,0.29548984375,0.22950694444444444,0.413528125,0.2261277777777778,0.17745078125,0.2328861111111111,0.47595312500000003,0.5013944444444445,0.09330390625,0.5090486111111111,0.48828203124999997,0.7608777777777778,0.1640140625,0.7465694444444444,142.36074353908103,151.10858814111134,213.69304640067256,151.10958801148254,226.1352821498671,1.7413487594675028,118.44395900846139,177.3375276855342,111.95754792586878,175.17179733843855,Looking
227,0.30367265625,0.024788888888888888,0.294515625,0.23911805555555554,0.41403984375,0.2379875,0.17499140625,0.24025,0.47401875000000004,0.5401805555555556,0.09618515625,0.5272680555555556,0.5053875,0.8315430555555555,0.1657046875,0.7564166666666666,154.76148852346955,152.9931654584609,230.72649342890819,152.99317078222808,229.95787177872387,4.343506305261446,116.01804909553822,178.16800448241247,109.43544783894916,169.16465554681096,Looking
228,0.29787578125,0.034134722222222226,0.2988046875,0.24455833333333332,0.42268046875,0.24827361111111113,0.174928125,0.24084166666666668,0.48607109375,0.5796541666666667,0.08638984375,0.5411333333333334,0.518521875,0.81065,0.0695046875,0.7917902777777779,151.5096655200585,158.58356266019493,252.01348463127923,158.58457938904405,244.11109426037973,0.44964379587733755,117.66180662173132,161.21293281644208,108.7819163453242,165.97745618976302,Looking
229,0.29415625,0.03934722222222222,0.29628125,0.2384777777777778,0.41621406250000004,0.24175416666666666,0.17634921875,0.2352013888888889,0.47888515624999994,0.5604805555555555,0.0860265625,0.5115513888888888,0.5221281249999999,0.7773847222222222,0.05768593749999999,0.7945513888888889,143.39979873068165,153.53212392525546,243.09984625663586,153.5311240433027,230.12219048366458,1.0868485744410372,120.15879828383719,159.33620368165677,109.26778946254245,160.4843704100874,Looking
230,0.29406875,0.03762083333333333,0.29616640625,0.24000694444444445,0.41895390624999995,0.24271805555555556,0.1733796875,0.23729722222222224,0.477525,0.5765930555555555,0.08539609375,0.5239888888888888,0.5207578125000001,0.7946472222222222,0.06313203125,0.8105875,145.7427348069193,157.18012128764877,251.80945760832734,157.17910894899492,235.14129770204124,1.0556126297005082,118.616313095464,161.1255256608166,107.32125778390052,160.58379218502378,Looking
231,0.29496484375,0.031188888888888888,0.29767734375,0.24211805555555554,0.42221093749999994,0.2508972222222222,0.17314374999999999,0.23333749999999998,0.48076640625,0.5838041666666667,0.08423046875,0.5253916666666666,0.51601328125,0.8596138888888889,0.06977265625,0.803573611111111,151.9086829150987,159.52827790081602,251.13818238173187,159.52831752701462,239.1019580053664,1.3096570032901238,118.42351752582016,162.13734936350406,107.36424571337938,167.2002608241349,Looking
232,0.2968375,0.029255555555555555,0.29709921875,0.23354166666666668,0.419053125,0.23463055555555556,0.17514609375,0.23245416666666666,0.47793046875,0.5817152777777778,0.0923875,0.5263083333333334,0.52559609375,0.7896263888888888,0.123178125,0.7627250000000001,147.0863814940051,156.10296876421032,261.01741621968443,156.10196375766702,236.61225113252272,0.13049544449133085,116.59613127087718,170.11673332924173,106.78181017761663,157.82553319390453,Looking
233,0.297671875,0.029141666666666666,0.29713046875,0.23547916666666666,0.41871171875,0.23988194444444444,0.17554921875,0.23107777777777777,0.48080078125,0.5643486111111111,0.09228828125,0.5049597222222223,0.5299367187499999,0.850826388888889,0.10029765625,0.7888375,148.56461630549853,155.65628248162685,246.76416298158045,155.65626211945343,224.15147891771764,0.26726497994099563,118.38899618919577,166.51221007093147,108.78782883221287,163.04249256215505,Looking
234,0.29271484375,0.02318888888888889,0.29713359375000004,0.23438333333333333,0.41871171875,0.23527638888888888,0.17555625,0.23348888888888888,0.47920625,0.5750111111111111,0.08808984375,0.5170791666666668,0.5000382812499999,0.8673347222222222,0.0828,0.8327569444444445,152.1651534879126,155.62132838721047,256.57247001578327,155.6203325308104,232.86451870991428,2.130182833069206,118.73646875588452,164.61474619606213,107.56561356527777,172.7796163331408,Looking
235,0.28256953125,0.031061111111111112,0.29531484375,0.23331527777777777,0.415121875,0.24046944444444446,0.1755078125,0.22616111111111112,0.4813484375,0.5682347222222223,0.09097187500000001,0.5100263888888888,0.51413671875,0.8625472222222222,0.08933828125,0.7919694444444444,146.53397123192968,153.43948452077126,250.75427210917067,153.43948452077123,231.25948440009978,6.392136664913841,117.89797944131257,164.8506000868671,109.75872540220797,168.7972212355695,Looking
236,0.2919625,0.03410833333333333,0.294975,0.24136666666666665,0.41537890624999996,0.24602916666666666,0.174571875,0.23670277777777776,0.47800078125,0.5696027777777778,0.0953078125,0.5194166666666666,0.51124609375,0.8532666666666666,0.108384375,0.8168680555555555,149.27581120864826,154.15355700729057,246.3765473112244,154.15257902480903,227.43780837846643,1.4801936181392323,116.49317321403505,168.53502527169545,108.9861391703975,168.2305235865047,Looking
237,0.29753281249999997,0.0212875,0.29669453125,0.22442916666666665,0.41589453125000003,0.22566944444444445,0.17749375,0.22318888888888888,0.4756,0.5282513888888889,0.094803125,0.49802222222222226,0.509690625,0.7578361111111112,0.14281484375,0.7539666666666667,146.2659357916258,152.5786132621476,230.87446547853665,152.5796132450204,224.40910573325675,0.42032290375908465,118.14187348958839,173.37461690082264,109.33041678890416,165.2124448355889,Looking
238,0.2944078125,0.034520833333333334,0.29593125,0.23590000000000003,0.414546875,0.23552361111111111,0.177315625,0.23627638888888888,0.473896875,0.542825,0.0941453125,0.5238916666666666,0.4869109375,0.7873791666666666,0.17721015625,0.7460680555555556,145.0061121091108,151.82824185572332,233.93545492934584,151.82824185572323,232.84474366624642,0.7705201950506494,117.20695838656641,179.97892676778395,108.94977201999366,174.5956028403032,Looking
239,0.29119843749999996,0.03723888888888889,0.2960359375,0.23869722222222223,0.4146015625,0.23406805555555554,0.1774703125,0.24332777777777778,0.47222890624999997,0.5341541666666667,0.08895390625,0.5268736111111111,0.50130234375,0.768213888888889,0.17270859375,0.7514097222222222,145.1821041451046,151.80059481108768,228.30630305140502,151.8006167708155,233.48568266598275,2.444399837128059,119.02943466926575,179.04546929610632,108.84977010079403,167.54753212416873,Looking
240,0.2952046875,0.026270833333333334,0.29433359375,0.24166666666666667,0.4131421875,0.2397611111111111,0.17552421875,0.24357222222222225,0.4745953125,0.5636472222222223,0.08379609375,0.5202125,0.5031859375,0.8270347222222223,0.1551890625,0.7750513888888889,155.08900815338268,152.08118887291747,246.10709620813458,152.08218883222324,231.21126379352714,0.4119269655151149,120.51823966741183,176.10871607300973,108.63976136442226,169.07748656318006,Looking
241,0.29086796875,0.036705555555555554,0.29534921875000003,0.24014166666666664,0.416275,0.23694305555555553,0.17442421875,0.2433402777777778,0.47483203124999995,0.5689513888888889,0.08589765625,0.5293930555555556,0.48563515625000003,0.8053958333333333,0.17804453125,0.7498736111111111,146.58626938427759,154.8021318780849,250.52134105700455,154.8011319887552,235.07181957861303,2.2425873964128527,118.81871706137198,179.27202784973787,107.40884409501018,175.35625898309328,Looking
242,0.29501953125,0.03721388888888889,0.2965859375,0.2410097222222222,0.41525078125,0.24099305555555553,0.177921875,0.24102777777777776,0.48025546874999997,0.5384430555555555,0.08657578125,0.5186611111111111,0.50493515625,0.7746152777777777,0.164940625,0.7452763888888889,146.7466977958959,151.8910004740241,229.75956417960057,151.89000055632366,231.58022097104924,0.7828565422001231,120.32418308016531,177.37959173197444,111.23191217969769,169.4758283079966,Looking
243,0.29562187500000003,0.042354166666666665,0.29466562500000004,0.23798333333333335,0.414240625,0.2318861111111111,0.175090625,0.24408194444444445,0.47380390625,0.5366583333333333,0.08785156250000001,0.5123375,0.50131953125,0.7591583333333334,0.15558359375,0.7502291666666666,140.85831812498685,153.11894473251823,232.30335377906195,153.11897340630262,223.10065058623204,0.4978826785702853,120.03430873265144,176.08044993074233,109.1593083345348,167.60076909867348,Looking
244,0.295384375,0.03618194444444444,0.29578203125,0.24291249999999998,0.41529140625,0.2454097222222222,0.1762734375,0.2404138888888889,0.47703828125000003,0.5810263888888889,0.08824453125000001,0.5251819444444444,0.5069671875,0.8438194444444443,0.166865625,0.765301388888889,148.84687029628805,152.98256628779632,254.24105103621645,152.98157811318328,233.95434900424482,0.1959302775589138,118.79123417197667,178.17494645121602,108.11168857095977,168.55421524087208,Looking
245,0.2974625,0.03251805555555556,0.29593359375,0.24578055555555553,0.41711640625,0.24865416666666668,0.17475156249999999,0.24290833333333334,0.47561328124999996,0.5782611111111111,0.0854734375,0.5210111111111111,0.5068070312499999,0.8308069444444445,0.16074921874999998,0.7597722222222222,153.56147059077023,155.1277981439819,248.8488976567909,155.1267848986757,230.54860427250472,0.7302018888052844,119.7139329689674,177.24266713398222,107.5110314569659,167.61520315126708,Looking
246,0.2954984375,0.029370833333333332,0.2955609375,0.24783611111111112,0.41579531249999996,0.25451666666666667,0.1753265625,0.24115555555555557,0.47446953125,0.581625,0.08965,0.5205486111111112,0.50782109375,0.8729527777777777,0.16388359375,0.7746888888888889,157.29502034393843,153.97514767000547,247.20272840929567,153.97514767000547,229.11391080639345,0.029140544625379856,118.59744692013115,177.8164309456291,107.68666747095304,168.49615491141353,Looking
247,0.29723203125,0.0186625,0.29443593749999997,0.23426388888888888,0.41167109375,0.23584861111111113,0.1772,0.23268055555555556,0.47747890625,0.5646,0.0882484375,0.5193458333333333,0.5134578125,0.7955472222222222,0.17195390625,0.7488375,155.2742526306277,150.06533777658314,251.24237333101277,150.066330147705,235.7205790019191,1.3207582925646353,118.88289771673203,178.96484085948623,109.5889499520293,164.5195450753934,Looking
248,0.295878125,0.03459583333333333,0.2929625,0.23165833333333335,0.40975546874999996,0.23538472222222223,0.17616875,0.22793333333333332,0.48092968750000004,0.5572805555555556,0.08549609375,0.5082486111111112,0.5336265625000001,0.8199680555555555,0.16933515625,0.7478430555555555,141.93407289653885,149.51907408086763,249.02765274964952,149.52005597912276,232.81815575680523,1.5067030166926014,119.90113660422729,178.6614262624918,111.45897131389995,160.37202972141037,Looking
249,0.30013828125,0.025806944444444445,0.29631328125,0.24452083333333335,0.41705156250000003,0.25006249999999997,0.17557499999999998,0.23897916666666666,0.48453515625000004,0.5734138888888889,0.08456953125,0.5189402777777777,0.52086171875,0.8228416666666667,0.1945640625,0.7106180555555556,157.55009200885922,154.59649777727827,248.3208098609539,154.59649777727827,232.80999195266511,1.780800649533844,120.02330647318207,175.90594189886923,110.35601697980208,165.48403685111532,Looking
250,0.29764453125,0.02702083333333333,0.2965703125,0.24759166666666665,0.41790546875,0.2553708333333333,0.17523515625,0.23981111111111109,0.48310859375000004,0.5772666666666667,0.08587890625,0.529975,0.5159687500000001,0.8080333333333333,0.19772578125,0.7217791666666667,158.81695232562546,155.4099632649078,246.33429892120182,155.40999930828136,238.17766498981385,0.4960596454941549,118.6993112750663,175.25768883117502,109.80425992635844,165.7941404592119,Looking
251,0.29483515625,0.022687500000000003,0.29879375,0.24575972222222223,0.41842578125,0.24640694444444447,0.17916171875,0.24511388888888888,0.47540703124999995,0.5645708333333334,0.08964140625,0.5184041666666667,0.5039578125,0.8028583333333333,0.192590625,0.71125,160.69190717954655,153.12970906065226,240.40879805032088,153.12970602074572,227.70153876730828,1.8069724325797831,120.21385470996476,177.06810305563528,107.66092214620343,167.9753007119492,Looking
252,0.2959390625,0.026436111111111108,0.2991359375,0.2346611111111111,0.42037734374999997,0.24065694444444444,0.17789375000000002,0.22866666666666666,0.480765625,0.5759694444444444,0.0880296875,0.5172111111111111,0.489175,0.802701388888889,0.1909984375,0.7205805555555556,149.97783352215754,155.24903287943533,253.4972521231739,155.25000468921087,237.46973318720012,1.563453896456845,118.9719729306197,177.28847697307754,107.75349761915228,176.2275551028922,Looking
253,0.29122109375,0.020604166666666666,0.29920234375,0.24070972222222223,0.41858203125,0.25020416666666667,0.17982343750000002,0.23121388888888889,0.4867,0.5877694444444445,0.08731484375000001,0.5102486111111111,0.53641015625,0.8742,0.16820390624999998,0.6953805555555556,158.80494082993766,152.95883280150903,258.2133123795131,152.95787849600944,233.20373913383122,3.6884127124666186,120.51458800546224,177.45183059135093,109.73500742720829,162.8532184727586,Looking
254,0.28909843749999997,0.02787361111111111,0.3000125,0.24368611111111113,0.42173203125000003,0.24901805555555556,0.17829296875,0.23835277777777777,0.48240937500000003,0.5746125,0.09419921875000001,0.5199097222222222,0.49703984375,0.8474847222222222,0.1816046875,0.7498027777777777,156.01172752392688,155.84829008365796,246.9588023800731,155.84831471979413,229.5259755256472,5.137405959552708,117.96723257216986,179.34047511386007,108.33025469183232,174.55511269193696,Looking
255,0.2817421875,0.03107777777777778,0.2960203125,0.22815694444444443,0.41597109374999997,0.2354263888888889,0.1760703125,0.2208875,0.47259140625,0.5334055555555556,0.0912484375,0.5071652777777778,0.49297812499999993,0.7405555555555556,0.171184375,0.7321597222222221,143.0691119179818,153.62618632576934,226.4553768427679,153.6251869063143,232.9663786558052,7.339156994016142,117.77764682990555,179.02668361077218,108.66513594637968,170.0759536666473,Looking
256,0.28596093749999996,0.014713888888888887,0.29306875,0.23407916666666667,0.41003828125,0.23803194444444445,0.17609999999999998,0.2301263888888889,0.47433203125,0.5304583333333334,0.084321875,0.4875583333333333,0.48493125,0.7321986111111111,0.13702109375,0.75,158.20481931028525,149.74804692215528,226.05899854905132,149.7470471027726,219.44385108040734,3.2967690573975097,122.36664117080329,172.38834238283852,111.34891794365555,174.6639098017658,Looking
257,0.28528203125,0.029380555555555556,0.29666796875,0.23030694444444444,0.41838828125000005,0.23774444444444442,0.1749484375,0.22286944444444445,0.47371171875,0.5319527777777777,0.08966953125,0.4860013888888889,0.4519875,0.7446236111111111,0.11519609374999999,0.7098652777777777,145.39925159711103,155.89399997754887,223.35301989451585,155.8930005676971,218.65142961801095,5.752665755329114,119.94896345319756,167.69504425598632,108.4845945962526,169.70730441818952,Looking
258,0.27536484375,0.03343888888888889,0.29515156249999996,0.23587361111111113,0.41574140625,0.23760555555555554,0.17456171874999998,0.23414027777777777,0.4742265625,0.5285375,0.08166171875,0.5301722222222222,0.46341093750000006,0.7509666666666667,0.08436015625,0.7647638888888889,147.93712832821922,154.36003703679268,222.44610394879928,154.36004511854742,244.06966667941347,9.857661237844205,119.15704951776736,163.18479934195176,109.66593502645095,175.0593771598718,Looking
259,0.27256171875,0.03039722222222222,0.29063671874999997,0.24709444444444442,0.4111953125,0.25521944444444444,0.17007734375,0.23896805555555553,0.46821015624999995,0.5578125,0.07676171875,0.5573666666666667,0.4585390625,0.8515736111111112,0.08000546875,0.8121902777777779,157.72805387755216,154.42584539189033,229.76501937849457,154.42688255935232,258.4976907923937,8.434741300796755,117.5207546942559,164.39246563082173,108.51932554642178,176.65045168405476,Looking
260,0.26751718750000003,0.030316666666666665,0.28816171874999996,0.23331805555555557,0.40473984375,0.23200277777777778,0.17158281250000001,0.23463194444444443,0.47065234375,0.5329777777777778,0.0792625,0.5115902777777778,0.48113124999999995,0.8653375,0.0546625,0.8689194444444444,148.53053068645514,149.223004959021,232.54615934906343,149.22399859607032,231.79408318591743,10.248020668106712,120.65090423512898,161.85584082505136,111.2723205045622,176.79185877551157,Looking
261,0.26040546875000004,0.023840277777777776,0.2880296875,0.2397,0.40399921875,0.23421944444444445,0.17206015624999998,0.24518194444444447,0.46703906249999994,0.5336388888888889,0.07792656249999999,0.5298583333333333,0.4938515625,0.8096916666666666,0.05593515624999999,0.8123777777777779,159.3904778899919,148.4934389021953,230.18826252656757,148.4934654791247,237.75944181041476,12.817060376704461,120.44938013533212,159.9998176670037,110.5205618100618,170.20321009728275,Looking
262,0.25828281249999996,0.03544722222222222,0.2901828125,0.23895694444444446,0.40657343749999997,0.24254305555555555,0.17379140625,0.23537083333333336,0.46748203125,0.5497027777777778,0.08359375,0.5142222222222222,0.47381953125000004,0.8255388888888889,0.0581703125,0.8159152777777777,152.1098746071405,149.0023728804343,234.49469800829186,149.0033727302842,231.60136601065201,15.57131229821711,119.90073014116115,160.5028904137851,109.41890509322683,177.661024827638,Looking
263,0.26314453125,0.02309861111111111,0.29199609375,0.24537083333333334,0.4123546875,0.24243194444444444,0.17163671875,0.2483097222222222,0.46888593749999996,0.5557916666666667,0.07814609375,0.5521305555555556,0.443925,0.841325,0.058899999999999994,0.8350041666666667,164.24173098211062,154.07353094220952,236.93860546774562,154.07453084789842,249.34399977741595,12.994146138058651,118.68091783519672,161.13930725317425,107.78196380129023,171.16627644971334,Looking
264,0.26715468750000004,0.025481944444444446,0.29091796875,0.24516527777777777,0.40660468749999995,0.2459263888888889,0.17523046874999998,0.24440416666666667,0.47246015625000004,0.5542972222222222,0.07912734375,0.5192958333333333,0.4936328125,0.8647736111111111,0.049776562499999996,0.8297069444444445,161.07009490591355,148.08001399581238,237.49028559922195,148.08101398896486,233.03448291615553,10.885285218512275,121.86167728907755,159.14069684310314,110.78981826802303,173.0875405199269,Looking
265,0.26637421875,0.02412777777777778,0.29298515625,0.24781388888888886,0.410675,0.24708472222222225,0.1752953125,0.24854305555555556,0.47231328125000005,0.5608597222222222,0.077571875,0.555475,0.47332343750000005,0.8558722222222221,0.051909375,0.8316041666666667,164.61655676146307,150.64391482565762,239.2983061640847,150.64391482565767,253.9360736031807,11.94175425426306,119.51086132408412,159.38325369123675,109.25065610367955,179.65122698253128,Looking
266,0.2693828125,0.030775,0.29314296875,0.2458027777777778,0.41165859375,0.24556527777777776,0.174628125,0.2460402777777778,0.46193359375,0.5664125,0.08114375,0.5229458333333333,0.45266953125000003,0.8779375,0.04975390625,0.7937277777777778,157.77890533591616,151.70009637768857,239.8057547349521,151.6990963783239,232.52464382082172,11.113727744523311,120.9715320980442,157.93541245322785,105.56613698319951,176.97375170434435,Looking
267,0.2678765625,0.02212361111111111,0.2958578125,0.2525263888888889,0.41567890625,0.2537055555555556,0.17603671875,0.2513486111111111,0.46717421875,0.5679972222222223,0.08154687499999999,0.5463513888888889,0.45634296875,0.8680069444444445,0.05946328125,0.8534680555555555,169.71233884429262,153.37334984279371,235.69433488312782,153.37334431054177,244.42337534082128,12.183274084722214,119.6582661422087,161.0072044879155,106.23984318967211,176.327616189151,Looking
268,0.2681859375,0.03209861111111111,0.2939109375,0.25369722222222224,0.4130421875,0.26075972222222227,0.17478046875,0.2466347222222222,0.45995234375000005,0.5722097222222222,0.08530859375,0.5432374999999999,0.4462625,0.8533569444444444,0.0665,0.825725,162.91339657928688,152.57276090115164,232.1438639313992,152.57176145669948,242.32428168056123,11.660938302054317,118.20361532615941,161.61239098588754,104.99022584167236,175.05252609653664,Looking
269,0.26444453125,0.0279875,0.29048281249999997,0.25380694444444446,0.40915390625,0.2524180555555556,0.17181249999999998,0.25519583333333334,0.46470703125,0.5681486111111111,0.080946875,0.5621694444444445,0.4407234375,0.8589527777777778,0.06176875,0.8402611111111112,165.97087196553497,151.9022916252418,238.18786270505055,151.9012916469113,249.75554709555502,11.584466768134044,117.75471552518835,161.51116547005932,107.36978086186579,171.6587658411262,Looking
270,0.2660390625,0.023840277777777776,0.29085078124999997,0.25590138888888886,0.41015781249999994,0.2537,0.17154375,0.2581027777777778,0.46682890625000006,0.5603486111111111,0.0815515625,0.5584625,0.47170781249999993,0.8675138888888889,0.05691328125,0.8627625,170.07556302126417,152.72122509330518,232.39794725857632,152.7212250933052,245.023858391382,10.762282850223718,118.04192299068984,161.37472220028454,108.18780432082492,178.382534346009,Looking
271,0.26028203125,0.03664166666666667,0.28970390625000003,0.24915277777777775,0.40630625,0.24490694444444444,0.17310078125,0.2534,0.46975546875,0.5766777777777778,0.08494453125,0.5502541666666667,0.47152578125,0.888251388888889,0.059149218749999996,0.8437013888888889,157.57450194749148,149.28230387423685,252.30366990989256,149.28332414573308,241.69301981025433,13.827412506348262,117.83152157228857,161.05872432946956,108.77749571458392,179.42127185480712,Looking
272,0.26028203125,0.03664166666666667,0.28970390625000003,0.24915277777777775,0.40630625,0.24490694444444444,0.17310078125,0.2534,0.46975546875,0.5766777777777778,0.08494453125,0.5502541666666667,0.47152578125,0.888251388888889,0.059149218749999996,0.8437013888888889,157.57450194749148,149.28230387423685,252.30366990989256,149.28332414573308,241.69301981025433,13.827412506348262,117.83152157228857,161.05872432946956,108.77749571458392,179.42127185480712,Looking
273,0.25822578125,0.03465694444444444,0.28993515625,0.24650694444444446,0.40673359375,0.23905555555555555,0.1731359375,0.25395833333333334,0.46585625,0.54785,0.08859140625,0.5458763888888889,0.44398906250000003,0.8230180555555555,0.04843515625,0.7791902777777778,157.83978195626096,149.59823270680707,234.85852454829057,149.59923206353702,236.4042551435993,14.900832395142912,117.24281892416856,157.1163294708687,108.79746270898757,171.95862514771434,Looking
274,0.25853828125,0.040875,0.28998984375000003,0.24250555555555559,0.40746171875000003,0.23617916666666666,0.1725171875,0.24883333333333332,0.4679109375,0.5577208333333333,0.09476875,0.5450972222222222,0.454834375,0.8278402777777777,0.0502515625,0.8282555555555556,150.65256997476015,150.43297684018626,244.0978712012868,150.43400666405188,235.3826425716221,15.499152187719995,115.01101137125627,159.4372122803132,108.4805980892756,175.08108821646817,Looking
275,0.2547125,0.0350125,0.29285703125,0.2554736111111111,0.41145,0.2531097222222222,0.17426484375,0.2578388888888889,0.47480703125,0.5645902777777778,0.0932265625,0.5428347222222223,0.47978125,0.8472138888888889,0.04796171875,0.7420569444444444,166.07145585259377,151.80854127815067,238.4784312364538,151.8075525558594,229.92501875611535,17.097579792134113,116.81702380294784,155.1221657390549,109.88053593887891,178.2078478467793,Looking
276,0.25965234375,0.03359861111111111,0.2893,0.24851666666666666,0.40526093750000003,0.24350694444444443,0.17333984375,0.253525,0.467946875,0.5578694444444444,0.09344921875,0.5532527777777777,0.48047890625,0.8297263888888889,0.05551015625,0.7371513888888889,159.32640610394748,148.47382041626065,240.14242633279108,148.4727964207585,238.8063525453207,13.779383061365538,115.35421006136806,156.5809265153213,109.5194426799213,175.3149772221733,Looking
277,0.25668828125,0.024906944444444443,0.29235546874999996,0.25022916666666667,0.41236015625,0.24861111111111112,0.17235078125,0.2518458333333333,0.46937734375,0.5636194444444445,0.09453359375,0.5443611111111111,0.46136328125,0.8676722222222223,0.05926796875,0.696576388888889,168.53340778611224,153.61041781402722,238.2589640706095,153.61041023316093,232.97714170493208,15.71722865216374,115.31125848974705,155.67511674734297,107.83722053870513,177.3172123100298,Looking
278,0.26359921875,0.044462499999999995,0.29137421875,0.2520236111111111,0.40751640624999996,0.24224861111111112,0.17523203125,0.26179861111111113,0.46893124999999997,0.5417416666666667,0.10035000000000001,0.5401708333333334,0.4811734375,0.8178041666666667,0.0540984375,0.7334291666666666,153.61462768890206,148.82850428597337,229.5171944452092,148.8285042859734,222.16753584851227,13.381647078947903,115.55813427474857,155.45834991480538,110.02962257263621,175.49230647253907,Looking
279,0.26932734375,0.04275,0.2908671875,0.2540972222222222,0.41027812499999994,0.25073055555555557,0.17145625,0.2574652777777778,0.46740624999999997,0.5670597222222222,0.09340625,0.5511499999999999,0.49507812500000004,0.8452749999999999,0.053923437500000004,0.7484638888888889,154.64756364391909,152.86522002077513,239.2077975840253,152.86523588115122,233.8657316175245,10.269753465989375,115.28906363764484,156.94754874368314,107.79982374514725,169.9725224877119,Looking
280,0.27684921875,0.05417222222222222,0.29268046875,0.25689999999999996,0.40954609375000006,0.24195416666666666,0.1758140625,0.27184583333333334,0.46318671875,0.5309555555555556,0.09542500000000001,0.5554305555555555,0.47431953125000004,0.7575222222222223,0.060857031250000006,0.7764222222222222,147.36389989410566,149.97456072614455,219.1161750327894,149.97555814865296,228.6435635765853,7.903782309908422,116.74604005971904,157.950626539378,108.26121878590826,175.0076164579408,Looking
281,0.28176640625,0.05480833333333334,0.29385,0.25416666666666665,0.41324921875,0.24433333333333332,0.17445,0.2639986111111111,0.467278125,0.5528277777777778,0.09495234375,0.5498097222222222,0.46272734375,0.7968125,0.0707125,0.7216694444444444,144.3689216313539,152.9949050164743,232.6332050782949,152.9958576726834,229.5681635266528,6.1502012434065,116.31168231387579,158.0526248505627,107.2942552506915,178.1008278302274,Looking
282,0.27621328125,0.03528611111111111,0.29126484375,0.2437736111111111,0.41061328125,0.23104305555555554,0.1719171875,0.25650416666666664,0.46389921875000006,0.5290597222222222,0.09192265625,0.5586875,0.45103515625,0.7458375,0.07592734375,0.7741958333333334,151.34229771283373,153.04073415924273,225.15150814507106,153.0397359544246,240.46185068114235,7.313645255400573,115.20245525960097,161.7560393252536,107.633898948031,173.9777327762681,Looking
283,0.2808703125,0.040391666666666666,0.2889484375,0.2482263888888889,0.40603828125,0.2355958333333333,0.17185859375,0.26085555555555556,0.46206484375,0.5244513888888889,0.09564453125,0.5586097222222223,0.45342109375,0.7201416666666666,0.07190546875,0.7695208333333332,149.99781492075147,150.15064588938677,219.99298709731636,150.15058532686442,235.53524917727285,3.9527813935480123,114.46769059337872,160.74391850995485,109.02514756564632,175.51003687693307,Looking
284,0.27824375,0.0359375,0.291421875,0.24852916666666666,0.41066250000000004,0.24344027777777777,0.17218046874999998,0.25361944444444445,0.46642265624999996,0.5545513888888889,0.09007578125,0.5501902777777777,0.46912343749999996,0.8265277777777779,0.07034453125,0.7759652777777778,153.99262897944175,152.67197280444114,235.0959487719854,152.67299651870331,237.9920939800312,6.288667295518601,116.20512425458496,160.88401652773723,107.67341153411789,178.98862269960887,Looking
285,0.27244453125,0.025083333333333332,0.28948671875,0.24210416666666668,0.4049890625,0.23564444444444443,0.17398359375,0.2485652777777778,0.46912421875000004,0.5584972222222222,0.092184375,0.5391722222222223,0.48315390625,0.8261055555555556,0.06354531249999999,0.7712097222222222,157.77032554000766,147.9161399239447,246.52408151132013,147.91717087613594,233.97187945990433,7.947419869574931,116.58355922770123,159.4109904614877,109.45108330546118,174.67529368788738,Looking
286,0.27186953125,0.042320833333333335,0.2901359375,0.2538736111111111,0.40590703125000005,0.2435013888888889,0.17436484375,0.26424583333333335,0.4655875,0.5234,0.09681640625,0.5447833333333334,0.47236171875000005,0.7554402777777778,0.07865546875,0.7818444444444445,154.10205801675718,148.37505852736842,215.51964321147156,148.37505852736842,225.0593095452841,8.7268553933689,116.17077860399448,161.8027736218862,110.75975768220181,177.0289740216221,Looking
287,0.26709296875,0.036394444444444445,0.29093671875,0.24489305555555557,0.40820468749999994,0.24330694444444445,0.17366796874999998,0.24647916666666667,0.47129765625,0.5650569444444444,0.0917734375,0.5530361111111111,0.47208203125,0.7773083333333334,0.12675859375,0.7913583333333334,153.19002761602988,150.10734416743233,245.3331850382251,150.10834413849219,244.3481951355483,11.491916370051683,115.40401682949698,171.298333917052,109.21906733901503,179.62358488020493,Looking
288,0.260290625,0.04356111111111111,0.28850859375,0.25027083333333333,0.4049046875,0.24752083333333333,0.1721125,0.25301944444444446,0.4611109375,0.5509861111111111,0.0929203125,0.5478888888888889,0.43643671875,0.7830347222222221,0.13058203125,0.8124930555555555,153.1510650371064,149.00015627173016,230.0347890233127,149.00014298650856,235.26347696146973,13.641086401466834,115.52225238568973,172.4822990944002,108.22519917142003,169.29541381971342,Looking
289,0.26760546875,0.042466666666666666,0.28969453125,0.2428763888888889,0.40466875,0.2423611111111111,0.17472109375,0.24339166666666665,0.46671250000000003,0.5539347222222223,0.09231171875000001,0.5219666666666666,0.47066875,0.8389069444444445,0.1019125,0.8154111111111111,147.03899517134903,147.1674676346644,237.9752002730537,147.16646763784203,226.62039566640948,11.086405260469496,117.74035948749616,167.2497413607029,109.49444377767892,178.58618317670746,Looking
290,0.27271796875,0.03710416666666667,0.29118984375,0.2443125,0.4078046875,0.23897361111111112,0.17457578125,0.24965138888888888,0.46880234375,0.5427416666666667,0.0929640625,0.5312416666666667,0.47453515625,0.7224166666666666,0.10623984375,0.7915138888888889,151.05196071551006,149.31648812170744,232.23133788961385,149.31548845314074,228.07466626962324,9.005479266211635,117.25948355020876,167.36319770762657,109.6457417642422,176.75350258911857,Looking
291,0.2639734375,0.04264722222222222,0.28973984375,0.24549722222222223,0.40555624999999995,0.24368611111111113,0.1739234375,0.24730694444444445,0.45883515625,0.5541902777777777,0.091334375,0.5319694444444444,0.44805624999999993,0.7807236111111111,0.1315046875,0.7825013888888889,149.72953304208227,148.25073504370891,233.7332791409901,148.2507262511722,230.6140100796133,12.724921601892092,117.28406086351453,171.97958853885453,106.96411740909143,175.16484926487422,Looking
292,0.2639734375,0.04264722222222222,0.28973984375,0.24549722222222223,0.40555624999999995,0.24368611111111113,0.1739234375,0.24730694444444445,0.45883515625,0.5541902777777777,0.091334375,0.5319694444444444,0.44805624999999993,0.7807236111111111,0.1315046875,0.7825013888888889,149.72953304208227,148.25073504370891,233.7332791409901,148.2507262511722,230.6140100796133,12.724921601892092,117.28406086351453,171.97958853885453,106.96411740909143,175.16484926487422,Looking
293,0.26399453125,0.04162222222222222,0.29081875,0.25177638888888887,0.40697734375000005,0.2497375,0.17466015625,0.25381666666666663,0.46256171874999996,0.560288888888889,0.09526562499999999,0.5352583333333334,0.4375078125,0.7947124999999999,0.1121640625,0.8131819444444445,155.1576970246723,148.69024686575787,234.6436794652692,148.6902567419937,226.69318399325556,12.784870217150774,116.63422642041817,168.76581565981564,107.65093862579558,169.2420820565083,Looking
294,0.26945078125,0.03752777777777778,0.29090859375,0.25603194444444444,0.40992265625,0.25692777777777775,0.17189453125,0.2551347222222222,0.46210000000000007,0.5466152777777777,0.09414687499999999,0.5431375,0.4397421875,0.8186555555555556,0.11867187500000001,0.8155,159.702559419065,152.3393654608027,219.00692681739542,152.33936969805276,230.00572239185706,9.903089297631274,115.63724195231437,170.4159686170263,107.75538592098006,171.68745409097062,Looking
295,0.2630234375,0.04369722222222222,0.292228125,0.253925,0.41022265625000004,0.25335555555555556,0.174234375,0.2544944444444444,0.4668984375,0.5730958333333334,0.09079453125,0.5491694444444444,0.4533953125,0.8264763888888889,0.13116328125,0.7961319444444445,155.91175202658715,151.03355649987193,241.37274575643374,151.03255650355655,237.53166602581643,13.872602293704835,116.72038968865655,171.95346555551515,107.49074522879495,174.58788838530685,Looking
296,0.26864765625000003,0.037809722222222224,0.29010625,0.24895833333333334,0.40738828125,0.2489527777777778,0.17282421875,0.24896388888888887,0.4688359375,0.5558680555555556,0.09743984375,0.5371888888888889,0.46088046875,0.8358777777777777,0.10718125,0.7836402777777778,154.48833230376977,150.12100005329032,234.5591883725726,150.12100005329037,228.8582236844462,10.2412556900991,114.93712687570388,167.68769373977418,109.59215707617086,177.10849560857505,Looking
297,0.2693578125,0.03407361111111111,0.29129453125000004,0.2461847222222222,0.4096828125,0.2431847222222222,0.17290624999999998,0.24918333333333334,0.46780859374999995,0.5450194444444444,0.092371875,0.5418319444444445,0.4593859375,0.8211944444444444,0.10732890625,0.7916777777777778,155.27983977645002,151.55239347829513,229.70399613850864,151.55237922909694,234.5714196252391,10.418013603230014,116.06922650040377,167.8716076449768,108.89891235742186,176.89658529571054,Looking
298,0.26596796875,0.0441,0.29231875,0.24781805555555556,0.41078749999999997,0.24729861111111112,0.17385078125,0.2483375,0.47047343750000004,0.5631013888888888,0.093771875,0.5347722222222222,0.47113046875000003,0.8137805555555556,0.09451796875,0.7936944444444445,150.50510878372202,151.64046121006095,239.86956724019825,151.63946121310246,230.30090162654596,12.95027508091654,116.42808906059761,165.500274200655,108.57212027620736,179.73302859539393,Looking
299,0.26576796874999997,0.043597222222222225,0.2912625,0.2478027777777778,0.4075390625,0.24472083333333336,0.17498671875,0.25088472222222225,0.46956953125,0.5407944444444445,0.0962875,0.5327416666666667,0.45850468749999995,0.8391805555555556,0.09173203125,0.8065027777777778,150.60592774854516,148.8505408690207,227.4795136490317,148.8495409801454,226.56338228848898,12.513993940524168,116.3991388588743,165.0836490711524,110.42848767073043,176.22828540221764,Looking
300,0.2640875,0.042341666666666666,0.292559375,0.24539999999999998,0.4109265625,0.2411652777777778,0.1741921875,0.24963472222222222,0.47864140624999996,0.5443375,0.08795468749999999,0.5336111111111111,0.4803609375,0.7679916666666666,0.0907921875,0.7877388888888889,150.67577754901416,151.5406760609177,234.8626413055086,151.5406760609177,232.3569362532567,13.996955066042824,118.36340069118184,164.59524120544944,111.65676260563664,179.21691998147472,Looking
301,0.26454062500000003,0.03682916666666666,0.29102265625,0.2484847222222222,0.408278125,0.24713194444444445,0.1737671875,0.24983750000000002,0.46814999999999996,0.5467013888888889,0.0905703125,0.5228347222222222,0.47573906250000003,0.8075916666666667,0.08395859375,0.7966597222222223,156.1163933512429,150.09016038701537,228.9000930449789,150.0901603870154,223.5522163343499,12.540312070272048,118.44813068345866,163.72338958385217,109.56044261437012,177.0396460589982,Looking
302,0.26678984375,0.03954583333333333,0.2914515625,0.24817916666666665,0.40911953125,0.24562499999999998,0.1737828125,0.2507319444444444,0.46977343749999995,0.5483722222222221,0.0945125,0.5363111111111111,0.472490625,0.785675,0.09020625,0.8004125000000001,153.4969776412552,150.62622662073164,231.39125362251698,150.62721434056994,229.28955459200492,11.86768425090068,116.26499702919463,164.8742205749477,109.60432141178353,178.8338432880786,Looking
303,0.27136796875,0.04260138888888888,0.29071953125,0.2475763888888889,0.40708671875,0.2455277777777778,0.17435234375,0.24962499999999999,0.46289218749999994,0.5544861111111111,0.09474609375000001,0.5275513888888889,0.4524203125,0.7505583333333334,0.10199921875,0.8047666666666667,149.64624827906644,148.95730302673988,233.6373049429393,148.95730302673985,224.55646564951095,9.5276583347187,116.98553903224327,166.954618431506,107.80236259874043,174.57613986830097,Looking
304,0.27123671875,0.04445555555555556,0.2909296875,0.24659305555555555,0.4101,0.24362638888888888,0.171759375,0.24955972222222222,0.46746875,0.5544125,0.09064765625,0.5324375,0.45755468749999995,0.7205513888888889,0.12491328125000001,0.7810708333333333,147.70576620430225,152.55295454366004,235.50686057947445,152.55295454366,228.6077402735962,9.826011578841124,117.01048063678105,171.09478910063112,108.16798641217355,173.94437279592427,Looking
305,0.2727890625,0.04195694444444444,0.29111015625,0.2496847222222222,0.41134453125,0.2516847222222222,0.17087578125,0.2476833333333333,0.46073203124999995,0.5609722222222222,0.09274765625,0.5300111111111111,0.44776328125,0.7461625,0.11780468749999999,0.7572569444444445,151.39134551552146,153.9067366946619,231.48598796687455,153.90674605422595,226.54344438098403,8.911180731979158,116.19541779045915,169.51035721028038,105.84809209492744,172.90338570471823,Looking
306,0.2736921875,0.04103888888888889,0.29205703125000004,0.2519388888888889,0.41126250000000003,0.2526277777777778,0.1728515625,0.25124861111111113,0.4642875,0.5584805555555555,0.08648828125,0.5432180555555556,0.46184765624999996,0.7247055555555556,0.12342421875000001,0.7743208333333332,153.65674131973512,152.5838061689379,230.4361390494121,152.58380942288736,237.5116934994991,8.799884889422588,117.73803606007961,170.46392885318016,107.12978399219232,178.5052545620078,Looking
307,0.2745796875,0.0390125,0.29264765625,0.24883194444444443,0.41437578124999996,0.243075,0.17091875,0.25459027777777776,0.46230312500000004,0.5414083333333334,0.0905234375,0.5442569444444445,0.45027968749999997,0.7782333333333333,0.1381125,0.7698541666666666,152.82998079238249,155.8671240800958,223.38866222125066,155.86815032263647,232.56594427387688,8.703721247746738,116.26228297592309,173.54223088560767,105.93937141933428,174.84265644000453,Looking
308,0.27230937499999996,0.044380555555555555,0.29233984375,0.2540791666666667,0.41280312500000005,0.2497097222222222,0.1718765625,0.2584486111111111,0.4656921875,0.5624041666666666,0.08575625,0.5499597222222222,0.44780703125,0.7651208333333333,0.115409375,0.7842027777777777,153.14445667408273,154.2250905819154,235.09793449539276,154.22509058191534,237.07489808075422,9.63767730113314,117.70863120198106,169.19020648014674,106.73565964344472,171.0858618373621,Looking
309,0.27008984375,0.04350138888888889,0.29442890625,0.2509888888888889,0.41601718749999994,0.24969444444444444,0.17283984375,0.25228472222222226,0.46047109375,0.5580319444444445,0.09581953125,0.5573083333333333,0.42739374999999996,0.7972541666666667,0.128028125,0.7829569444444445,152.60485771101784,155.63579059136742,229.17909112744124,155.6367965649512,240.7297781434611,11.77963734806128,114.17529632735769,171.4624296630636,104.37586193294172,166.18971085648258,Looking
310,0.27383671875000004,0.043944444444444446,0.29137578125,0.25206666666666666,0.4097453125,0.2525541666666667,0.17300625,0.2515805555555556,0.46080234375,0.549925,0.10114765625,0.5422416666666666,0.43154843749999994,0.8066902777777778,0.13422265625000002,0.7863777777777778,151.52038016055795,151.5134065685278,223.85893338886436,151.51340425520115,228.59698295690603,8.520594020347959,113.72599316966979,172.65367824164622,106.97403585585938,168.5498367132687,Looking
311,0.2751109375,0.04094444444444444,0.29120625,0.2571111111111111,0.40972109375,0.2541763888888889,0.17269062500000001,0.26004583333333336,0.46300078125,0.5584486111111111,0.0959265625,0.5417625,0.43339999999999995,0.823,0.1292515625,0.7758402777777778,156.99761782906137,151.71371516774607,229.44555123165932,151.71471507075378,225.38206996121056,7.540381541705476,115.84651816010161,171.48489704244764,107.2912797581042,168.74977748812339,Looking
312,0.27919296875,0.038968055555555554,0.29300000000000004,0.2568958333333333,0.41358203125,0.2536625,0.17241875,0.2601291666666667,0.45545468749999996,0.5697208333333333,0.10108359375,0.5483569444444445,0.43433984375,0.8680027777777778,0.12271171875,0.818813888888889,157.90014373964326,154.36255572191072,233.78858452242702,154.36155583564195,226.72349692301412,6.426304952210129,113.74913364736626,171.01189689952488,103.25316361585777,172.82727906708973,Looking
313,0.26938515625,0.04522916666666666,0.29051796875,0.24766527777777775,0.40753203125,0.24507222222222222,0.17350390625,0.25025972222222226,0.45824453125,0.5364861111111111,0.09311875,0.5364166666666667,0.44332421875000005,0.7830722222222223,0.09951484375,0.8057222222222222,148.2428110095056,149.78963573291708,219.629599252924,149.78964820040133,230.29669241654344,10.51371627660965,116.53756926792708,166.67749999596163,107.19064957619244,173.86036335668874,Looking
314,0.277253125,0.05118611111111111,0.2931796875,0.24233472222222222,0.41289609374999997,0.23765,0.17346328125,0.24702083333333333,0.46433515625000005,0.5454625,0.0885828125,0.5415430555555556,0.4562453125,0.8125791666666667,0.0937515625,0.7806361111111111,139.12864595402343,153.27411816089497,231.19863665039207,153.27414017048014,238.2685832102084,8.42567146464817,117.12835582971123,165.12751107100698,106.54602232147535,176.91808880691698,Looking
315,0.27490625,0.04643055555555556,0.29536406249999997,0.24767083333333334,0.41593437499999997,0.24846666666666664,0.17479375,0.2468736111111111,0.46375078125,0.5420652777777778,0.09543125,0.5352180555555556,0.43971953125,0.800848611111111,0.09270625,0.7491847222222222,147.24023921808873,154.33106372017266,220.07318534069523,154.33106743621,231.1285155925162,10.244285830915638,116.07281626548634,163.80016144796565,106.14755693701457,170.6256636226266,Looking
316,0.285503125,0.04212361111111111,0.29019921875,0.24299444444444443,0.40817890625000003,0.2366,0.17221875,0.24938749999999998,0.46538515625,0.5450972222222222,0.09209843749999999,0.5342527777777778,0.47302421875,0.7438069444444445,0.12025078125,0.7797569444444444,144.75186095522224,151.08416532515915,233.87637781528943,151.08513439117692,229.31324323946052,2.379962432754829,116.5656098768548,170.1185346910014,108.24545567180921,176.0902747315619,Looking
317,0.280178125,0.039295833333333335,0.29265078125,0.24730694444444445,0.4133484375,0.24471666666666667,0.17195312499999998,0.24989722222222222,0.46556718750000003,0.5528138888888889,0.09805234375,0.5429888888888889,0.4560234375,0.8376583333333334,0.10358515625,0.8069916666666667,150.61651652126338,154.5042564915284,231.6811051855546,154.50425649152845,231.25701789351174,6.084649702322524,114.14444273658579,167.69245769993583,106.7681748025944,176.5912231163889,Looking
318,0.27825546874999996,0.04279583333333333,0.29274374999999997,0.24696944444444446,0.41381640624999994,0.24635138888888888,0.171671875,0.24758888888888891,0.46824296875,0.5521430555555555,0.09611328125,0.5321430555555555,0.46170234375,0.8370125,0.0996828125,0.8000041666666667,148.17012873720535,154.97363890029808,230.9289510996835,154.97264177912174,226.55947533925828,7.190006071646334,115.27008051068242,166.95614523081736,107.55836768998164,177.66260307719094,Looking
319,0.28282578125,0.047712500000000005,0.28892265625,0.24765416666666668,0.40704453125000006,0.24063472222222224,0.1708015625,0.25467361111111114,0.46320937500000003,0.5329986111111111,0.10073828124999999,0.5390402777777777,0.45695078125000005,0.7920763888888889,0.10597187500000001,0.7997708333333334,144.1693732385627,151.2804459670846,222.43967246199585,151.27944652529638,223.5235721283104,3.102981609328559,113.65415319708063,168.0614821868969,108.85614928113591,177.54087889185445,Looking
320,0.275715625,0.05430555555555556,0.289575,0.2469263888888889,0.4065890625,0.2420861111111111,0.17256093749999998,0.25176666666666664,0.46406875000000003,0.5397263888888889,0.09736875,0.5316625,0.44867265625,0.8174986111111112,0.10818203125,0.7907486111111112,139.816993133882,149.8185386025374,226.5790194987171,149.81853860253744,223.32849827328354,7.289344623775862,115.5285992083451,168.01146913955571,108.94841450491757,174.372414275883,Looking
321,0.2767203125,0.05214722222222222,0.28943671875,0.24581111111111112,0.40749218750000005,0.24281944444444445,0.17138046875,0.2488013888888889,0.4630859375,0.547811111111111,0.09756328125,0.5401111111111111,0.452528125,0.7786916666666667,0.138690625,0.7578694444444445,140.38481603435608,151.12635123299978,230.83602499609972,151.1273368818494,230.04288783833331,6.658168093421361,114.25083291179928,173.48730076472555,107.9550501404517,175.3523577960099,Looking
322,0.27388359375000004,0.034479166666666665,0.2950765625,0.2571222222222222,0.41682109375,0.26479166666666665,0.17333203125000002,0.24945277777777777,0.462703125,0.5771597222222222,0.089059375,0.5525194444444445,0.4364109375,0.8315597222222222,0.0900578125,0.8086527777777778,162.58205909017144,155.9308063629506,232.44645505148063,155.9308063629506,243.4141582262626,9.604787189866354,116.30504106488182,165.17165039677,104.63473857420762,169.58899104177763,Looking
323,0.277921875,0.042805555555555555,0.29147265624999996,0.24959722222222222,0.41105937499999995,0.25761249999999997,0.1718859375,0.24158055555555555,0.46324609375000003,0.5700375,0.09136953125,0.5241388888888889,0.46065625,0.8298180555555557,0.0778828125,0.7992847222222222,149.8969016524358,153.17974892915836,234.65465969590295,153.17978660711077,228.05748636034733,6.644743728186104,116.86616458227371,163.3190974655778,106.5390877529403,178.9846364686514,Looking
324,0.27846484375,0.04593333333333334,0.29083671875,0.2461861111111111,0.40950312499999997,0.24054722222222222,0.17216953125,0.25182638888888886,0.4679171875,0.549423611111111,0.08859921875,0.5350194444444445,0.45341328125,0.7596291666666667,0.08636953124999999,0.8034027777777778,145.04905384041632,151.94725087674337,234.62376218320256,151.94827724261964,230.25503925213016,6.2678672446431,117.68251375176963,164.54171077190486,108.58314127935935,173.00678688894695,Looking
325,0.27648359375,0.053823611111111114,0.29231796875,0.25145138888888885,0.41036875000000006,0.25430416666666666,0.1742671875,0.24859861111111112,0.47223203125,0.5496833333333333,0.09423046874999999,0.5226083333333333,0.46093671875000003,0.7554805555555556,0.0866859375,0.7814486111111112,143.7282334407544,151.11895956828192,226.9362667226197,151.1189595682818,222.30058069649755,8.1066498681612,117.44190540893538,163.71151545497943,110.42191770544001,174.42703613049468,Looking
326,0.27380390625,0.049022222222222224,0.287784375,0.24039305555555554,0.40262343749999996,0.23656249999999998,0.1729453125,0.24422222222222223,0.4689859375,0.5417319444444445,0.09331796875000001,0.5238402777777778,0.45579921875,0.7178777777777777,0.08130546875,0.7789680555555555,138.94419165262002,147.01987144600554,235.570032941374,147.01985269003637,225.65472198471718,7.3998336456930796,116.85131591629434,163.05615644270918,111.13638268077001,172.41911732706396,Looking
327,0.27757265625,0.048461111111111115,0.2897328125,0.2535722222222222,0.40825234374999997,0.24848194444444446,0.17121328125,0.2586638888888889,0.46314687499999996,0.5404722222222222,0.08956484375,0.5543569444444445,0.46146562500000005,0.7672708333333332,0.1357421875,0.7513194444444445,148.49798525569295,151.74926441337368,221.66435102198997,151.74928856834885,237.16729180264298,6.016579287958322,116.14596195887687,172.7058253050965,108.48088587701727,179.24496536844572,Looking
328,0.282721875,0.04502083333333333,0.29230859374999996,0.2522875,0.41146171875000004,0.2523152777777778,0.17315546875,0.25225833333333336,0.46652265625,0.5575833333333333,0.088665625,0.5394916666666667,0.47449140625,0.7869652777777778,0.0815796875,0.8304597222222223,149.73565796095463,152.5160013113379,230.81618516256606,152.5160014457499,233.37806767774904,4.7007231453492215,117.60661198772814,164.27462781930498,107.77877304874522,176.46589206342267,Looking
329,0.27512578125,0.03868888888888889,0.29165078125,0.2560736111111111,0.40887265624999997,0.2611833333333333,0.174428125,0.25096250000000003,0.46561640625,0.5736666666666667,0.09198984375,0.5291055555555556,0.48232734375,0.7949180555555556,0.0771140625,0.7675958333333333,157.93979357020825,150.08909679586986,236.4212502462501,150.0901210106781,226.3624319758029,7.696430656638003,117.78528927951557,161.48606970934455,107.89143403711618,172.352402168372,Looking
330,0.27143203125,0.037048611111111115,0.2922796875,0.2495763888888889,0.41303515625,0.24840555555555557,0.17152343750000001,0.25074722222222223,0.4665296875,0.5538736111111111,0.08978203125,0.5320458333333333,0.46136718749999994,0.7695750000000001,0.09264609375,0.7992236111111112,155.32935854177728,154.5692988209495,230.34937746388636,154.57029880607723,227.9641503965042,9.8922727816644,117.32074657578958,165.65866149932683,107.29293558521776,177.56361815222132,Looking
331,0.2710109375,0.03800833333333333,0.2935390625,0.2567277777777778,0.4139078125,0.25709166666666666,0.17317109375,0.2563625,0.4686265625,0.5733236111111111,0.09178203124999999,0.545775,0.451609375,0.8064888888888889,0.11257187500000002,0.799425,160.09633156321854,154.0722227658185,238.2162286012437,154.07122447102188,232.9678729202806,10.376548981774707,116.5627414488042,168.77942509198354,107.09869715707319,172.6072749911054,Looking
332,0.27475078124999996,0.03674444444444444,0.29188515625,0.25395972222222224,0.41102421875,0.25450833333333334,0.17274609375,0.2534111111111111,0.46693984374999997,0.5604861111111111,0.09333125,0.5366861111111111,0.4669171875,0.8312,0.10089765625,0.7698916666666666,157.92532617981195,152.49851156322805,231.63851924928204,152.49851156322805,227.88547905691578,7.982796665550718,116.49129049281734,166.10893372821099,107.99785722098454,179.99147532964784,Looking
333,0.2770359375,0.04278194444444445,0.29352734375,0.2541555555555555,0.4142796875,0.26057916666666664,0.17277578124999998,0.24773194444444444,0.46628203125,0.5701430555555556,0.09355390625,0.5364361111111111,0.45641171875,0.8289861111111111,0.0996328125,0.7624458333333334,153.64596187990102,154.6321816246541,232.61298752434266,154.63118207205167,231.2822105242857,7.896687177479824,116.00456228924112,165.82204420032676,106.6278058852255,176.12179708664618,Looking
334,0.2721234375,0.04138888888888889,0.2917921875,0.24278472222222222,0.41231328125,0.24199861111111112,0.17127109375,0.24356944444444445,0.46479921874999997,0.5448666666666666,0.09214296875,0.5263833333333333,0.43331875000000003,0.7792125,0.13658984375,0.75425,147.17432181260426,154.2680383131904,228.1792395223544,154.2680346474927,227.42470519272965,9.849597854013926,116.44584851047432,173.1158772131765,107.12314709018533,166.56848685439292,Looking
335,0.27337890625,0.04294861111111111,0.2933578125,0.24276111111111112,0.41340000000000005,0.24600972222222223,0.17331640625,0.23951250000000002,0.46092734375,0.5497666666666666,0.09450234375,0.5207708333333333,0.4392765625,0.8057152777777777,0.08216328125,0.7799263888888889,146.12021268120301,153.67180169764399,227.008313173769,153.670801813487,226.24291803280826,10.079439805344277,116.48101492064247,163.30797007592946,105.54444414684208,171.4477834341597,Looking
336,0.27608984375,0.02989027777777778,0.28963828125,0.2430125,0.40804999999999997,0.2368222222222222,0.17122656249999998,0.24920277777777777,0.46267031249999996,0.5523736111111112,0.09006328125,0.5252625000000001,0.44777734375,0.7792250000000001,0.117778125,0.80725,154.42484796171888,151.63251741628503,237.71084158069021,151.6325174162851,224.27584464226194,6.447950988034404,117.59506784617543,170.3368457884426,107.10439474133821,173.34298513071056,Looking
337,0.26074140625000003,0.04937222222222223,0.289703125,0.24153888888888886,0.40948046875,0.23719583333333333,0.16992578125,0.24588194444444444,0.46531015625,0.5537583333333334,0.09098437499999999,0.5289,0.45341796875,0.8142513888888888,0.09858515625,0.8078236111111111,143.24017816590427,153.34688570036235,238.86528225968715,153.34688570036235,227.45005507583417,14.999053295211555,116.37545198058388,167.28168608696961,107.40792753546982,175.36003342667567,Looking
338,0.26873281250000003,0.040358333333333336,0.2871546875,0.22976805555555554,0.40709453125,0.22719305555555558,0.167215625,0.23234166666666667,0.460959375,0.5333902777777778,0.0927140625,0.5226652777777778,0.46183671875,0.8462958333333332,0.103784375,0.7806375,138.39854415780536,153.5341943835314,230.99173633054494,153.5331823841348,229.7579294235566,9.809769280564232,114.52273151824716,168.37817274437455,107.36648369186297,179.7144034075918,Looking
339,0.26794375000000004,0.05746111111111111,0.29479765625,0.2280527777777778,0.41623515624999996,0.22664722222222222,0.17336093749999998,0.22945694444444445,0.46374296875,0.5387722222222222,0.0930015625,0.5205,0.44496718749999997,0.855023611111111,0.1045671875,0.8162513888888889,127.54500933004003,155.44329430374273,232.81200355651768,155.44228781769783,233.43479003995952,15.634338844045262,116.14452977905407,168.2269238233958,105.14115152447897,173.97494896918232,Looking
340,0.2657078125,0.04427222222222223,0.29504296874999997,0.2172333333333333,0.42199140625,0.2156708333333333,0.16809453125,0.2187972222222222,0.46693281249999996,0.5350402777777777,0.0939609375,0.5163875,0.46309296875,0.8462833333333333,0.0957453125,0.7875986111111112,130.0697752169965,162.49789432789586,237.03225211139517,162.49790125413926,234.3369200659597,16.779156438069194,113.88699494734126,167.25822014804513,104.0452718816339,178.74355244806083,Looking
340,0.26954140625,0.02077638888888889,0.28685312500000004,0.20789861111111113,0.40489296875,0.22569305555555555,0.16881328125,0.19010416666666666,0.46797656249999997,0.5754791666666667,0.07920546875,0.48210138888888887,0.48282968750000005,0.9323263888888889,0.08057734375,0.8004708333333335,136.53810920398746,151.63323390668683,264.47397929664083,151.63323390668685,239.49039197429195,9.33993900040429,118.61523303180263,165.5869349260635,107.77691745103633,175.7680080608374,Looking
341,0.27763046875,0.046858333333333335,0.29062031250000003,0.20864444444444444,0.4160828125,0.20308888888888887,0.16515859375,0.21419861111111113,0.4614375,0.5080666666666667,0.09758984375,0.5158513888888889,0.46513671875,0.7949208333333333,0.11090234375000001,0.7958805555555556,117.66667040840409,160.64180795795343,227.12859787353946,160.6407833708489,233.77696688082852,8.123422670409871,111.71311698602136,170.5847824091902,104.80912270370634,178.6866729595471,Looking
342,0.27280000000000004,0.03041527777777778,0.29237734375,0.19406944444444443,0.4212859375,0.19158611111111112,0.16346953125000002,0.19655277777777777,0.46659296875,0.5156833333333333,0.09691796875,0.5175180555555555,0.47944062499999995,0.8748500000000001,0.09531015625,0.8257958333333333,120.4661696992147,165.012687248587,240.4483531842129,165.01168730729347,246.29566301703323,12.00616318343281,110.23484318164566,169.10007823497992,103.95660448185032,176.36132233763004,Looking
342,0.46013671875,0.12248888888888888,0.3911015625,0.17552916666666668,0.45338828124999997,0.2614652777777778,0.328815625,0.08959305555555556,0.46906875000000003,0.5378875,0.23915156249999997,0.16114305555555555,0.453159375,0.7968763888888889,0.24657734375,0.10259027777777777,96.26407920922529,100.91970275917382,200.03349123834238,100.91891275672761,125.80163415472792,66.62728484712993,155.8264553181799,95.08020789662172,95.75864573314786,173.76761221122385,Looking
343,0.285490625,0.04397638888888889,0.29151328125,0.1976486111111111,0.42073906250000004,0.20046805555555555,0.16228828125,0.19483055555555553,0.4637203125,0.5229291666666667,0.093484375,0.5001249999999999,0.5044257812499999,0.8680569444444444,0.09015,0.8248236111111111,110.91223294569448,165.42145622923292,238.60133662659982,165.42044403579624,236.79836170252528,3.9855799908994722,111.83380465371164,168.49368626742498,103.33104935717007,168.15795950786222,Looking
344,0.2784625,0.03262083333333333,0.28952890625,0.17223888888888889,0.41415859375,0.17252083333333335,0.16489921875,0.17195833333333332,0.4657234375,0.46874861111111116,0.0876296875,0.4776944444444444,0.46127812500000004,0.7619,0.09724140625,0.7533402777777778,101.51809124486138,159.52612916071155,223.26320938524555,159.52612789132692,241.32843994233252,8.020753303350942,114.19451151897492,168.31113775202166,107.19523747921501,178.45579386402628,Looking
345,0.28179609375000003,0.03807638888888889,0.29155234375,0.16545416666666665,0.423525,0.16593888888888889,0.1595796875,0.16496944444444445,0.47129453125,0.4758611111111111,0.08901796875,0.4743972222222222,0.47933984374999994,0.7641763888888888,0.1040359375,0.7666930555555556,92.55831182557296,168.9253605175966,231.3697382135356,168.92536051759666,240.39969780555046,7.754014250011979,112.067798079368,170.68067332531024,105.32381664031875,177.15999250992994,Looking
346,0.2720359375,0.03347222222222222,0.29391953125,0.1619888888888889,0.4215625,0.16220555555555555,0.1662765625,0.16177222222222223,0.47503906249999994,0.47436527777777776,0.0866703125,0.4537125,0.47677031249999996,0.7768958333333333,0.0843359375,0.7010583333333333,96.67878332395375,163.38307447529567,234.94725477221476,163.38307447529562,233.59275165338502,16.841950791399942,115.86245094936046,164.883991208805,106.93831590426666,179.41712468281602,Looking
347,0.26841953125,0.040140277777777775,0.2926375,0.1497263888888889,0.420059375,0.14738194444444444,0.16521484375,0.15207083333333332,0.4812140625,0.46045138888888887,0.07783359375,0.4510513888888889,0.41929296875000005,0.7659083333333333,0.14519921875,0.7367402777777777,84.77301224446376,163.10873472625556,238.614989856044,163.10973467270432,242.58900605757054,21.44885966583372,117.45550534842435,176.51724029028742,109.15055071169807,160.18162397852944,Looking
348,0.27119218749999996,0.018565277777777778,0.29200859375,0.1456388888888889,0.42095078125,0.1395236111111111,0.163065625,0.15175555555555556,0.48535078125000003,0.45064305555555556,0.07402890625,0.44350694444444444,0.45020703125,0.7461569444444444,0.15604374999999998,0.6930388888888889,95.29388791522781,165.10471987499326,238.69168954951073,165.10574619013116,238.98556611226542,16.236852023406517,118.48170824580076,178.67885171496914,110.20311776879814,168.0622766555136,Looking
349,0.26896015625,-0.008930555555555554,0.2813,0.1455986111111111,0.40361796875,0.14920277777777777,0.15898203125000002,0.14199444444444445,0.4743609375,0.4702152777777778,0.07831796875,0.4509,0.42446171875000005,0.7231722222222222,0.17058515624999998,0.7001055555555555,112.37656404250843,156.58850377342517,248.23395868011292,156.58850377342523,245.2094211974736,8.079917672202455,114.90207424083904,177.88331237783333,111.39409784058364,160.67469098161564,Looking
350,0.273778125,-0.024162499999999996,0.27810625,0.13933194444444444,0.404225,0.13815833333333333,0.15198671875,0.14050555555555555,0.47498984375,0.43648888888888887,0.07714375,0.4623708333333333,0.41847500000000004,0.756575,0.16757265625,0.7109902777777778,117.84629080289291,161.43421151973953,233.11528488067873,161.43521150604042,250.76336744030218,2.6944899783233116,112.45945038051562,177.21934017509315,112.86485464971565,162.57361078855683,Looking
351,0.30736796875,-0.009777777777777778,0.28449843750000003,0.15066527777777777,0.41772578125,0.16160416666666666,0.15127109375,0.13972638888888889,0.46601640624999996,0.5109666666666667,0.0838953125,0.4499347222222222,0.433896875,0.8091402777777777,0.12836875,0.6892083333333333,119.17024750330931,170.71278023920758,259.0243193698229,170.71278023920763,239.42166272290396,14.219669003091084,111.11281708448747,175.7622662351894,103.80592981234831,169.15889483111218,Looking
352,0.32819296875,-0.0011944444444444444,0.28532421874999997,0.1396,0.41776718749999997,0.1426736111111111,0.15288125,0.136525,0.46648515625,0.4797430555555556,0.09191953124999999,0.47984444444444446,0.43107187500000005,0.7517638888888889,0.16448671875,0.7420944444444444,115.27019895879421,169.5414436000826,250.57350414798452,169.54145665588695,259.21368224111933,28.426393277566792,107.51945584296813,178.0486692793291,104.4103647795616,166.9688110116478,Looking
353,0.30269765625,0.020233333333333332,0.29052265625,0.15356527777777776,0.42308203125,0.1509763888888889,0.15796328125,0.15615555555555555,0.47652968749999997,0.45008055555555554,0.09009453125,0.46749166666666664,0.45003203125,0.7596541666666667,0.16933515625,0.7085625,97.25568907267069,169.6862383105948,225.96042705305723,169.68624929852155,240.40662767070293,9.220676774459779,111.18339954882936,177.90405794437316,107.62377565876812,171.34783506508063,Looking
354,0.29343906249999996,0.03285972222222222,0.28901796874999997,0.1572861111111111,0.4157046875,0.15386111111111112,0.16233046874999998,0.1607111111111111,0.4811234375,0.4491069444444445,0.08309375,0.4689263888888889,0.43102890625,0.6847555555555556,0.18123125,0.6802694444444444,89.76555491946785,162.17774951268746,228.47472207007937,162.1787493970773,243.9936313800014,3.614437300405025,114.56207621618661,176.29966410659466,111.49992832825843,159.29728638812873,Looking
355,0.2868984375,0.021168055555555555,0.290440625,0.17052777777777778,0.41395859375,0.17225833333333332,0.166921875,0.16879722222222224,0.48256718750000005,0.47287222222222225,0.08784296875,0.4707736111111111,0.44452265625000004,0.6427180555555556,0.1769671875,0.7017916666666667,107.63453756578323,158.10790974837403,233.57935723218353,158.10890971732113,239.83004767960168,2.414243219506777,114.9642723102269,178.0809847019963,112.08432220266516,158.28693813190185,Looking
356,0.28824921875,0.008612499999999999,0.28699140624999997,0.16874027777777778,0.410209375,0.17135972222222223,0.16377265624999998,0.16612083333333333,0.48683828125,0.44529027777777774,0.08132109374999999,0.4892597222222222,0.46835859375,0.1716888888888889,0.1619765625,0.7276166666666667,115.30324090848444,157.73027596818562,220.27333048964414,157.73127589669716,255.477875840551,0.8000573279560459,114.39974333555583,179.67417988849155,116.44174582929848,6.847028344668751,Looking
357,0.28995859375,0.01512361111111111,0.287653125,0.16998888888888888,0.41466875,0.17331527777777778,0.16063828125,0.1666625,0.4789140625,0.47105138888888887,0.08234375000000001,0.49126666666666663,0.4537765625,0.5798055555555556,0.16749140625,0.7231652777777777,111.54204323930954,162.59763966614022,229.60167171865277,162.5966397746276,254.29539577821694,1.5160164809379302,113.20965526715706,178.74584257767134,110.98720223439562,157.66142729080826,Looking
358,0.2840484375,0.02019722222222222,0.28926093750000004,0.16703055555555554,0.412165625,0.16985,0.16635625,0.1642111111111111,0.48572109374999994,0.45935000000000004,0.07685546875,0.4709875,0.43668984375,0.6895375,0.1685078125,0.7045111111111111,105.93032608276064,157.33109681178732,228.71738980890808,157.33109681178735,248.8207293655414,3.61115331018175,117.4139428241956,179.5943870154953,114.30838628971428,159.25948553013163,Looking
359,0.29278593750000004,0.04180138888888889,0.28968046875,0.17170555555555556,0.42024453125,0.17761805555555557,0.159115625,0.16579305555555554,0.4811140625,0.4896069444444444,0.08402578125,0.4951013888888889,0.43425390625000004,0.7641416666666667,0.1849609375,0.7062694444444445,93.61542920907857,167.17620923145734,237.7603225792731,167.17720890719525,255.84263059349593,2.4335648257180047,112.06635701594149,175.1408288413133,109.12896438327171,163.11969729200075,Looking
360,0.30171015625000003,0.017419444444444446,0.287128125,0.1688138888888889,0.41121015625,0.17127638888888888,0.1630453125,0.1663513888888889,0.47303671875,0.4759166666666667,0.0905390625,0.4907361111111111,0.42315625,0.7074888888888888,0.16941015625,0.7016847222222222,110.59047988412024,158.8348958950772,233.18082538021858,158.83589583277453,251.32090464782272,9.716650841258367,111.67127294636732,178.78912614432377,109.8393899452091,159.04656339513164,Looking
361,0.30186796875,0.027294444444444448,0.29024843749999996,0.1737277777777778,0.414709375,0.1749125,0.16578828125,0.17254444444444444,0.47028671875,0.48749027777777776,0.08981484375,0.4771944444444444,0.43463515625,0.7915749999999999,0.14990390625,0.7099402777777778,106.47587873786252,159.3122836098962,236.03169375530905,159.3112782730714,239.9381787461095,8.02957379969301,113.90968150662295,176.99200793014282,107.5414672918677,168.2263710247736,Looking
361,0.41377109375,0.2044861111111111,0.330528125,0.19398749999999998,0.435828125,0.2467472222222222,0.22522890625,0.14122916666666668,0.4509234375,0.5311611111111111,0.09031171875,0.4289027777777778,0.41454531250000004,0.8426777777777777,0.1261859375,0.7879555555555555,106.8187908656524,140.03477719838025,205.6875518061314,140.03354342799443,269.6738460826337,94.05791039367354,129.82023357979423,164.76991384551206,95.3902326915587,168.27174587713301,Looking
362,0.28821093750000004,-0.022318055555555553,0.2874625,0.1718513888888889,0.413478125,0.17650694444444442,0.16144609375000002,0.16719583333333332,0.4701171875,0.4812527777777778,0.0872,0.4896277777777778,0.43693984375,0.7514027777777778,0.17775234374999999,0.6793833333333333,139.80528233224953,161.334825453155,231.08392391726434,161.3358252372981,250.85003094677901,0.3926159686102191,112.26258214540876,176.7606182136075,108.28417266083125,167.68386081557603,Looking
363,0.28312109375,0.025125,0.2875359375,0.1695875,0.410353125,0.16458333333333333,0.16471796875,0.17459305555555554,0.47178906249999997,0.45783749999999995,0.0886875,0.4780013888888889,0.4280859375,0.7271583333333334,0.17856171875,0.6917333333333333,104.1663955889806,157.24728310848485,225.31156537781186,157.24830576193818,239.1508684429141,3.109807861569765,114.01247823186579,177.2753047467523,110.4273198360071,163.9080558302119,Looking
363,0.33643125,0.08905833333333334,0.29976171875,0.17473611111111112,0.41859531250000004,0.19650416666666667,0.180928125,0.15296944444444446,0.4553109375,0.5363916666666667,0.09012578125000001,0.44209583333333335,0.44049609375000004,0.8502263888888889,0.11972109375,0.7766861111111112,77.5144587351289,152.91233559788435,249.19071607305116,152.91223310448382,238.41954779338042,37.26668323636056,119.17569963417175,170.10387651643342,100.87077253249821,175.2028893749125,Looking
364,0.28246171875,-0.009208333333333334,0.28798359375000004,0.17534305555555554,0.40968984375,0.17242222222222223,0.16627734375,0.1782638888888889,0.47594062499999995,0.46986805555555555,0.08811250000000001,0.48363055555555556,0.43802421875,0.7274999999999999,0.206753125,0.6757347222222222,133.06484792386007,155.79819403638797,230.3391923273154,155.798194036388,241.55823541539627,3.044810463798559,114.46831583869199,171.76950382482315,111.60200325799136,165.33777826496302,Looking
364,0.44772734375,0.11066666666666668,0.38688515625000003,0.16676388888888888,0.44649218749999997,0.26088333333333336,0.32727734375,0.07264305555555556,0.451465625,0.5313722222222222,0.22116875,0.15426388888888887,0.417965625,0.7694402777777777,0.28564921875,0.08552916666666667,87.72875802152905,102.04637654027701,194.8560172537661,102.04778828078538,147.98770573936204,62.58731378740673,156.60253333062533,99.8775143688581,91.87220211932139,165.9550266874624,Looking
365,0.2695515625,0.002025,0.28776406250000003,0.1863263888888889,0.40772578125000003,0.18968333333333334,0.16780234375,0.18297083333333333,0.475984375,0.49155138888888883,0.092690625,0.49028055555555555,0.41618281250000005,0.6562194444444445,0.2136078125,0.6647680555555555,134.72914737724722,153.57002145601203,234.24888615743723,153.57000572051825,241.24840231180806,9.963957014364404,113.4858669063061,170.406700633085,111.89974360119808,147.1526835721221,Looking
366,0.27745156249999997,-0.0014180555555555554,0.28380546875,0.18311666666666665,0.403859375,0.18441666666666667,0.16375078125,0.18181666666666665,0.47301093749999995,0.4885555555555555,0.0919375,0.5032027777777778,0.43682968750000006,0.7222180555555555,0.20719531249999998,0.6838055555555556,133.1136879287776,153.67185056802046,236.19265144368902,153.67285054947084,248.98695677685606,3.502847755186594,111.66505348704882,171.2532063900191,112.00907248848345,164.60892401057288,Looking
366,0.44655546875,0.11684027777777778,0.385159375,0.1771388888888889,0.44855703125,0.2729,0.3217609375,0.08137638888888889,0.45673359375,0.5036347222222223,0.20409921875,0.21722638888888887,0.43327890625,0.6456416666666667,0.2739890625,0.12204305555555554,89.781840001194,106.48467920316048,166.45834853500142,106.48608876750055,179.58189160658708,61.08176133176564,146.99821508669064,115.58688134202971,93.60482627621141,163.63628149015105,Looking
367,0.27194296875,0.0021125,0.28762890625000004,0.1822486111111111,0.40664609374999994,0.18408194444444442,0.16861171875,0.18041666666666667,0.47123828124999995,0.4976180555555556,0.0935,0.48613055555555557,0.43301484375,0.6797166666666666,0.20564609374999998,0.6770763888888889,131.2428942381263,152.34771860451335,240.40987542112327,152.34770994340548,240.19502377235045,8.799865734342932,113.59509444365086,172.44870579764145,110.11492707320583,159.5361998390425,Looking
367,0.44996093750000005,0.11745555555555555,0.3915609375,0.1847847222222222,0.45359296875000005,0.28835694444444443,0.32952890625000003,0.08121249999999999,0.45997109375,0.5105388888888889,0.21294062500000002,0.1547625,0.44309140625000004,0.7339069444444445,0.27887578125,0.09179166666666667,89.09478678912706,108.9288849892443,160.17918634142205,108.92888498924421,158.35032751781728,57.03641422670225,160.4625420667697,96.70045368986385,92.92151253776815,172.34842455936177,Looking
368,0.26298828125,0.008634722222222222,0.2879875,0.18626111111111113,0.4075234375,0.1857888888888889,0.16845078125,0.18673333333333333,0.46955468749999996,0.4861930555555556,0.0898578125,0.48266388888888884,0.441575,0.6812986111111111,0.18032578125,0.6963472222222222,131.83339441127958,153.00637776249718,230.40433303434207,153.00737776002833,235.6246670045392,14.047311286696425,115.27389873128872,177.62783866103604,110.15808664575859,165.69727448112428,Looking
369,0.28165234375,-0.0065472222222222225,0.28681875,0.1963166666666667,0.40639921875,0.19451805555555554,0.1672390625,0.19811527777777777,0.463021875,0.5273652777777778,0.09917578125,0.5192,0.42170312499999996,0.7339222222222221,0.19620625,0.7179555555555556,146.21162612118096,153.0684781200885,250.3698025501478,153.06747815587735,247.0520661763427,2.5923129464811274,110.64901321748202,174.34253529500927,106.82681488743822,160.42365165616624,Looking
370,0.264034375,0.008195833333333333,0.28621796875,0.19279305555555556,0.40559218750000003,0.19381666666666666,0.16684375,0.19176944444444446,0.46289921874999995,0.5262375,0.0926109375,0.48703472222222227,0.4106703125,0.7665972222222223,0.15796328125,0.7104916666666666,135.9093231717383,152.800777386766,250.33124906411504,152.80077738676593,232.85908529623663,12.059424303806457,114.08235721729368,178.25672019643392,107.03907021525244,158.8783646172688,Looking
371,0.26555703125,-0.008248611111111111,0.28549296874999996,0.19043055555555558,0.40460078125,0.18921805555555554,0.1663859375,0.19164166666666665,0.46434687500000005,0.5162847222222222,0.0970015625,0.4986694444444444,0.4010703125,0.7586263888888889,0.15759453125,0.7310791666666666,145.30720809718972,152.4604994514973,247.5944744314784,152.45949374506003,238.2332784142467,10.114399077966812,111.88805041561326,178.3404289748614,107.99126500149866,155.09992018880828,Looking
372,0.2590296875,0.01913888888888889,0.286384375,0.1961416666666667,0.405925,0.1930625,0.16684375,0.19921944444444442,0.46222031250000006,0.5134722222222222,0.0990484375,0.5048152777777778,0.4150078125,0.7443833333333334,0.1573796875,0.7351388888888888,132.16445649265918,153.02806027980614,241.68686019103316,153.02804579553384,236.52311118577822,15.362645310086531,111.52395221373183,178.20181004208862,107.34628886249291,160.02442022080044,Looking
373,0.26404296875,0.006781944444444445,0.28648125,0.19391666666666668,0.406553125,0.19683472222222223,0.166409375,0.1909986111111111,0.46375,0.5158944444444444,0.10199296875,0.5045805555555556,0.42137734375,0.7834597222222223,0.1595546875,0.7341194444444444,137.76412816840238,153.7063598716722,241.10714148071187,153.70635987167222,240.36358719656351,12.033263395371682,110.06185968041193,178.71465876234083,107.67691733058199,164.27619602977774,Looking
374,0.26614296875,0.005377777777777777,0.28829921875000003,0.1985125,0.40582343749999994,0.19570555555555555,0.170775,0.20131944444444444,0.4595625,0.515836111111111,0.10164218750000001,0.5111277777777777,0.4133265625,0.7893291666666666,0.19684531249999998,0.7198597222222222,141.91948016040647,150.44457518302207,240.5389736238184,150.44457518302215,239.9731983868199,11.527112956854882,111.63851715817269,174.89246523788478,106.61660761759046,163.27206378641165,Looking
375,0.25812421875,0.005969444444444445,0.28563671875,0.19705555555555554,0.40302734375,0.19938333333333336,0.16824531250000002,0.19472777777777778,0.45931249999999996,0.5128305555555556,0.10092578125,0.4967875,0.40299609375,0.7632180555555557,0.15431796874999998,0.7347236111111111,142.0175108217293,150.26934676107433,236.90261110633625,150.2703466988747,233.9315110240602,14.357385481441819,111.61397983535366,177.37473034732793,107.70476625037966,158.2058787631919,Looking
376,0.26110859375,0.010047222222222223,0.28696640625000003,0.1930236111111111,0.405446875,0.19321805555555555,0.16848593750000002,0.19283055555555556,0.46165703125,0.5070347222222222,0.09612343749999999,0.4874763888888889,0.40659999999999996,0.7626902777777776,0.155715625,0.7275055555555555,135.83701871360398,151.65506462034162,237.1268801823193,151.65506370049104,231.48370655620667,14.102636854932147,113.58642030352812,177.56863054913535,107.66312291751586,159.0503745427929,Looking
377,0.28546484375,0.023643055555555556,0.2864296875,0.18748333333333334,0.40638671875,0.19180972222222223,0.16647265625000002,0.18315694444444444,0.4610234375,0.5102097222222223,0.10017109375,0.4969986111111111,0.42351796875,0.7665486111111111,0.20816875,0.6802277777777778,117.97146455817187,153.5765940825619,239.678012610669,153.57659408256194,241.37703103650938,0.5998194605026982,110.5846607963602,171.5181922613662,106.9649893624099,165.41986364558983,Looking
378,0.290646875,0.044819444444444446,0.2859375,0.18710555555555558,0.4070421875,0.19371388888888888,0.16483281249999998,0.18049722222222223,0.4622046875,0.5188763888888889,0.1005984375,0.5093736111111111,0.43916328125000004,0.8265347222222222,0.2029625,0.7174555555555555,102.6231927977297,155.0870038397802,244.5327367715824,155.0870038397802,250.65934269641738,3.3674442200501513,109.14833239813827,172.80498903916748,106.78293256614876,172.41608149491148,Looking
379,0.30222890625,0.04690833333333334,0.2871484375,0.18569305555555557,0.41217421875,0.18948472222222223,0.16212265625,0.18190138888888888,0.4650546875,0.5104069444444445,0.104590625,0.5287888888888889,0.43259140625,0.8393333333333334,0.22656562500000002,0.7032138888888889,101.77235102914742,160.05628381603762,240.7739646743393,160.05628381603768,260.3892374158348,10.933433622568943,106.42805947603867,167.60552606334014,106.3272156711087,170.0483397811282,Looking
380,0.28039140625000003,0.05495833333333333,0.28860078125,0.18668472222222224,0.40975859375,0.1931375,0.16744296875,0.18023055555555553,0.4672484375,0.5086847222222222,0.096871875,0.4947958333333333,0.43927812499999996,0.824325,0.20296562499999998,0.6886652777777778,95.42333421653218,155.15157762652623,238.8140703664673,155.15160757465583,243.83611449086044,6.322222476629321,111.74385615422194,172.9196982130956,107.94687948436179,171.047376701384,Looking
381,0.27846953124999996,0.05444444444444445,0.28942265625,0.18925833333333333,0.40989609375,0.19051805555555557,0.1689484375,0.18799861111111113,0.46255703125,0.5103722222222222,0.0972328125,0.5038236111111111,0.4250109375,0.8014652777777778,0.20677265625,0.6901875,98.07328257991571,154.208667347202,239.95698752276417,154.20966732990513,245.22344270481153,8.218836622672766,111.98328894445956,172.37346262378642,106.31444489257404,167.0851512495575,Looking
382,0.29256015625,0.025681944444444445,0.28591328125,0.17936666666666667,0.40633828125000004,0.18118888888888887,0.16548828124999998,0.17754444444444445,0.46125,0.4858444444444444,0.09963203125,0.49768472222222226,0.42494921874999997,0.7252583333333333,0.19312109375,0.7038569444444445,110.97960386034904,154.14958345710838,230.3379305998037,154.14958345710832,245.43130732854766,4.396765134528504,110.08785732166534,174.66757131211838,107.76702666821416,164.91430075779328,Looking
383,0.286646875,0.0629375,0.28345546875,0.18568472222222224,0.4051390625,0.19027916666666667,0.16177109375,0.18109166666666665,0.46094609374999995,0.5108458333333333,0.1033671875,0.5236847222222222,0.42300078125,0.8144208333333334,0.23959843749999998,0.6809694444444444,88.47235788086584,155.79012449125267,241.60920171425593,155.79110303544292,257.74642177535657,2.6464367880316613,106.86040369882373,164.52859790160204,107.19682599800042,167.4716918892759,Looking
384,0.28196796874999996,0.013777777777777778,0.28751171875,0.19025416666666667,0.40685312500000004,0.19060416666666669,0.16816953125,0.18990416666666665,0.46326328125,0.5079666666666667,0.09812968749999999,0.47462916666666666,0.42479609375000005,0.7523347222222223,0.12851484375,0.6966249999999999,127.26098846465086,152.75720785940027,239.63778714134375,152.7582078580395,223.7478978783935,3.1964377364977805,113.6206094400609,172.07960037425235,107.53623614859407,164.36578629750244,Looking
385,0.27936015625,0.019629166666666666,0.2849453125,0.19105138888888887,0.40362109375,0.1953375,0.16626875000000002,0.1867652777777778,0.46114140625,0.5036125,0.09886796875000001,0.4855097222222222,0.40675937500000003,0.7326541666666666,0.18900703125,0.6969944444444445,123.6308698384024,151.93634331850953,233.85068235949194,151.93734311221849,231.75271248682293,3.3149984696433736,111.85526087212322,175.47012458276214,108.35127147622843,157.11524769674645,Looking
386,0.2563734375,-0.0019555555555555554,0.28657187500000003,0.19230277777777777,0.40606093750000005,0.1958527777777778,0.1670828125,0.1887513888888889,0.46339296875,0.5107291666666667,0.09071875,0.49976944444444443,0.40294140624999997,0.6926194444444445,0.16667656250000001,0.722525,145.10902684533445,152.9673561646406,238.29233253715907,152.96737287735579,244.33638493887887,15.448910353102534,113.58110703977023,179.92247601026074,107.93645820609886,149.42338213365002,Looking
387,0.25674609375,0.0014833333333333335,0.28436875,0.1878611111111111,0.39982734375,0.18152638888888892,0.16891015625,0.19419722222222222,0.45944609375,0.48105138888888893,0.097003125,0.49475555555555556,0.4149,0.7017083333333334,0.15841328125,0.7199916666666667,138.77179220936793,147.85736400328526,228.76165392827534,147.85739485396056,235.1624359565107,14.760858117560336,113.04122192351146,177.9673533552829,109.48665992258607,160.25710363429468,Looking
388,0.257215625,0.008504166666666667,0.28847734375,0.20097777777777778,0.40875078125000003,0.1975652777777778,0.16820390624999998,0.20439166666666667,0.46587578125,0.5119486111111111,0.09883046875,0.49428055555555556,0.40798515625,0.7047986111111111,0.12921796875,0.6723416666666667,144.242482597881,153.9696052764961,237.8730189323707,153.96962123743762,226.82399168518307,16.105972531107255,113.04687977794282,171.57513876516467,107.90206380525818,151.91286565598386,Looking
389,0.26370078124999996,0.003958333333333334,0.29058515625000003,0.19424305555555554,0.41291874999999995,0.19373194444444444,0.16825234375,0.1947527777777778,0.47222734375000003,0.5096833333333333,0.09369609375,0.49807222222222225,0.41803125,0.6836833333333333,0.169003125,0.708061111111111,141.26059524510012,156.58743242355044,239.8176650082308,156.58643007936544,238.33056607158053,14.099497498027208,113.60435199453562,179.8510178525503,108.45459213962725,151.02548849925103,Looking
390,0.258246875,0.0166,0.289815625,0.19384305555555556,0.408259375,0.1939513888888889,0.171371875,0.19373611111111114,0.467171875,0.49292083333333336,0.09529375,0.48662361111111113,0.40967578125,0.6927486111111111,0.166578125,0.7046347222222222,133.8596081310565,151.6080200649029,228.08413585341705,151.60801955371622,232.27745702284588,17.56986458010537,114.78661451667087,179.0443464249465,109.30609799378064,152.9094902196431,Looking
391,0.26021484375,0.009377777777777778,0.28926953125,0.19647222222222224,0.40920703124999996,0.1961361111111111,0.1693328125,0.19680694444444444,0.4651953125,0.494175,0.0934984375,0.4823569444444445,0.4064109375,0.6865694444444445,0.15901171875,0.7067680555555556,139.7474198831592,153.5201907372447,226.2385510230297,153.5191891653939,227.3585534788608,15.43369120200696,115.27339258541855,177.93936314139324,108.46754378307345,151.48990504856374,Looking
392,0.2810015625,0.016675,0.2903171875,0.1960263888888889,0.4064609375,0.1941625,0.17417421875,0.19789027777777776,0.470090625,0.49566944444444444,0.09234765625,0.4919055555555556,0.4081125,0.7123194444444445,0.174553125,0.725775,129.68235602810432,148.6700570390689,231.8606222302528,148.66905707981064,236.1845213493044,5.275669277974395,116.32474706535201,179.92688734656056,110.56509792826071,153.04313185033251,Looking
393,0.28380937500000003,0.009487500000000001,0.28669218750000003,0.19167222222222222,0.40499140625,0.19846250000000001,0.16839296875,0.18488194444444445,0.4688734375,0.5045138888888889,0.0946546875,0.4939388888888889,0.40403515624999997,0.7290347222222222,0.16977265625,0.7189263888888888,131.22489104205803,151.5019051035333,235.0390963435658,151.5019051035333,241.7108265386555,1.6113505373243824,112.98482195635277,179.73685181434064,110.35863697643514,152.82422573435673,Looking
394,0.28140234375,0.04765,0.28892421874999996,0.19791666666666666,0.40738125,0.1994097222222222,0.1704671875,0.196425,0.46451015625,0.5030958333333333,0.0924984375,0.4995916666666667,0.4108625,0.7421361111111111,0.16622421874999999,0.7179249999999999,108.6195527886209,151.6288107517829,230.55766597751634,151.62880366539858,240.0129129859475,5.0853524392381315,114.57039694532419,179.17132289099897,108.4916090617723,158.24871583170045,Looking
395,0.27647499999999997,0.019508333333333332,0.2893921875,0.1988722222222222,0.4075828125,0.20604999999999998,0.17120156250000002,0.19169444444444445,0.47386875,0.5100708333333333,0.09155546875000001,0.49409583333333335,0.40676015625,0.7496958333333332,0.1694296875,0.7243263888888889,130.19611868254754,151.37224606908626,234.76342291975553,151.37224606908626,240.4144510007666,7.295865528498799,115.0903494916022,179.6611551311675,111.18685383403502,153.5322677564411,Looking
396,0.27573046875,0.020733333333333333,0.288159375,0.19159027777777776,0.40615625,0.19386805555555556,0.1701625,0.18931250000000002,0.464378125,0.5029625,0.0953765625,0.49058888888888885,0.4108421875,0.7099083333333334,0.16183359375,0.7214611111111111,124.0414389226439,151.04490357506273,234.6943520411175,151.04490357506273,237.10191824825034,7.368797449432746,113.81178940548108,178.40616593805768,108.51400213833189,155.30215919935748,Looking
397,0.26295390625000004,0.00019999999999999998,0.28740703125,0.18736111111111112,0.40685937499999997,0.18647916666666664,0.1679546875,0.18824444444444444,0.46787578124999996,0.4857611111111111,0.09018437500000001,0.4946263888888888,0.40995781249999996,0.6955083333333334,0.15912734374999998,0.7333277777777778,138.34330318450546,152.90031859352027,229.20010796245276,152.90032274982283,242.01561962195743,13.076320265809414,114.28781729789871,178.35089885730093,109.92285740340112,153.85349783759645,Looking
398,0.251190625,0.004638888888888889,0.28383359375,0.18959444444444445,0.40199921875,0.186925,0.16566875,0.1922638888888889,0.4680765625,0.4915555555555556,0.09563203125,0.5254347222222222,0.40782421874999997,0.7187041666666667,0.19426796875000002,0.7411513888888889,139.56910586874162,151.26421119352716,235.07660623082003,151.26321127425533,256.08677884264154,17.419852465840243,110.49128649992798,174.7078344677468,111.08750557393024,154.75308740839904,Looking
399,0.27162265625000004,0.02526388888888889,0.28824296875,0.19385833333333333,0.406821875,0.19747083333333335,0.16966484375,0.19024583333333334,0.4628015625,0.50055,0.09561953125,0.4966194444444444,0.4032828125,0.7440819444444445,0.15366640625,0.7349888888888889,123.2381013323396,151.80328442428373,229.68011408260838,151.80228457108282,240.08826752884028,9.940488054615384,113.25120295504762,177.01123473111895,108.1781744461101,156.5157501159161,Looking
